# Blender 5.2.0 LTS
# www.blender.org
mtllib void knife black.mtl
o RenderMesh_87127434278076.001
v 0.004329 -2.929245 -0.012383
v -0.017543 -2.237957 -0.142560
v 0.003145 -0.809511 -0.023595
v 0.006685 -1.008568 -0.027119
v 0.005470 -1.083702 -0.029374
v 0.002913 -1.008568 -0.028237
v 0.010262 -1.227142 -0.032521
v 0.007208 -1.246197 -0.033998
v 0.003763 -1.227144 -0.034446
v -0.000963 -0.424130 -0.012627
v 0.004945 -0.705087 -0.020369
v -0.000546 -0.705088 -0.022004
v 0.008898 -0.965338 -0.025065
v -0.000237 -0.965338 -0.027779
v 0.018801 -1.414996 -0.038162
v 0.014548 -1.422535 -0.040514
v 0.013316 -1.210094 -0.030615
v 0.010083 -1.430068 -0.042263
v 0.000477 -1.415007 -0.043593
v 0.000096 -1.210097 -0.034537
v 0.005355 -1.422541 -0.043235
v -0.010862 -0.809392 -0.000781
v -0.016126 -1.008401 0.002774
v -0.016364 -1.083517 0.006189
v -0.013417 -1.008402 0.005624
v -0.022391 -1.226914 0.008157
v -0.020525 -1.245961 0.011175
v -0.017724 -1.226913 0.013064
v -0.010579 -0.705001 -0.005661
v -0.006636 -0.704991 -0.001506
v -0.016923 -0.965189 -0.000598
v -0.010363 -0.965182 0.006307
v -0.032987 -1.414714 0.010923
v -0.030493 -1.422230 0.015161
v -0.024047 -1.209882 0.004794
v -0.027518 -1.429750 0.018986
v -0.019829 -1.414681 0.024760
v -0.014555 -1.209869 0.014780
v -0.023892 -1.422218 0.022099
v 0.046272 -1.560143 -0.023689
v 0.048256 -1.563270 -0.017448
v 0.063423 -1.647080 -0.020570
v 0.060878 -1.646199 -0.028771
v 0.049301 -1.560051 -0.011026
v 0.064854 -1.646083 -0.012119
v 0.080764 -1.696751 -0.024415
v 0.077549 -1.696705 -0.034849
v 0.082604 -1.696563 -0.013658
v 0.031937 -1.414885 -0.024270
v 0.034105 -1.422372 -0.019844
v 0.043485 -1.557015 -0.029646
v 0.035664 -1.429861 -0.015244
v 0.036338 -1.422303 -0.010529
v 0.036389 -1.414751 -0.005701
v 0.049500 -1.556840 -0.004502
v 0.065175 -1.645094 -0.003554
v 0.083031 -1.696384 -0.002764
v 0.102685 -1.727581 -0.002038
v 0.102156 -1.727657 -0.015497
v 0.099880 -1.727740 -0.028788
v 0.095910 -1.727826 -0.041677
v 0.073004 -1.696658 -0.044772
v 0.090299 -1.727908 -0.053934
v 0.057287 -1.645316 -0.036579
v -0.027255 -1.227029 -0.012190
v -0.019835 -1.008490 -0.012757
v -0.021382 -1.083630 -0.014845
v -0.026902 -1.246105 -0.015533
v -0.014079 -0.809465 -0.014278
v -0.018703 -1.008517 -0.016556
v -0.025308 -1.227076 -0.018729
v -0.037436 -1.414817 -0.007657
v -0.027257 -1.209962 -0.008614
v -0.037112 -1.422379 -0.012506
v -0.019140 -0.965246 -0.009866
v -0.036169 -1.429940 -0.017208
v -0.010267 -0.705068 -0.016759
v -0.011910 -0.705034 -0.011237
v -0.016404 -0.965308 -0.019059
v -0.031962 -1.414940 -0.026059
v -0.034364 -1.422445 -0.021741
v -0.023301 -1.210053 -0.021907
v -0.027463 -1.226970 -0.004847
v -0.027305 -1.245994 -0.001283
v -0.021701 -1.083540 -0.003620
v -0.020013 -1.008438 -0.006508
v -0.025884 -1.226929 0.001741
v -0.019097 -1.008413 -0.002684
v -0.014284 -0.809410 -0.007077
v -0.037386 -1.422307 -0.002718
v -0.036709 -1.429803 0.002095
v -0.035154 -1.422255 0.006600
v 0.015335 -1.226869 0.013990
v 0.018264 -1.245931 0.012227
v 0.014176 -1.083492 0.007015
v 0.011169 -1.008371 0.006306
v 0.020274 -1.226897 0.009282
v 0.014037 -1.008387 0.003571
v 0.008731 -0.809375 -0.000253
v 0.017047 -1.414618 0.025830
v 0.021263 -1.422163 0.023368
v 0.012051 -1.209817 0.015552
v 0.025069 -1.429709 0.020417
v 0.008026 -0.965144 0.006837
v 0.030959 -1.414695 0.012587
v 0.022093 -1.209873 0.005987
v 0.028245 -1.422204 0.016718
v 0.014967 -0.965183 0.000225
v 0.004423 -0.704971 -0.001194
v 0.008593 -0.704993 -0.005162
v -0.013413 -1.696170 0.077305
v -0.010679 -1.645776 0.059444
v -0.019035 -1.646739 0.057541
v -0.024038 -1.696309 0.074861
v -0.008315 -1.559820 0.043565
v -0.014684 -1.563019 0.042175
v -0.027068 -1.645826 0.054536
v -0.034264 -1.696219 0.071068
v -0.020784 -1.559871 0.039828
v -0.003050 -1.727152 0.098139
v -0.002568 -1.696036 0.078348
v -0.016448 -1.727168 0.096854
v -0.002145 -1.644819 0.060247
v -0.001793 -1.556627 0.044118
v -0.001526 -1.414591 0.030245
v -0.006391 -1.422134 0.029960
v -0.011106 -1.429683 0.029061
v -0.015571 -1.422184 0.027207
v -0.026558 -1.556722 0.036701
v -0.034654 -1.644914 0.050518
v -0.043913 -1.696135 0.065988
v -0.042211 -1.727220 0.089159
v -0.054131 -1.727260 0.082889
v -0.029576 -1.727190 0.093837
v 0.021156 -1.227073 -0.023760
v 0.019312 -1.246147 -0.026562
v 0.014999 -1.083662 -0.023518
v 0.014692 -1.008520 -0.020998
v 0.016498 -1.227116 -0.028690
v 0.011988 -1.008546 -0.023860
v 0.009257 -0.809486 -0.019837
v 0.029457 -1.422445 -0.028435
v 0.022793 -1.210008 -0.020590
v 0.026495 -1.430001 -0.032187
v 0.015448 -0.965276 -0.018137
v 0.022868 -1.422502 -0.035406
v 0.008884 -0.705051 -0.016206
v 0.017402 -1.559808 0.040961
v 0.011188 -1.562971 0.042954
v 0.014864 -1.646691 0.058554
v 0.023047 -1.645760 0.056013
v 0.004752 -1.559794 0.043962
v 0.006419 -1.645750 0.059960
v 0.019054 -1.696258 0.076135
v 0.029468 -1.696148 0.072929
v 0.008315 -1.696144 0.077952
v 0.012669 -1.422125 0.028048
v 0.023335 -1.556652 0.038147
v 0.008118 -1.429637 0.029643
v 0.003354 -1.422109 0.030258
v 0.010395 -1.727140 0.097641
v 0.023663 -1.727134 0.095389
v 0.036530 -1.727139 0.091430
v 0.039377 -1.696049 0.068376
v 0.048770 -1.727159 0.085812
v 0.030839 -1.644838 0.052408
v -0.067804 -1.696381 0.043946
v -0.060822 -1.696453 0.052307
v -0.047974 -1.646853 0.039793
v -0.053452 -1.645942 0.033205
v -0.052813 -1.696292 0.059696
v -0.041667 -1.645884 0.045585
v -0.036772 -1.563106 0.028623
v -0.040907 -1.559947 0.023564
v -0.031941 -1.559916 0.032984
v -0.090836 -1.727496 0.044281
v -0.083639 -1.727434 0.055647
v -0.073630 -1.696309 0.034746
v -0.075014 -1.727371 0.065978
v -0.065123 -1.727311 0.075113
v -0.044363 -1.556790 0.017985
v -0.058025 -1.645031 0.025954
v -0.010133 -1.227099 -0.033094
v -0.007126 -1.008535 -0.027512
v -0.005704 -1.083671 -0.029690
v -0.006986 -1.246160 -0.034395
v -0.004022 -0.809493 -0.023800
v -0.003305 -1.008549 -0.028413
v -0.003549 -1.227123 -0.034650
v -0.018094 -1.414949 -0.039189
v -0.013299 -1.210054 -0.031370
v -0.013717 -1.422485 -0.041296
v -0.009493 -0.965309 -0.025595
v -0.009163 -1.430027 -0.042793
v -0.006111 -0.705074 -0.020691
v -0.004403 -1.422518 -0.043503
v -0.005634 -1.560336 -0.055568
v -0.007164 -1.646451 -0.070554
v -0.015615 -1.647368 -0.069122
v -0.012072 -1.563490 -0.054513
v -0.008946 -1.697027 -0.087963
v -0.019694 -1.697120 -0.086123
v -0.023800 -1.646403 -0.066589
v -0.018288 -1.560295 -0.052561
v -0.030112 -1.696976 -0.082908
v 0.000916 -1.557177 -0.055781
v 0.001409 -1.645527 -0.070877
v 0.001949 -1.696925 -0.088390
v 0.002528 -1.728239 -0.107830
v -0.010931 -1.728228 -0.107299
v -0.024210 -1.728207 -0.105019
v -0.037083 -1.728181 -0.101043
v -0.049325 -1.728155 -0.095423
v -0.040020 -1.696835 -0.078361
v -0.031589 -1.645443 -0.063006
v -0.024217 -1.557105 -0.049802
v -0.082657 -1.696682 -0.018083
v -0.065137 -1.646182 -0.015596
v -0.063243 -1.647180 -0.023972
v -0.080231 -1.696869 -0.028730
v -0.049823 -1.560138 -0.013683
v -0.048422 -1.563359 -0.020062
v -0.060251 -1.646292 -0.032034
v -0.076448 -1.696816 -0.038976
v -0.046099 -1.560225 -0.026205
v -0.103242 -1.727734 -0.007565
v -0.083675 -1.696499 -0.007218
v -0.101984 -1.727809 -0.020985
v -0.065925 -1.645186 -0.007043
v -0.050382 -1.556917 -0.007153
v -0.042989 -1.557079 -0.032015
v -0.056235 -1.645392 -0.039641
v -0.071364 -1.696750 -0.048640
v -0.094317 -1.727965 -0.046784
v -0.088042 -1.728028 -0.058716
v -0.098986 -1.727889 -0.034132
v 0.019936 -1.560347 -0.051520
v 0.026367 -1.646451 -0.065239
v 0.018325 -1.647408 -0.068209
v 0.013832 -1.563533 -0.053809
v 0.033681 -1.697012 -0.081200
v 0.023446 -1.697152 -0.084968
v 0.009956 -1.646473 -0.070094
v 0.007450 -1.560360 -0.055213
v 0.012808 -1.697044 -0.087380
v 0.025711 -1.557154 -0.048439
v 0.033955 -1.645486 -0.061241
v 0.043332 -1.696863 -0.076129
v 0.053642 -1.728157 -0.092665
v 0.041721 -1.728195 -0.098932
v 0.029078 -1.728223 -0.103591
v 0.015939 -1.728238 -0.106579
v -0.049244 -1.696936 -0.072539
v -0.057634 -1.697039 -0.065559
v -0.045459 -1.647307 -0.052961
v -0.038854 -1.646373 -0.058438
v -0.065053 -1.696901 -0.057548
v -0.051280 -1.646355 -0.046658
v -0.034843 -1.563448 -0.042200
v -0.029789 -1.560275 -0.046343
v -0.039240 -1.560269 -0.037388
v -0.060717 -1.728132 -0.088229
v -0.071081 -1.728107 -0.079606
v -0.080246 -1.728075 -0.069714
v -0.029246 -1.422474 -0.030087
v -0.026076 -1.430000 -0.033666
v -0.022291 -1.422473 -0.036670
v -0.004749 -0.809367 0.002977
v -0.008115 -1.008380 0.008883
v -0.006835 -1.083476 0.012044
v -0.004347 -1.008352 0.010013
v -0.011489 -1.226887 0.016894
v -0.008421 -1.245911 0.018609
v -0.004998 -1.226843 0.018841
v -0.001149 -0.704963 0.000137
v -0.001237 -0.965126 0.009044
v -0.001350 -1.209792 0.018740
v -0.021471 -1.227095 -0.024988
v -0.015440 -1.008532 -0.021879
v -0.015518 -1.083660 -0.024409
v -0.019455 -1.246144 -0.027678
v -0.010318 -0.809485 -0.020412
v -0.012587 -1.008529 -0.024576
v -0.016556 -1.227091 -0.029637
v 0.028921 -1.559851 0.034695
v 0.038114 -1.645807 0.047827
v 0.044733 -1.646781 0.042329
v 0.033993 -1.563052 0.030555
v 0.048608 -1.696199 0.062537
v 0.057009 -1.696357 0.055532
v 0.050563 -1.645876 0.035989
v 0.038398 -1.559905 0.025676
v 0.064437 -1.696285 0.047498
v 0.060168 -1.727194 0.078604
v 0.070541 -1.727243 0.069958
v 0.079714 -1.727298 0.060045
v 0.087515 -1.727354 0.049038
v 0.070752 -1.696212 0.038578
v 0.055522 -1.644969 0.028950
v 0.042149 -1.556755 0.020253
v 0.012492 -0.809396 -0.006386
v 0.017301 -1.008403 -0.001752
v 0.020040 -1.083521 -0.002549
v 0.018417 -1.008411 -0.005513
v 0.024111 -1.226916 0.003024
v 0.025711 -1.245970 0.000082
v 0.026035 -1.226931 -0.003455
v 0.010222 -0.705011 -0.010647
v 0.017673 -0.965207 -0.008890
v 0.033363 -1.422232 0.008372
v 0.035162 -1.429768 0.003959
v 0.026010 -1.209908 -0.007203
v 0.036084 -1.422256 -0.000796
v -0.083251 -1.696561 0.003685
v -0.081408 -1.696631 0.014438
v -0.064174 -1.646979 0.010006
v -0.065608 -1.646079 0.001545
v -0.078186 -1.696469 0.024852
v -0.061625 -1.646003 0.018182
v -0.049139 -1.563191 0.005890
v -0.050186 -1.560051 -0.000573
v -0.047155 -1.559988 0.012084
v -0.102716 -1.727668 0.005900
v -0.100437 -1.727609 0.019183
v -0.096459 -1.727554 0.032053
v 0.024641 -1.227014 -0.017323
v 0.017657 -1.008468 -0.015526
v 0.020326 -1.083573 -0.013685
v 0.026077 -1.246036 -0.014070
v 0.012676 -0.809429 -0.013532
v 0.018575 -1.008439 -0.011708
v 0.026222 -1.226964 -0.010743
v 0.082021 -1.696451 0.008082
v 0.064399 -1.645996 0.004984
v 0.062517 -1.646907 0.013340
v 0.079606 -1.696526 0.018704
v 0.048956 -1.559987 0.002035
v 0.047571 -1.563141 0.008417
v 0.059535 -1.645939 0.021364
v 0.075832 -1.696370 0.028925
v 0.045257 -1.559949 0.014493
v 0.101434 -1.727516 0.011362
v 0.093786 -1.727407 0.037115
v 0.098446 -1.727460 0.024485
v 0.008892 -1.226835 0.017503
v 0.005689 -1.008341 0.009295
v 0.004329 -1.083441 0.012383
v 0.005758 -1.245870 0.019041
v 0.002414 -0.809346 0.003190
v 0.001865 -1.008331 0.010203
v 0.002306 -1.226820 0.019066
v 0.067193 -1.696838 -0.054007
v 0.060225 -1.697011 -0.062403
v 0.047263 -1.647296 -0.050457
v 0.052728 -1.646309 -0.043849
v 0.052228 -1.696941 -0.069822
v 0.040964 -1.646394 -0.056285
v 0.035919 -1.563446 -0.040257
v 0.040042 -1.560233 -0.035211
v 0.031093 -1.560303 -0.044675
v 0.083117 -1.727984 -0.065337
v 0.074506 -1.728051 -0.075707
v 0.064627 -1.728109 -0.084872
v 0.003145 -3.203174 0.023595
v 0.006685 -3.004118 0.027119
v 0.005470 -2.928984 0.029374
v 0.002913 -3.004118 0.028237
v 0.010262 -2.785544 0.032521
v 0.007208 -2.766489 0.033998
v 0.003763 -2.785542 0.034446
v -0.000963 -3.588556 0.012627
v 0.004945 -3.307599 0.020369
v -0.000546 -3.307598 0.022004
v 0.008898 -3.047348 0.025065
v -0.000237 -3.047348 0.027779
v 0.018801 -2.597690 0.038162
v 0.014548 -2.590151 0.040514
v 0.013316 -2.802592 0.030615
v 0.010083 -2.582618 0.042263
v 0.000477 -2.597679 0.043593
v 0.000096 -2.802588 0.034537
v 0.005355 -2.590145 0.043235
v -0.010862 -3.203294 0.000781
v -0.016126 -3.004285 -0.002774
v -0.016364 -2.929169 -0.006189
v -0.013417 -3.004284 -0.005624
v -0.022391 -2.785772 -0.008157
v -0.020525 -2.766724 -0.011175
v -0.017724 -2.785773 -0.013064
v -0.010579 -3.307685 0.005661
v -0.006636 -3.307695 0.001506
v -0.016923 -3.047497 0.000598
v -0.010363 -3.047504 -0.006307
v -0.032987 -2.597972 -0.010923
v -0.030493 -2.590456 -0.015161
v -0.024047 -2.802804 -0.004794
v -0.027518 -2.582936 -0.018986
v -0.019829 -2.598005 -0.024760
v -0.014555 -2.802817 -0.014780
v -0.023892 -2.590468 -0.022099
v 0.046264 -2.452542 0.023697
v 0.048251 -2.449415 0.017458
v 0.063381 -2.365593 0.020649
v 0.060810 -2.366475 0.028841
v 0.049299 -2.452633 0.011037
v 0.064840 -2.366590 0.012204
v 0.080623 -2.315893 0.024682
v 0.077318 -2.315939 0.035083
v 0.082556 -2.316080 0.013945
v 0.031937 -2.597802 0.024270
v 0.034105 -2.590314 0.019844
v 0.043473 -2.455670 0.029653
v 0.035664 -2.582825 0.015244
v 0.036338 -2.590383 0.010529
v 0.036389 -2.597935 0.005701
v 0.049502 -2.455845 0.004512
v 0.065189 -2.367580 0.003641
v 0.083077 -2.316259 0.003058
v 0.102793 -2.285003 0.002735
v 0.102041 -2.284928 0.016178
v 0.099545 -2.284846 0.029420
v 0.095363 -2.284762 0.042233
v 0.072688 -2.315989 0.044963
v 0.089549 -2.284684 0.054387
v 0.057193 -2.367358 0.036635
v -0.027255 -2.785657 0.012190
v -0.019835 -3.004196 0.012757
v -0.021382 -2.929056 0.014845
v -0.026902 -2.766581 0.015533
v -0.014079 -3.203221 0.014278
v -0.018703 -3.004169 0.016556
v -0.025308 -2.785610 0.018729
v -0.037436 -2.597869 0.007657
v -0.027257 -2.802724 0.008614
v -0.037112 -2.590307 0.012506
v -0.019140 -3.047440 0.009866
v -0.036169 -2.582746 0.017208
v -0.010267 -3.307617 0.016759
v -0.011910 -3.307652 0.011237
v -0.016404 -3.047378 0.019059
v -0.031962 -2.597746 0.026059
v -0.034364 -2.590241 0.021741
v -0.023301 -2.802633 0.021907
v -0.027463 -2.785716 0.004847
v -0.027305 -2.766692 0.001283
v -0.021701 -2.929146 0.003620
v -0.020013 -3.004248 0.006508
v -0.025884 -2.785757 -0.001741
v -0.019097 -3.004273 0.002684
v -0.014284 -3.203276 0.007077
v -0.037386 -2.590379 0.002718
v -0.036709 -2.582883 -0.002095
v -0.035154 -2.590431 -0.006600
v 0.015335 -2.785817 -0.013990
v 0.018264 -2.766755 -0.012227
v 0.014176 -2.929194 -0.007015
v 0.011169 -3.004315 -0.006306
v 0.020274 -2.785789 -0.009282
v 0.014037 -3.004299 -0.003571
v 0.008731 -3.203310 0.000253
v 0.017047 -2.598068 -0.025830
v 0.021263 -2.590523 -0.023368
v 0.012051 -2.802869 -0.015552
v 0.025069 -2.582977 -0.020417
v 0.008026 -3.047542 -0.006837
v 0.030959 -2.597991 -0.012587
v 0.022093 -2.802813 -0.005987
v 0.028245 -2.590482 -0.016718
v 0.014967 -3.047503 -0.000225
v 0.004423 -3.307715 0.001194
v 0.008593 -3.307693 0.005162
v -0.012652 -2.316502 -0.077841
v -0.010454 -2.366906 -0.059603
v -0.018815 -2.365942 -0.057727
v -0.023297 -2.316363 -0.075491
v -0.008287 -2.452866 -0.043585
v -0.014657 -2.449667 -0.042198
v -0.026858 -2.366856 -0.054749
v -0.033553 -2.316452 -0.071787
v -0.020758 -2.452814 -0.039855
v -0.001231 -2.285499 -0.099184
v -0.001801 -2.316635 -0.078788
v -0.014645 -2.285484 -0.098125
v -0.001918 -2.367863 -0.060377
v -0.001765 -2.456058 -0.044135
v -0.001526 -2.598095 -0.030245
v -0.006391 -2.590553 -0.029960
v -0.011106 -2.583003 -0.029061
v -0.015571 -2.590502 -0.027207
v -0.026533 -2.455964 -0.036731
v -0.034456 -2.367768 -0.050756
v -0.043244 -2.316537 -0.066791
v -0.040525 -2.285431 -0.090863
v -0.052545 -2.285391 -0.084793
v -0.027817 -2.285461 -0.095329
v 0.021156 -2.785613 0.023760
v 0.019312 -2.766539 0.026562
v 0.014999 -2.929023 0.023518
v 0.014692 -3.004166 0.020998
v 0.016498 -2.785570 0.028690
v 0.011988 -3.004140 0.023860
v 0.009257 -3.203200 0.019837
v 0.029457 -2.590241 0.028435
v 0.022793 -2.802678 0.020590
v 0.026495 -2.582685 0.032187
v 0.015448 -3.047410 0.018137
v 0.022868 -2.590184 0.035406
v 0.008884 -3.307635 0.016206
v 0.017428 -2.452877 -0.040967
v 0.011216 -2.449714 -0.042964
v 0.015085 -2.365989 -0.058629
v 0.023258 -2.366920 -0.056061
v 0.004780 -2.452891 -0.043975
v 0.006645 -2.366931 -0.060062
v 0.019798 -2.316408 -0.076386
v 0.030182 -2.316515 -0.073089
v 0.009076 -2.316526 -0.078297
v 0.012669 -2.590561 -0.028048
v 0.023360 -2.456033 -0.038150
v 0.008118 -2.583049 -0.029643
v 0.003354 -2.590577 -0.030258
v 0.012201 -2.285507 -0.098459
v 0.025427 -2.285506 -0.095983
v 0.038223 -2.285492 -0.091808
v 0.040050 -2.316610 -0.068450
v 0.050365 -2.285464 -0.085988
v 0.031038 -2.367840 -0.052430
v -0.067323 -2.316296 -0.044959
v -0.060269 -2.316222 -0.053259
v -0.047810 -2.365830 -0.040075
v -0.053309 -2.366742 -0.033505
v -0.052197 -2.316381 -0.060578
v -0.041484 -2.366799 -0.045846
v -0.036752 -2.449579 -0.028658
v -0.040889 -2.452739 -0.023601
v -0.031918 -2.452770 -0.033016
v -0.089884 -2.285176 -0.046809
v -0.082499 -2.285232 -0.058049
v -0.073228 -2.316371 -0.035813
v -0.073704 -2.285289 -0.068234
v -0.063664 -2.285343 -0.077201
v -0.044348 -2.455895 -0.018025
v -0.057905 -2.367653 -0.026270
v -0.010133 -2.785587 0.033094
v -0.007126 -3.004151 0.027512
v -0.005704 -2.929015 0.029690
v -0.006986 -2.766526 0.034395
v -0.004022 -3.203192 0.023800
v -0.003305 -3.004136 0.028413
v -0.003549 -2.785563 0.034650
v -0.018094 -2.597737 0.039189
v -0.013299 -2.802632 0.031370
v -0.013717 -2.590201 0.041296
v -0.009493 -3.047377 0.025595
v -0.009163 -2.582659 0.042793
v -0.006111 -3.307612 0.020691
v -0.004403 -2.590168 0.043503
v -0.005659 -2.452350 0.055548
v -0.007365 -2.366232 0.070390
v -0.015811 -2.365316 0.068931
v -0.012097 -2.449196 0.054489
v -0.009625 -2.315648 0.087410
v -0.020354 -2.315559 0.085478
v -0.023986 -2.366282 0.066372
v -0.018311 -2.452391 0.052533
v -0.030742 -2.315707 0.082175
v 0.000890 -2.455508 0.055764
v 0.001206 -2.367154 0.070741
v 0.001264 -2.315745 0.087932
v 0.000903 -2.284408 0.106745
v -0.012541 -2.284430 0.105988
v -0.025775 -2.284462 0.103491
v -0.038576 -2.284497 0.099306
v -0.050719 -2.284527 0.093488
v -0.040608 -2.315850 0.077544
v -0.031763 -2.367243 0.062764
v -0.024239 -2.455581 0.049772
v -0.082715 -2.315998 0.016913
v -0.065155 -2.366503 0.015249
v -0.063288 -2.365504 0.023630
v -0.080383 -2.315810 0.027576
v -0.049825 -2.452548 0.013640
v -0.048428 -2.449327 0.020020
v -0.060323 -2.366392 0.031700
v -0.076690 -2.315862 0.037851
v -0.046108 -2.452461 0.026164
v -0.103152 -2.284943 0.004783
v -0.083637 -2.316183 0.006044
v -0.102120 -2.284864 0.018211
v -0.065914 -2.367499 0.006695
v -0.050381 -2.455769 0.007110
v -0.043001 -2.455607 0.031975
v -0.056332 -2.367292 0.039320
v -0.071692 -2.315928 0.047557
v -0.094892 -2.284703 0.044118
v -0.088819 -2.284640 0.056147
v -0.099347 -2.284781 0.031397
v 0.019913 -2.452338 0.051514
v 0.026181 -2.366227 0.065190
v 0.018130 -2.365271 0.068132
v 0.013807 -2.449152 0.053800
v 0.033054 -2.315648 0.081033
v 0.022787 -2.315511 0.084706
v 0.009755 -2.366207 0.069987
v 0.007425 -2.452325 0.055200
v 0.012129 -2.315621 0.087021
v 0.025689 -2.455531 0.048436
v 0.033782 -2.367192 0.061218
v 0.042748 -2.315794 0.076051
v 0.052257 -2.284462 0.092480
v 0.040234 -2.284430 0.098536
v 0.027516 -2.284409 0.102970
v 0.014330 -2.284401 0.105726
v -0.049780 -2.315748 0.071644
v -0.058110 -2.315643 0.064592
v -0.045600 -2.365378 0.052674
v -0.039012 -2.366312 0.058173
v -0.065459 -2.315779 0.056518
v -0.051400 -2.366329 0.046352
v -0.034861 -2.449238 0.042164
v -0.029809 -2.452411 0.046310
v -0.039255 -2.452417 0.037350
v -0.061989 -2.284550 0.086108
v -0.072208 -2.284571 0.077313
v -0.081208 -2.284598 0.067271
v -0.029246 -2.590212 0.030087
v -0.026076 -2.582686 0.033666
v -0.022291 -2.590213 0.036670
v -0.004749 -3.203319 -0.002977
v -0.008115 -3.004306 -0.008883
v -0.006835 -2.929210 -0.012044
v -0.004347 -3.004334 -0.010013
v -0.011489 -2.785800 -0.016894
v -0.008421 -2.766775 -0.018609
v -0.004998 -2.785843 -0.018841
v -0.001149 -3.307723 -0.000137
v -0.001237 -3.047560 -0.009044
v -0.001350 -2.802894 -0.018740
v -0.021471 -2.785591 0.024988
v -0.015440 -3.004153 0.021879
v -0.015518 -2.929026 0.024409
v -0.019455 -2.766542 0.027678
v -0.010318 -3.203201 0.020412
v -0.012587 -3.004157 0.024576
v -0.016556 -2.785595 0.029637
v 0.028944 -2.452834 -0.034695
v 0.038298 -2.366870 -0.047825
v 0.044898 -2.365895 -0.042307
v 0.034013 -2.449632 -0.030552
v 0.049228 -2.316457 -0.062533
v 0.057567 -2.316294 -0.055457
v 0.050707 -2.366799 -0.035948
v 0.038416 -2.452780 -0.025671
v 0.064923 -2.316364 -0.047360
v 0.061638 -2.285419 -0.078594
v 0.071863 -2.285362 -0.069780
v 0.080867 -2.285300 -0.059719
v 0.088480 -2.285238 -0.048586
v 0.071159 -2.316435 -0.038387
v 0.055642 -2.367705 -0.028894
v 0.042164 -2.455930 -0.020246
v 0.012492 -3.203290 0.006386
v 0.017301 -3.004283 0.001752
v 0.020040 -2.929165 0.002549
v 0.018417 -3.004276 0.005513
v 0.024111 -2.785770 -0.003024
v 0.025711 -2.766716 -0.000082
v 0.026035 -2.785755 0.003455
v 0.010222 -3.307675 0.010647
v 0.017673 -3.047479 0.008890
v 0.033363 -2.590454 -0.008372
v 0.035162 -2.582918 -0.003959
v 0.026010 -2.802778 0.007203
v 0.036084 -2.590430 0.000796
v -0.083118 -2.316122 -0.004850
v -0.081182 -2.316052 -0.015581
v -0.064107 -2.365706 -0.010344
v -0.065568 -2.366607 -0.001890
v -0.077869 -2.316213 -0.025962
v -0.061531 -2.366682 -0.018511
v -0.049131 -2.449495 -0.005933
v -0.050181 -2.452635 0.000530
v -0.047143 -2.452698 -0.012125
v -0.102400 -2.285011 -0.008660
v -0.099900 -2.285069 -0.021892
v -0.095709 -2.285122 -0.034685
v 0.024641 -2.785671 0.017323
v 0.017657 -3.004218 0.015526
v 0.020326 -2.929113 0.013685
v 0.026077 -2.766650 0.014070
v 0.012676 -3.203256 0.013532
v 0.018575 -3.004247 0.011708
v 0.026222 -2.785722 0.010743
v 0.082161 -2.316192 -0.007795
v 0.064440 -2.366677 -0.004899
v 0.062586 -2.365767 -0.013261
v 0.079839 -2.316118 -0.018437
v 0.048961 -2.452698 -0.002025
v 0.047580 -2.449544 -0.008407
v 0.059630 -2.366735 -0.021295
v 0.076154 -2.316275 -0.028691
v 0.045269 -2.452736 -0.014484
v 0.101765 -2.285068 -0.010682
v 0.094550 -2.285181 -0.036560
v 0.098998 -2.285126 -0.023853
v 0.008892 -2.785851 -0.017503
v 0.005689 -3.004345 -0.009295
v 0.005758 -2.766816 -0.019041
v 0.002414 -3.203340 -0.003190
v 0.001865 -3.004355 -0.010203
v 0.002306 -2.785866 -0.019066
v 0.066797 -2.315811 0.054144
v 0.059758 -2.315640 0.062478
v 0.047124 -2.365380 0.050480
v 0.052610 -2.366366 0.043890
v 0.051697 -2.315713 0.069825
v 0.040807 -2.366282 0.056286
v 0.035902 -2.449239 0.040259
v 0.040027 -2.452452 0.035216
v 0.031073 -2.452382 0.044675
v 0.082180 -2.284614 0.065664
v 0.073399 -2.284554 0.075884
v 0.063370 -2.284503 0.084879
v 0.096053 -2.022181 0.247263
v 0.062542 -2.022140 0.257619
v 0.062177 -2.039278 0.256022
v 0.095472 -2.039323 0.245732
v 0.027974 -2.022115 0.263566
v 0.027830 -2.039250 0.261930
v 0.061545 -2.056272 0.253321
v 0.094482 -2.056320 0.243143
v 0.027569 -2.056241 0.259164
v 0.128155 -2.005022 0.233060
v 0.096226 -2.004964 0.247715
v 0.127913 -2.022240 0.232640
v 0.062644 -2.004924 0.258093
v 0.028001 -2.004901 0.264052
v -0.007108 -2.004891 0.265449
v -0.007060 -2.022105 0.264959
v -0.006978 -2.039240 0.263314
v -0.006866 -2.056230 0.260532
v -0.006727 -2.073012 0.256631
v 0.027185 -2.073023 0.255288
v 0.060646 -2.073055 0.249537
v 0.093084 -2.073106 0.239516
v 0.125798 -2.056387 0.228771
v 0.123925 -2.073176 0.225363
v 0.127127 -2.039385 0.231203
v 0.264885 -2.023213 0.039125
v 0.257094 -2.023022 0.073317
v 0.255482 -2.040184 0.072896
v 0.263223 -2.040379 0.038921
v 0.244953 -2.022842 0.106216
v 0.243417 -2.040000 0.105586
v 0.252779 -2.057202 0.072152
v 0.260438 -2.057396 0.038539
v 0.240842 -2.057014 0.104495
v 0.268689 -2.006164 0.004165
v 0.265418 -2.005970 0.039139
v 0.268149 -2.023408 0.004225
v 0.257612 -2.005784 0.073403
v 0.245445 -2.005610 0.106370
v 0.229093 -2.005452 0.137455
v 0.228635 -2.022678 0.137237
v 0.227203 -2.039832 0.136410
v 0.224801 -2.056844 0.134990
v 0.221432 -2.073645 0.132995
v 0.237233 -2.073817 0.102956
v 0.248990 -2.074004 0.071099
v 0.256534 -2.074197 0.037992
v 0.263647 -2.057590 0.004235
v 0.259696 -2.074386 0.004205
v 0.266467 -2.040574 0.004245
v 0.237562 -1.921935 -0.094592
v 0.231762 -1.905764 -0.092488
v 0.241348 -1.905580 -0.061470
v 0.247387 -1.921745 -0.062800
v 0.224970 -1.890021 -0.089995
v 0.234276 -1.889844 -0.059883
v 0.246846 -1.905392 -0.029471
v 0.253022 -1.921549 -0.030004
v 0.239613 -1.889667 -0.028819
v 0.228186 -1.938636 -0.127136
v 0.223681 -1.922106 -0.124817
v 0.242345 -1.938465 -0.096302
v 0.218218 -1.905931 -0.121976
v 0.211822 -1.890183 -0.118622
v 0.204516 -1.874931 -0.114765
v 0.217212 -1.874775 -0.087121
v 0.226198 -1.874607 -0.058043
v 0.231351 -1.874439 -0.028047
v 0.232549 -1.874282 0.002355
v 0.240853 -1.889500 0.002665
v 0.248124 -1.905215 0.002959
v 0.254332 -1.921363 0.003234
v 0.258114 -1.938070 -0.030417
v 0.259451 -1.937877 0.003487
v 0.252367 -1.938271 -0.063872
v 0.071194 -1.828636 0.182045
v 0.046275 -1.828619 0.189721
v 0.049319 -1.843832 0.202409
v 0.075857 -1.843857 0.194235
v 0.020571 -1.828620 0.194112
v 0.021944 -1.843827 0.207086
v 0.051883 -1.858524 0.213093
v 0.079785 -1.858557 0.204499
v 0.023101 -1.858513 0.218011
v 0.087452 -1.812383 0.157416
v 0.065603 -1.812350 0.167435
v 0.094890 -1.828677 0.171181
v 0.042627 -1.812338 0.174513
v 0.018928 -1.812344 0.178561
v -0.005091 -1.812362 0.179486
v -0.005481 -1.828635 0.195119
v -0.005802 -1.843839 0.208159
v -0.006070 -1.858519 0.219140
v -0.006299 -1.873225 0.228598
v 0.024099 -1.873223 0.227418
v 0.054090 -1.873241 0.222291
v 0.083165 -1.873281 0.213332
v 0.106316 -1.858614 0.192338
v 0.110811 -1.873345 0.200660
v 0.101093 -1.843906 0.182667
v -0.140262 -2.151833 0.171157
v -0.161689 -2.151960 0.151305
v -0.153692 -2.166735 0.144064
v -0.133300 -2.166627 0.162932
v -0.180372 -2.152102 0.128850
v -0.171475 -2.166859 0.122719
v -0.144108 -2.182058 0.135727
v -0.124934 -2.181970 0.153413
v -0.160834 -2.182160 0.115712
v -0.121381 -2.136916 0.195934
v -0.146203 -2.137034 0.178338
v -0.116437 -2.151727 0.188039
v -0.168527 -2.137174 0.157646
v -0.187990 -2.137330 0.134243
v -0.204231 -2.137496 0.108514
v -0.195960 -2.152256 0.104161
v -0.186314 -2.166994 0.099246
v -0.174800 -2.182276 0.093693
v -0.160924 -2.198665 0.087428
v -0.147986 -2.198569 0.107689
v -0.132507 -2.198488 0.126096
v -0.114779 -2.198418 0.142349
v -0.103625 -2.181894 0.168444
v -0.095090 -2.198357 0.156148
v -0.110630 -2.166535 0.178975
v -0.091039 -1.858635 0.199827
v -0.063627 -1.858580 0.209929
v -0.060547 -1.843904 0.199394
v -0.086619 -1.843960 0.189784
v -0.035142 -1.858542 0.216413
v -0.033454 -1.843864 0.205564
v -0.056882 -1.828703 0.186885
v -0.081362 -1.828759 0.177859
v -0.031444 -1.828663 0.192680
v -0.121772 -1.873409 0.194328
v -0.094837 -1.873336 0.208477
v -0.116889 -1.858708 0.186248
v -0.066274 -1.873281 0.219003
v -0.036593 -1.873244 0.225759
v -0.029028 -1.812389 0.177234
v -0.052481 -1.812429 0.171887
v -0.075050 -1.812483 0.163562
v -0.104447 -1.828833 0.165730
v -0.096335 -1.812555 0.152376
v -0.111206 -1.844033 0.176868
v 0.044053 -1.752274 0.111109
v 0.028572 -1.752270 0.115874
v 0.033545 -1.774580 0.136624
v 0.051677 -1.774585 0.131040
v 0.012606 -1.752278 0.118590
v 0.014844 -1.774588 0.139811
v 0.038318 -1.794468 0.156537
v 0.058995 -1.794475 0.150167
v 0.016990 -1.794476 0.160177
v 0.058779 -1.752295 0.104352
v -0.003573 -1.752292 0.119198
v -0.004109 -1.774605 0.140531
v -0.004626 -1.794494 0.161005
v 0.078660 -1.794503 0.141148
v 0.068922 -1.774608 0.123129
v 0.041646 -2.059004 -0.263030
v 0.042075 -2.041969 -0.265970
v 0.076049 -2.041913 -0.258231
v 0.075257 -2.058953 -0.255378
v 0.042322 -2.024790 -0.267780
v 0.076515 -2.024728 -0.259988
v 0.108738 -2.041838 -0.246166
v 0.107596 -2.058881 -0.243446
v 0.109413 -2.024649 -0.247840
v 0.007247 -2.075831 -0.262128
v 0.007336 -2.059029 -0.266233
v 0.041037 -2.075810 -0.258973
v 0.007394 -2.042002 -0.269210
v 0.007418 -2.024829 -0.271045
v 0.007408 -2.007593 -0.271726
v 0.042384 -2.007547 -0.268448
v 0.076649 -2.007479 -0.260635
v 0.109617 -2.007396 -0.248458
v 0.140703 -2.007306 -0.232090
v 0.140434 -2.024561 -0.231510
v 0.139561 -2.041749 -0.229944
v 0.138090 -2.058789 -0.227403
v 0.105992 -2.075693 -0.239691
v 0.136026 -2.075599 -0.223896
v 0.074140 -2.075764 -0.251439
v 0.104054 -1.796002 -0.132900
v 0.091212 -1.775933 -0.117244
v 0.105132 -1.775850 -0.104330
v 0.119927 -1.795906 -0.118174
v 0.077833 -1.753432 -0.100945
v 0.089719 -1.753362 -0.089918
v 0.117268 -1.775755 -0.089727
v 0.133768 -1.795798 -0.101525
v 0.100080 -1.753281 -0.077445
v 0.096042 -1.814119 -0.160963
v 0.086406 -1.796081 -0.145431
v 0.115650 -1.814030 -0.147039
v 0.075736 -1.776002 -0.128232
v 0.064618 -1.753491 -0.110323
v 0.108723 -1.753192 -0.063730
v 0.127392 -1.775651 -0.073669
v 0.145316 -1.795681 -0.083219
v 0.148668 -1.813807 -0.112184
v 0.161501 -1.813680 -0.091849
v 0.133288 -1.813925 -0.130680
v 0.163876 -2.216968 0.024446
v 0.159292 -2.216851 0.045591
v 0.139878 -2.236958 0.040198
v 0.143754 -2.237064 0.021623
v 0.152014 -2.216737 0.065968
v 0.133636 -2.236854 0.058120
v 0.119612 -2.259498 0.034694
v 0.122771 -2.259592 0.018798
v 0.114429 -2.259404 0.050052
v 0.184146 -2.199054 0.003124
v 0.182027 -2.198928 0.027063
v 0.165666 -2.217084 0.002892
v 0.176805 -2.198801 0.050532
v 0.168592 -2.198677 0.073130
v 0.157506 -2.198559 0.094462
v 0.142143 -2.216629 0.085219
v 0.125113 -2.236756 0.075070
v 0.107290 -2.259315 0.064598
v 0.123835 -2.259681 0.002637
v 0.145178 -2.237167 0.002710
v -0.180824 -1.859030 0.127075
v -0.162141 -1.858906 0.149524
v -0.154248 -1.844235 0.141937
v -0.172018 -1.844359 0.120584
v -0.140713 -1.858798 0.169371
v -0.133867 -1.844126 0.160815
v -0.144862 -1.829037 0.132931
v -0.161547 -1.829160 0.112882
v -0.125725 -1.828927 0.150656
v -0.204635 -1.873875 0.106950
v -0.188392 -1.873734 0.132669
v -0.196412 -1.859169 0.102391
v -0.168925 -1.873609 0.156061
v -0.146597 -1.873501 0.176741
v -0.115954 -1.812646 0.138479
v -0.133600 -1.812754 0.122138
v -0.148985 -1.812873 0.103655
v -0.175469 -1.829292 0.090836
v -0.161821 -1.812998 0.083329
v -0.186844 -1.844495 0.097105
v 0.021454 -2.181695 0.196577
v 0.047151 -2.181695 0.192137
v 0.049915 -2.166333 0.204431
v 0.022541 -2.166328 0.209122
v 0.072056 -2.181715 0.184413
v 0.076450 -2.166359 0.196242
v 0.052338 -2.151526 0.214881
v 0.023556 -2.151514 0.219800
v 0.080240 -2.151559 0.206284
v -0.003710 -2.198185 0.182790
v 0.020307 -2.198169 0.181743
v -0.004598 -2.181709 0.197635
v 0.043988 -2.198167 0.177578
v 0.066931 -2.198184 0.170389
v 0.088731 -2.198220 0.160267
v 0.095732 -2.181757 0.173506
v 0.101681 -2.166408 0.184661
v 0.106771 -2.151616 0.194121
v 0.111201 -2.136823 0.202276
v 0.083554 -2.136759 0.214949
v 0.054480 -2.136719 0.223907
v 0.024488 -2.136701 0.229035
v -0.005616 -2.151521 0.220932
v -0.005910 -2.136702 0.230215
v -0.005206 -2.166339 0.210211
v -0.047480 -2.260247 -0.111666
v -0.054212 -2.237881 -0.133061
v -0.036183 -2.237926 -0.138997
v -0.032137 -2.260284 -0.116884
v -0.060543 -2.217943 -0.153703
v -0.039929 -2.217994 -0.160308
v -0.016253 -2.260310 -0.120084
v -0.018637 -2.218031 -0.164199
v -0.062012 -2.260200 -0.104507
v -0.071312 -2.237825 -0.124836
v -0.080116 -2.217879 -0.144474
v -0.088095 -2.199971 -0.162113
v -0.066291 -2.200042 -0.172249
v -0.043345 -2.200098 -0.179459
v -0.019661 -2.200138 -0.183647
v 0.004357 -2.200158 -0.184714
v 0.002970 -2.218052 -0.165284
v 0.001392 -2.237976 -0.143666
v -0.000100 -2.260327 -0.121189
v -0.149299 -1.922649 -0.209645
v -0.174897 -1.922564 -0.188350
v -0.170662 -1.906381 -0.183960
v -0.145690 -1.906465 -0.204731
v -0.197535 -1.922463 -0.163918
v -0.192747 -1.906284 -0.160129
v -0.165698 -1.890627 -0.178799
v -0.141459 -1.890710 -0.198954
v -0.187134 -1.890533 -0.155673
v -0.123569 -1.939267 -0.231790
v -0.152269 -1.939187 -0.213675
v -0.121164 -1.922730 -0.227402
v -0.178381 -1.939100 -0.191950
v -0.201474 -1.938996 -0.167026
v -0.221117 -1.938867 -0.139317
v -0.216792 -1.922339 -0.136753
v -0.211534 -1.906164 -0.133630
v -0.205370 -1.890417 -0.129954
v -0.198326 -1.875172 -0.125736
v -0.180720 -1.875284 -0.150564
v -0.160025 -1.875379 -0.172884
v -0.136622 -1.875461 -0.192337
v -0.114815 -1.890790 -0.215762
v -0.110895 -1.875539 -0.208563
v -0.118242 -1.906546 -0.222050
v 0.086497 -2.121507 0.222574
v 0.089077 -2.105768 0.229219
v 0.058056 -2.105718 0.238789
v 0.056385 -2.121461 0.231858
v 0.091278 -2.089612 0.234870
v 0.059480 -2.089560 0.244688
v 0.026057 -2.105690 0.244275
v 0.025324 -2.121437 0.237174
v 0.026680 -2.089529 0.250318
v 0.115129 -2.121576 0.209446
v 0.118572 -2.105840 0.215691
v 0.121511 -2.089683 0.221000
v -0.006564 -2.089519 0.251629
v -0.006375 -2.105684 0.245547
v -0.006158 -2.121435 0.238402
v -0.079919 -1.860827 -0.212567
v -0.076042 -1.846052 -0.202467
v -0.049494 -1.846090 -0.210667
v -0.052011 -1.860880 -0.221180
v -0.071428 -1.830731 -0.190452
v -0.046498 -1.830755 -0.198159
v -0.022109 -1.846108 -0.215369
v -0.023223 -1.860911 -0.226115
v -0.020782 -1.830760 -0.202580
v -0.106454 -1.860760 -0.200397
v -0.083248 -1.875615 -0.221240
v -0.101282 -1.845998 -0.190888
v -0.095129 -1.830688 -0.179574
v -0.087744 -1.814268 -0.165999
v -0.065889 -1.814302 -0.176032
v -0.042902 -1.814316 -0.183143
v -0.019190 -1.814314 -0.187224
v 0.004837 -1.814300 -0.188171
v 0.005275 -1.830748 -0.203603
v 0.005641 -1.846102 -0.216454
v 0.005950 -1.860912 -0.227251
v -0.024178 -1.875722 -0.235341
v 0.006219 -1.875728 -0.236518
v -0.054171 -1.875680 -0.230207
v -0.239325 -2.122775 0.022563
v -0.233987 -2.122606 0.053624
v -0.241059 -2.106860 0.055215
v -0.246559 -2.107032 0.023222
v -0.224680 -2.122433 0.083735
v -0.231471 -2.106687 0.086229
v -0.247100 -2.090680 0.056552
v -0.252738 -2.090854 0.023763
v -0.237272 -2.090507 0.088337
v -0.232264 -2.138156 -0.008610
v -0.231066 -2.138001 0.021791
v -0.240567 -2.122937 -0.008919
v -0.225912 -2.137836 0.051786
v -0.216925 -2.137667 0.080865
v -0.211533 -2.122259 0.112366
v -0.217928 -2.106512 0.115720
v -0.223391 -2.090335 0.118562
v -0.227896 -2.073802 0.120882
v -0.242056 -2.073972 0.090049
v -0.252080 -2.074145 0.057626
v -0.257832 -2.074322 0.024181
v -0.254050 -2.091029 -0.009471
v -0.259171 -2.074503 -0.009718
v -0.247839 -2.107201 -0.009205
v 0.090891 -1.860725 -0.207866
v 0.063492 -1.860812 -0.218000
v 0.060369 -1.846015 -0.207649
v 0.086427 -1.845940 -0.198003
v 0.035017 -1.860877 -0.224511
v 0.033287 -1.846070 -0.213848
v 0.056660 -1.830675 -0.195330
v 0.081125 -1.830612 -0.186267
v 0.031234 -1.830720 -0.201155
v 0.121658 -1.875413 -0.202160
v 0.094730 -1.875520 -0.216331
v 0.116730 -1.860625 -0.194260
v 0.066178 -1.875617 -0.226883
v 0.036506 -1.875690 -0.233663
v 0.028772 -1.814276 -0.185914
v 0.052215 -1.814239 -0.180542
v 0.074770 -1.814188 -0.172183
v 0.104196 -1.830533 -0.174102
v 0.111001 -1.845850 -0.185054
v 0.140548 -1.860519 -0.177365
v 0.133654 -1.845748 -0.168979
v 0.154031 -1.845634 -0.150090
v 0.161973 -1.860405 -0.157510
v 0.125464 -1.830437 -0.159003
v 0.144596 -1.830325 -0.141263
v 0.171798 -1.845510 -0.128732
v 0.180655 -1.860281 -0.135058
v 0.161278 -1.830202 -0.121206
v 0.146478 -1.875304 -0.184561
v 0.175197 -1.830069 -0.099155
v 0.186624 -1.845373 -0.105251
v 0.196243 -1.860144 -0.110374
v 0.188272 -1.875069 -0.140484
v 0.168805 -1.875191 -0.163876
v 0.163230 -1.795090 0.021651
v 0.143095 -1.775122 0.018311
v 0.138884 -1.775033 0.036805
v 0.158427 -1.794987 0.042741
v 0.122124 -1.752731 0.014821
v 0.118529 -1.752658 0.030610
v 0.132317 -1.774949 0.054601
v 0.150938 -1.794889 0.063036
v 0.112921 -1.752590 0.045806
v 0.183646 -1.813156 0.000730
v 0.165241 -1.795200 0.000117
v 0.181411 -1.813035 0.024658
v 0.144858 -1.775218 -0.000573
v 0.123629 -1.752811 -0.001303
v 0.105378 -1.752522 0.060147
v 0.123483 -1.774868 0.071393
v 0.140866 -1.794795 0.082183
v 0.167752 -1.812813 0.070648
v 0.156560 -1.812708 0.091922
v 0.176074 -1.812921 0.048095
v 0.186450 -2.183056 -0.073298
v 0.198669 -2.167798 -0.078087
v 0.206888 -2.167667 -0.051553
v 0.194199 -2.182928 -0.048392
v 0.208880 -2.153086 -0.082096
v 0.217509 -2.152954 -0.054199
v 0.211610 -2.167537 -0.024180
v 0.198666 -2.182801 -0.022695
v 0.222461 -2.152822 -0.025420
v 0.161545 -2.199541 -0.089314
v 0.175524 -2.183188 -0.096975
v 0.171682 -2.199417 -0.067512
v 0.187066 -2.167934 -0.103316
v 0.196691 -2.153226 -0.108623
v 0.204920 -2.138506 -0.113183
v 0.217619 -2.138364 -0.085544
v 0.226610 -2.138230 -0.056478
v 0.231768 -2.138095 -0.026492
v 0.232969 -2.137952 0.003904
v 0.223614 -2.152684 0.003751
v 0.212720 -2.167403 0.003565
v 0.199744 -2.182672 0.003354
v 0.183080 -2.199177 -0.020888
v 0.178893 -2.199297 -0.044568
v 0.038175 -2.124114 -0.240322
v 0.039297 -2.108433 -0.247589
v 0.070960 -2.108392 -0.240383
v 0.068913 -2.124074 -0.233326
v 0.040253 -2.092310 -0.253817
v 0.072705 -2.092267 -0.246432
v 0.101427 -2.108324 -0.229150
v 0.098490 -2.124007 -0.222421
v 0.103931 -2.092197 -0.234917
v 0.006599 -2.139300 -0.234883
v 0.006802 -2.124129 -0.243258
v 0.036893 -2.139285 -0.232046
v 0.006978 -2.108449 -0.250611
v 0.007127 -2.092327 -0.256911
v 0.133376 -2.092101 -0.219435
v 0.130156 -2.108227 -0.214046
v 0.126381 -2.123910 -0.207759
v 0.095136 -2.139181 -0.214760
v 0.122069 -2.139086 -0.200602
v 0.066575 -2.139247 -0.225289
v -0.109131 -1.987741 0.241605
v -0.076228 -1.987694 0.253742
v -0.075759 -1.970538 0.251975
v -0.108451 -1.970590 0.239917
v -0.042029 -1.987670 0.261520
v -0.041780 -1.970510 0.259703
v -0.074962 -1.953528 0.249110
v -0.107304 -1.953584 0.237184
v -0.041349 -1.953496 0.256756
v -0.140428 -2.005037 0.225871
v -0.109339 -2.004963 0.242233
v -0.140153 -1.987816 0.225279
v -0.076365 -2.004918 0.254397
v -0.042093 -2.004896 0.262191
v -0.007120 -1.987665 0.264770
v -0.007095 -1.970503 0.262934
v -0.007037 -1.953486 0.259953
v -0.006946 -1.936693 0.255845
v -0.040738 -1.936705 0.252694
v -0.073843 -1.936741 0.245163
v -0.105696 -1.936801 0.233418
v -0.137799 -1.953668 0.221144
v -0.135731 -1.936886 0.217626
v -0.139275 -1.970669 0.223699
v -0.250951 -2.091206 -0.042593
v -0.243556 -2.091380 -0.075048
v -0.237599 -2.107526 -0.073188
v -0.244815 -2.107366 -0.041523
v -0.232031 -2.091548 -0.106277
v -0.226354 -2.107679 -0.103658
v -0.230627 -2.123236 -0.071032
v -0.237631 -2.123090 -0.040292
v -0.219710 -2.123375 -0.100612
v -0.256010 -2.074690 -0.043504
v -0.248467 -2.074876 -0.076608
v -0.236712 -2.075054 -0.108461
v -0.220912 -2.075217 -0.138497
v -0.216541 -2.091704 -0.135725
v -0.211241 -2.107825 -0.132391
v -0.205038 -2.123510 -0.128507
v -0.197959 -2.138687 -0.124082
v -0.212127 -2.138561 -0.097147
v -0.222667 -2.138433 -0.068586
v -0.229430 -2.138300 -0.038905
v 0.160223 -1.922467 -0.201126
v 0.156303 -1.906297 -0.196423
v 0.180121 -1.906189 -0.174361
v 0.184634 -1.922362 -0.178512
v 0.151716 -1.890552 -0.190896
v 0.174838 -1.890442 -0.169477
v 0.200889 -1.906071 -0.149410
v 0.205920 -1.922245 -0.152937
v 0.194999 -1.890321 -0.145255
v 0.135779 -1.939091 -0.224616
v 0.133084 -1.922572 -0.220365
v 0.163460 -1.938989 -0.204988
v 0.129823 -1.906405 -0.215193
v 0.126010 -1.890662 -0.209118
v 0.210070 -1.938774 -0.155824
v 0.188360 -1.938888 -0.181916
v -0.075391 -2.259181 0.100960
v -0.089239 -2.236625 0.115646
v -0.103397 -2.236665 0.102995
v -0.087581 -2.259210 0.090265
v -0.102659 -2.216499 0.129623
v -0.118693 -2.216552 0.115079
v -0.115803 -2.236715 0.088620
v -0.098289 -2.259248 0.078085
v -0.132713 -2.216616 0.098586
v -0.061919 -2.259151 0.109968
v -0.073560 -2.236587 0.126338
v -0.084873 -2.216450 0.141948
v -0.144456 -2.216696 0.080412
v -0.126222 -2.236780 0.072759
v -0.107313 -2.259301 0.064620
v 0.066064 -2.217994 -0.151652
v 0.056797 -2.237939 -0.132157
v 0.038878 -2.237969 -0.138394
v 0.045681 -2.218034 -0.158926
v 0.047286 -2.260307 -0.111828
v 0.031939 -2.260328 -0.117006
v 0.020305 -2.237980 -0.142259
v 0.024529 -2.218053 -0.163504
v 0.016054 -2.260333 -0.120149
v 0.095730 -2.200007 -0.158090
v 0.085318 -2.217931 -0.141781
v 0.074393 -2.200081 -0.169173
v 0.073746 -2.237889 -0.123631
v 0.061824 -2.260269 -0.104684
v 0.028306 -2.200156 -0.182599
v 0.051785 -2.200131 -0.177380
v -0.098359 -2.260008 -0.072666
v -0.114224 -2.237605 -0.087919
v -0.101563 -2.237685 -0.102049
v -0.087660 -2.260077 -0.084823
v -0.129370 -2.217634 -0.102725
v -0.114809 -2.217722 -0.118738
v -0.087179 -2.237759 -0.114431
v -0.075477 -2.260142 -0.095501
v -0.098300 -2.217804 -0.132742
v -0.107373 -2.259939 -0.059224
v -0.124927 -2.237524 -0.072268
v -0.141710 -2.217543 -0.084961
v -0.156885 -2.199604 -0.096324
v -0.143068 -2.199704 -0.115997
v -0.126796 -2.199801 -0.133713
v -0.108370 -2.199890 -0.149182
v -0.181918 -2.183179 -0.082521
v -0.190900 -2.183066 -0.058040
v -0.203236 -2.167839 -0.062391
v -0.193631 -2.167956 -0.088457
v -0.196643 -2.182946 -0.032605
v -0.209391 -2.167716 -0.035304
v -0.213667 -2.153149 -0.065796
v -0.203554 -2.153270 -0.093203
v -0.220154 -2.153022 -0.037316
v -0.167973 -2.199500 -0.075004
v -0.169822 -2.183290 -0.105616
v -0.176186 -2.199392 -0.052413
v -0.181410 -2.199279 -0.028951
v -0.183529 -2.199159 -0.005014
v -0.199019 -2.182819 -0.006646
v -0.211961 -2.167583 -0.007656
v -0.222871 -2.152885 -0.008245
v -0.189960 -2.153390 -0.119050
v -0.180714 -2.168071 -0.113043
v 0.107404 -1.955995 -0.243976
v 0.108606 -1.973002 -0.246512
v 0.075922 -1.973098 -0.258588
v 0.075071 -1.956097 -0.255922
v 0.109346 -1.990157 -0.248011
v 0.076450 -1.990247 -0.260164
v 0.041954 -1.973178 -0.266344
v 0.041469 -1.956180 -0.263597
v 0.042261 -1.990321 -0.267966
v 0.137896 -1.955890 -0.227928
v 0.105746 -1.939200 -0.240417
v 0.139428 -1.972903 -0.230287
v 0.140366 -1.990064 -0.231679
v 0.007362 -1.990370 -0.271244
v 0.007283 -1.973229 -0.269607
v 0.007172 -1.956232 -0.266832
v 0.040810 -1.939393 -0.259743
v 0.007033 -1.939443 -0.262933
v 0.073902 -1.939307 -0.252182
v -0.016134 -2.259041 0.125462
v -0.020106 -2.236466 0.144988
v -0.038685 -2.236503 0.141107
v -0.032027 -2.259076 0.122298
v -0.024074 -2.216319 0.163683
v -0.045228 -2.216358 0.159093
v -0.056608 -2.236545 0.134862
v -0.047378 -2.259115 0.117111
v -0.065615 -2.216402 0.151815
v 0.000029 -2.259017 0.126533
v -0.001187 -2.236440 0.146422
v -0.002512 -2.216291 0.165484
v -0.027658 -2.198214 0.180660
v -0.051138 -2.198253 0.175433
v -0.073749 -2.198302 0.167224
v 0.098753 -2.216378 0.133041
v 0.087394 -2.236530 0.117299
v 0.101769 -2.236592 0.104901
v 0.115256 -2.216448 0.119029
v 0.075430 -2.259112 0.100962
v 0.087603 -2.259169 0.090261
v 0.114420 -2.236668 0.090747
v 0.129810 -2.216532 0.103000
v 0.098289 -2.259237 0.078073
v 0.080573 -2.216325 0.144772
v 0.109002 -2.198279 0.147341
v 0.071532 -2.236481 0.127706
v 0.061971 -2.259067 0.109975
v 0.143693 -2.198451 0.114145
v 0.127423 -2.198356 0.131869
v -0.173066 -2.153511 -0.142876
v -0.153203 -2.153628 -0.164306
v -0.145772 -2.168298 -0.156102
v -0.164656 -2.168186 -0.135710
v -0.130740 -2.153737 -0.182988
v -0.124414 -2.168401 -0.173882
v -0.137068 -2.183503 -0.146083
v -0.154774 -2.183398 -0.126915
v -0.117035 -2.183599 -0.162805
v -0.180353 -2.138813 -0.148908
v -0.159655 -2.138935 -0.171235
v -0.136249 -2.139047 -0.190698
v -0.110519 -2.139142 -0.206929
v -0.106047 -2.153830 -0.198570
v -0.100932 -2.168492 -0.188716
v -0.095005 -2.183686 -0.176766
v -0.163579 -1.795622 -0.030447
v -0.143504 -1.775578 -0.027350
v -0.139280 -1.775675 -0.045877
v -0.158761 -1.795727 -0.051577
v -0.122599 -1.753103 -0.024134
v -0.118993 -1.753191 -0.039951
v -0.132701 -1.775768 -0.063701
v -0.151259 -1.795829 -0.071904
v -0.113376 -1.753276 -0.055171
v -0.183956 -1.813499 -0.009274
v -0.165604 -1.795515 -0.008879
v -0.181706 -1.813619 -0.033239
v -0.145278 -1.775482 -0.008438
v -0.124113 -1.753017 -0.007989
v -0.105828 -1.753351 -0.069522
v -0.123863 -1.775854 -0.080505
v -0.141181 -1.795925 -0.091064
v -0.168015 -1.813845 -0.079306
v -0.156818 -1.813950 -0.100594
v -0.176352 -1.813734 -0.056719
v 0.031312 -2.183867 -0.198576
v 0.033625 -2.168661 -0.211734
v 0.060723 -2.168627 -0.205581
v 0.056762 -2.183837 -0.192837
v 0.035426 -2.153985 -0.222685
v 0.063913 -2.153948 -0.216203
v 0.086800 -2.168566 -0.195984
v 0.081258 -2.183781 -0.183860
v 0.091324 -2.153884 -0.206099
v 0.005341 -2.183873 -0.200954
v 0.005970 -2.168671 -0.214307
v 0.006352 -2.153997 -0.225407
v 0.117172 -2.153791 -0.192515
v 0.111392 -2.168477 -0.183075
v 0.104366 -2.183698 -0.171770
v -0.151585 -2.217449 -0.065725
v -0.133458 -2.237444 -0.055338
v -0.139707 -2.237362 -0.037432
v -0.158867 -2.217353 -0.045359
v -0.114522 -2.259872 -0.044704
v -0.119714 -2.259805 -0.029366
v -0.143586 -2.237274 -0.018866
v -0.163454 -2.217251 -0.024221
v -0.122877 -2.259733 -0.013480
v -0.123942 -2.259652 0.002679
v -0.145011 -2.237179 0.000045
v -0.165245 -2.217142 -0.002669
v 0.140995 -2.153669 -0.175627
v 0.162421 -2.153527 -0.155769
v 0.154448 -2.168225 -0.148145
v 0.134059 -2.168361 -0.167023
v 0.181102 -2.153375 -0.133311
v 0.172227 -2.168079 -0.126792
v 0.144839 -2.183462 -0.139028
v 0.125670 -2.183590 -0.156728
v 0.161561 -2.183325 -0.119001
v 0.146890 -2.138961 -0.183003
v 0.169214 -2.138814 -0.162309
v 0.188678 -2.138659 -0.138907
v 0.148611 -2.199668 -0.109586
v 0.133137 -2.199794 -0.128009
v 0.115414 -2.199909 -0.144278
v -0.117178 -1.830625 -0.165672
v -0.124764 -1.845929 -0.176081
v -0.146121 -1.845846 -0.158337
v -0.137230 -1.830545 -0.149014
v -0.131142 -1.860686 -0.184829
v -0.153598 -1.860603 -0.166168
v -0.165005 -1.845751 -0.137979
v -0.154960 -1.830451 -0.129903
v -0.173456 -1.860509 -0.144756
v -0.108074 -1.814212 -0.153178
v -0.190349 -1.860398 -0.120937
v -0.181071 -1.845642 -0.115330
v -0.170044 -1.830346 -0.108640
v -0.142911 -1.814049 -0.120198
v -0.126563 -1.814138 -0.137818
v 0.025860 -1.796214 -0.167878
v 0.022633 -1.776115 -0.147897
v 0.041139 -1.776091 -0.143667
v 0.046960 -1.796185 -0.163047
v 0.019267 -1.753587 -0.127090
v 0.035072 -1.753568 -0.123487
v 0.058945 -1.776054 -0.137080
v 0.067262 -1.796141 -0.155527
v 0.050278 -1.753536 -0.117871
v 0.004318 -1.796233 -0.169907
v 0.003740 -1.776129 -0.149671
v 0.003133 -1.753595 -0.128600
v 0.186077 -1.829929 -0.075454
v 0.193776 -1.829786 -0.050526
v 0.206414 -1.845076 -0.053466
v 0.198212 -1.845227 -0.080012
v 0.198192 -1.829645 -0.024813
v 0.211117 -1.844926 -0.026084
v 0.217051 -1.859833 -0.055935
v 0.208427 -1.859992 -0.083842
v 0.221996 -1.859675 -0.027147
v 0.171530 -1.813548 -0.069991
v 0.178628 -1.813415 -0.047003
v 0.182698 -1.813283 -0.023293
v 0.199220 -1.829509 0.001241
v 0.212212 -1.844783 0.001666
v 0.223146 -1.859525 0.002028
v 0.152086 -2.123784 -0.189534
v 0.156633 -2.108101 -0.195272
v 0.180446 -2.107956 -0.173196
v 0.175203 -2.123636 -0.168103
v 0.160513 -2.091979 -0.200191
v 0.184920 -2.091838 -0.177564
v 0.201209 -2.107799 -0.148233
v 0.195360 -2.123479 -0.143868
v 0.206200 -2.091685 -0.151976
v 0.163706 -2.075482 -0.204263
v 0.188600 -2.075348 -0.181179
v 0.210305 -2.075202 -0.155076
v 0.228419 -2.075049 -0.126383
v 0.223958 -2.091529 -0.123851
v 0.218536 -2.107643 -0.120793
v 0.212181 -2.123324 -0.117229
v 0.086155 -1.888473 0.221144
v 0.056043 -1.888427 0.230427
v 0.057755 -1.904117 0.237567
v 0.088776 -1.904167 0.227997
v 0.024981 -1.888404 0.235744
v 0.025755 -1.904089 0.243052
v 0.059219 -1.920242 0.243684
v 0.091017 -1.920294 0.233867
v 0.026418 -1.920211 0.249315
v 0.114787 -1.888542 0.208017
v -0.006501 -1.888401 0.236971
v -0.006677 -1.904082 0.244324
v -0.006826 -1.920202 0.250626
v 0.026966 -1.936704 0.254502
v 0.060428 -1.936735 0.248751
v 0.092866 -1.936787 0.238731
v 0.121250 -1.920366 0.219996
v 0.123707 -1.936857 0.224578
v 0.118272 -1.904238 0.214469
v 0.131008 -1.858697 0.176761
v 0.153471 -1.858800 0.158082
v 0.145947 -1.844076 0.150080
v 0.124580 -1.843981 0.167849
v 0.173335 -1.858915 0.136653
v 0.164841 -1.844185 0.129697
v 0.137007 -1.828829 0.140578
v 0.116944 -1.828743 0.157265
v 0.154748 -1.828929 0.121438
v 0.136540 -1.873435 0.184430
v 0.159946 -1.873543 0.164968
v 0.180643 -1.873661 0.142642
v 0.198248 -1.873781 0.117817
v 0.190231 -1.859033 0.112828
v 0.180911 -1.844299 0.107037
v 0.169837 -1.829037 0.100161
v 0.142648 -1.812608 0.111540
v 0.126288 -1.812517 0.129191
v 0.107788 -1.812440 0.144581
v -0.095725 -1.990329 -0.253615
v -0.095131 -1.973172 -0.252118
v -0.061846 -1.973219 -0.262384
v -0.062221 -1.990370 -0.263955
v -0.094133 -1.956154 -0.249554
v -0.061207 -1.956209 -0.259703
v -0.027512 -1.973241 -0.268259
v -0.027662 -1.990386 -0.269877
v -0.027246 -1.956239 -0.265506
v -0.127839 -2.007499 -0.239384
v -0.127584 -1.990269 -0.238998
v -0.095911 -2.007558 -0.254036
v -0.126784 -1.973107 -0.237598
v -0.125444 -1.956083 -0.235192
v -0.092733 -1.939344 -0.245931
v -0.060307 -1.939407 -0.255922
v -0.026862 -1.939445 -0.261632
v -0.027695 -2.007608 -0.270348
v -0.062332 -2.007595 -0.264404
v 0.225332 -2.123179 -0.088608
v 0.232083 -2.107493 -0.091310
v 0.241674 -2.107346 -0.060306
v 0.234643 -2.123039 -0.058509
v 0.237842 -2.091375 -0.093632
v 0.247672 -2.091221 -0.061853
v 0.247177 -2.107197 -0.028321
v 0.239985 -2.122898 -0.027458
v 0.253311 -2.091062 -0.029070
v 0.242580 -2.074893 -0.095555
v 0.252606 -2.074732 -0.063136
v 0.258358 -2.074564 -0.029694
v 0.254624 -2.090892 0.004162
v 0.248457 -2.107037 0.004103
v 0.241228 -2.122747 0.004020
v 0.251234 -1.921198 0.036353
v 0.245101 -1.905060 0.035274
v 0.237888 -1.904922 0.066932
v 0.243843 -1.921052 0.068798
v 0.237918 -1.889353 0.034036
v 0.230916 -1.889223 0.064771
v 0.226647 -1.904796 0.097393
v 0.232323 -1.920920 0.100016
v 0.220002 -1.889102 0.094346
v 0.256292 -1.937704 0.037268
v 0.229715 -1.874142 0.032648
v 0.222953 -1.874017 0.062326
v 0.212414 -1.873899 0.090885
v 0.205332 -1.888983 0.122235
v 0.211537 -1.904675 0.126118
v 0.216837 -1.920795 0.129452
v 0.237002 -1.937408 0.102202
v 0.221208 -1.937279 0.132226
v 0.248753 -1.937549 0.070362
v -0.204543 -1.955807 -0.169441
v -0.181098 -1.955915 -0.194742
v -0.183038 -1.972938 -0.196717
v -0.206736 -1.972827 -0.171149
v -0.154586 -1.956004 -0.216799
v -0.156241 -1.973030 -0.219007
v -0.184198 -1.990099 -0.197863
v -0.208045 -1.989984 -0.172139
v -0.157230 -1.990192 -0.220289
v -0.224487 -1.955675 -0.141310
v -0.157548 -2.007423 -0.220639
v -0.184572 -2.007327 -0.198171
v -0.208467 -2.007210 -0.172400
v -0.228329 -1.989846 -0.143537
v -0.228791 -2.007070 -0.143744
v -0.226893 -1.972691 -0.142721
v 0.217147 -2.024249 -0.160370
v 0.215786 -2.041409 -0.159275
v 0.193513 -2.041535 -0.186079
v 0.194731 -2.024364 -0.187351
v 0.213504 -2.058419 -0.157510
v 0.191467 -2.058556 -0.184020
v 0.167966 -2.041648 -0.209783
v 0.169021 -2.024467 -0.211213
v 0.166193 -2.058680 -0.207463
v 0.236325 -2.006883 -0.131073
v 0.235852 -2.024115 -0.130714
v 0.217580 -2.007013 -0.160794
v 0.234373 -2.041269 -0.129814
v 0.231893 -2.058272 -0.128371
v 0.169352 -2.007217 -0.211748
v 0.195117 -2.007121 -0.187835
v -0.071325 -2.183759 -0.187685
v -0.075698 -2.168566 -0.200306
v -0.049158 -2.168622 -0.208506
v -0.046415 -2.183817 -0.195424
v -0.079513 -2.153904 -0.210738
v -0.051608 -2.153957 -0.219342
v -0.021780 -2.168657 -0.213209
v -0.020713 -2.183856 -0.199881
v -0.022823 -2.153988 -0.224269
v -0.082871 -2.139215 -0.219606
v -0.053795 -2.139265 -0.228568
v -0.023801 -2.139293 -0.233700
v -0.122861 -2.259561 0.018840
v -0.119682 -2.259465 0.034732
v -0.140376 -2.236967 0.037626
v -0.143924 -2.237074 0.018982
v -0.114475 -2.259376 0.050082
v -0.134449 -2.236867 0.055659
v -0.160288 -2.216907 0.040228
v -0.164170 -2.217025 0.018935
v -0.153687 -2.216795 0.060842
v -0.171064 -2.198778 0.065629
v -0.178276 -2.198903 0.042684
v -0.182463 -2.199032 0.019000
v -0.104396 -1.794756 0.124082
v -0.091593 -1.774834 0.108133
v -0.105524 -1.774923 0.095246
v -0.120279 -1.794857 0.109380
v -0.078263 -1.752484 0.091515
v -0.090161 -1.752559 0.080519
v -0.117671 -1.775020 0.080671
v -0.134128 -1.794967 0.092750
v -0.100535 -1.752640 0.068081
v -0.086738 -1.794670 0.136588
v -0.076108 -1.774758 0.119097
v -0.065040 -1.752420 0.100874
v -0.109191 -1.752720 0.054399
v -0.127806 -1.775117 0.064639
v -0.145682 -1.795080 0.074461
v 0.098197 -2.260064 -0.072755
v 0.087488 -2.260142 -0.084952
v 0.103579 -2.237732 -0.100258
v 0.115982 -2.237637 -0.085867
v 0.075296 -2.260212 -0.095664
v 0.089422 -2.237818 -0.112926
v 0.119130 -2.217745 -0.114882
v 0.133146 -2.217634 -0.098371
v 0.103100 -2.217847 -0.129443
v 0.107221 -2.259985 -0.059279
v 0.144884 -2.217521 -0.080185
v 0.126399 -2.237541 -0.069993
v -0.203950 -1.860270 -0.095078
v -0.214074 -1.860126 -0.067647
v -0.203636 -1.845389 -0.064646
v -0.194007 -1.845521 -0.090737
v -0.220574 -1.859972 -0.039136
v -0.209820 -1.845248 -0.037525
v -0.191230 -1.830111 -0.061053
v -0.182188 -1.830232 -0.085551
v -0.197037 -1.829984 -0.035587
v -0.212499 -1.875037 -0.098788
v -0.223048 -1.874883 -0.070206
v -0.229820 -1.874716 -0.040501
v -0.232662 -1.874542 -0.010186
v -0.223304 -1.859810 -0.010039
v -0.212418 -1.845100 -0.009846
v -0.199477 -1.829850 -0.009595
v -0.164759 -1.795408 0.012762
v -0.161099 -1.795300 0.034109
v -0.141327 -1.775300 0.029257
v -0.144537 -1.775390 0.010538
v -0.154711 -1.795191 0.054798
v -0.135725 -1.775210 0.047398
v -0.120739 -1.752866 0.024195
v -0.123480 -1.752939 0.008213
v -0.115955 -1.752794 0.039683
v -0.183017 -1.813376 0.014772
v -0.178950 -1.813251 0.038491
v -0.171852 -1.813125 0.061479
v 0.154340 -1.795560 -0.063542
v 0.135304 -1.775542 -0.056409
v 0.140902 -1.775431 -0.038256
v 0.160726 -1.795437 -0.042848
v 0.115476 -1.753096 -0.048988
v 0.120253 -1.752998 -0.033484
v 0.144111 -1.775321 -0.019535
v 0.164388 -1.795316 -0.021505
v 0.122992 -1.752901 -0.017496
v -0.261987 -1.954750 0.023902
v -0.264793 -1.971762 0.024266
v -0.258891 -1.971578 0.058598
v -0.256148 -1.954569 0.057863
v -0.266468 -1.988915 0.024516
v -0.260529 -1.988728 0.059071
v -0.248605 -1.971400 0.091883
v -0.245971 -1.954394 0.090786
v -0.250177 -1.988547 0.092576
v -0.259395 -1.938139 -0.010488
v -0.263346 -1.954939 -0.010520
v -0.258057 -1.937951 0.023413
v -0.266167 -1.971954 -0.010529
v -0.267851 -1.989108 -0.010505
v -0.268394 -2.006330 -0.010436
v -0.267008 -2.006137 0.024660
v -0.261056 -2.005949 0.059290
v -0.250683 -2.005766 0.092868
v -0.236032 -2.005591 0.124807
v -0.235556 -1.988373 0.124443
v -0.234076 -1.971228 0.123540
v -0.231596 -1.954226 0.122097
v -0.242282 -1.937601 0.089282
v -0.228122 -1.937436 0.120113
v -0.252307 -1.937772 0.056860
v 0.250475 -2.023960 -0.098853
v 0.260828 -2.023787 -0.065351
v 0.259191 -2.040944 -0.064880
v 0.248904 -2.041113 -0.098163
v 0.266767 -2.023601 -0.030796
v 0.265093 -2.040763 -0.030550
v 0.256449 -2.057950 -0.064144
v 0.246270 -2.058115 -0.097065
v 0.262288 -2.057775 -0.030185
v 0.250979 -2.006727 -0.099141
v 0.261353 -2.006550 -0.065564
v 0.267304 -2.006359 -0.030932
v -0.090935 -1.922810 -0.241263
v -0.088749 -1.906628 -0.235573
v -0.057735 -1.906701 -0.245128
v -0.059148 -1.922880 -0.251055
v -0.086183 -1.890871 -0.228889
v -0.056074 -1.890943 -0.238169
v -0.025744 -1.906749 -0.250591
v -0.026361 -1.922924 -0.256652
v -0.025016 -1.890991 -0.243478
v 0.006460 -1.890999 -0.244692
v 0.006677 -1.906756 -0.251837
v 0.006868 -1.922928 -0.257926
v -0.225044 -1.889227 0.082367
v -0.234351 -1.889395 0.052257
v -0.241381 -1.905109 0.054047
v -0.231792 -1.904940 0.085059
v -0.239688 -1.889570 0.021193
v -0.246879 -1.905286 0.022052
v -0.247376 -1.921260 0.055585
v -0.237548 -1.921090 0.087369
v -0.253013 -1.921438 0.022795
v -0.217332 -1.874030 0.079306
v -0.211895 -1.889069 0.110992
v -0.226318 -1.874195 0.050229
v -0.231469 -1.874367 0.020228
v -0.240926 -1.889751 -0.010298
v -0.248156 -1.905470 -0.010382
v -0.254323 -1.921624 -0.010443
v -0.223665 -1.920928 0.117591
v -0.218247 -1.904780 0.114545
v 0.187102 -1.888862 0.147940
v 0.165669 -1.888743 0.171057
v 0.170684 -1.904437 0.176400
v 0.192760 -1.904554 0.152591
v 0.141431 -1.888634 0.191209
v 0.145718 -1.904330 0.197155
v 0.174970 -1.920560 0.180979
v 0.197594 -1.920674 0.156581
v 0.149382 -1.920456 0.202250
v 0.152403 -1.936944 0.206474
v 0.178503 -1.937045 0.184778
v 0.201580 -1.937157 0.159895
v 0.114379 -2.259910 -0.044742
v 0.134622 -2.237448 -0.052891
v 0.140546 -2.237356 -0.034863
v 0.119581 -2.259838 -0.029400
v 0.154112 -2.217411 -0.060612
v 0.160711 -2.217303 -0.039999
v 0.144091 -2.237264 -0.016224
v 0.122756 -2.259763 -0.013518
v 0.164592 -2.217195 -0.018710
v -0.213035 -2.056824 0.151813
v -0.191001 -2.056669 0.178330
v -0.193105 -2.039652 0.180201
v -0.215375 -2.039805 0.153388
v -0.165729 -2.056531 0.201778
v -0.167562 -2.039517 0.203913
v -0.194386 -2.022496 0.181293
v -0.216796 -2.022648 0.154299
v -0.168680 -2.022363 0.205166
v -0.209785 -2.073635 0.149579
v -0.231422 -2.056990 0.122668
v -0.188082 -2.073477 0.175687
v -0.163189 -2.073335 0.198774
v -0.135510 -2.073215 0.218408
v -0.137627 -2.056416 0.221720
v -0.139158 -2.039407 0.224078
v -0.140094 -2.022257 0.225467
v -0.169074 -2.005141 0.205524
v -0.194834 -2.005273 0.181597
v -0.217292 -2.005425 0.154541
v -0.235497 -2.022814 0.124631
v -0.233958 -2.039970 0.123918
v 0.128343 -1.794704 0.099843
v 0.112499 -1.774788 0.086885
v 0.099583 -1.774714 0.100829
v 0.113617 -1.794622 0.115734
v 0.095997 -1.752454 0.073381
v 0.084964 -1.752390 0.085297
v 0.084976 -1.774653 0.112989
v 0.096964 -1.794553 0.129592
v 0.072489 -1.752335 0.095688
v -0.165901 -1.953779 0.201203
v -0.191174 -1.953913 0.177756
v -0.193223 -1.970911 0.179823
v -0.167679 -1.970778 0.203534
v -0.213209 -1.954064 0.151241
v -0.215493 -1.971063 0.153009
v -0.194445 -1.988055 0.181105
v -0.168739 -1.987922 0.204978
v -0.216856 -1.988207 0.154110
v -0.163411 -1.936997 0.197995
v -0.188305 -1.937129 0.174912
v -0.210010 -1.937277 0.148808
v -0.149080 -2.092077 -0.208534
v -0.145418 -2.108197 -0.203438
v -0.170384 -2.108087 -0.182681
v -0.174668 -2.091969 -0.187262
v -0.141134 -2.123878 -0.197487
v -0.165372 -2.123766 -0.177334
v -0.192461 -2.107962 -0.158870
v -0.197295 -2.091844 -0.162860
v -0.186806 -2.123642 -0.154215
v -0.123404 -2.075676 -0.230863
v -0.120948 -2.092167 -0.226282
v -0.152101 -2.075589 -0.212759
v -0.117971 -2.108290 -0.220753
v -0.114489 -2.123972 -0.214296
v -0.201281 -2.075361 -0.166173
v -0.178202 -2.075484 -0.191061
v -0.205907 -1.920774 0.145716
v -0.184626 -1.920631 0.171299
v -0.180155 -1.904495 0.166938
v -0.200920 -1.904631 0.141982
v -0.160218 -1.920505 0.193921
v -0.156339 -1.904375 0.189004
v -0.174914 -1.888796 0.161851
v -0.195073 -1.888925 0.137626
v -0.151792 -1.888683 0.183270
v -0.133080 -1.920398 0.213160
v -0.129859 -1.904274 0.207770
v -0.126084 -1.888587 0.201484
v 0.262098 -1.954888 -0.030713
v 0.264963 -1.971926 -0.030894
v 0.259064 -1.972126 -0.065232
v 0.256262 -1.955090 -0.064681
v 0.266701 -1.989109 -0.030966
v 0.260763 -1.989304 -0.065525
v 0.248779 -1.972314 -0.098521
v 0.246087 -1.955282 -0.097612
v 0.250412 -1.989487 -0.099030
v 0.263456 -1.954691 0.003712
v 0.266336 -1.971728 0.003904
v 0.268083 -1.988912 0.004057
v 0.235789 -1.989647 -0.130893
v 0.234249 -1.972479 -0.130176
v 0.231712 -1.955451 -0.128923
v -0.232290 -1.922184 -0.107283
v -0.243822 -1.922007 -0.076038
v -0.237907 -1.905844 -0.074390
v -0.226655 -1.906015 -0.104877
v -0.251221 -1.921817 -0.043573
v -0.245128 -1.905659 -0.042710
v -0.230972 -1.890111 -0.072445
v -0.220048 -1.890275 -0.102044
v -0.237984 -1.889934 -0.041687
v -0.236926 -1.938708 -0.109258
v -0.248687 -1.938527 -0.077390
v -0.256233 -1.938333 -0.044278
v -0.197942 -2.182683 0.019405
v -0.193476 -2.182543 0.045107
v -0.206133 -2.167291 0.047472
v -0.210852 -2.167440 0.020092
v -0.185727 -2.182405 0.070017
v -0.197917 -2.167140 0.074013
v -0.216771 -2.152578 0.049719
v -0.221719 -2.152736 0.020931
v -0.208145 -2.152416 0.077626
v 0.238290 -2.122583 0.035398
v 0.245431 -2.106863 0.036425
v 0.238212 -2.106682 0.068098
v 0.231282 -2.122410 0.066148
v 0.251523 -2.090710 0.037288
v 0.244126 -2.090522 0.069748
v 0.226963 -2.106501 0.098578
v 0.220360 -2.122236 0.095741
v 0.232598 -2.090337 0.100983
v 0.230132 -2.137796 0.034203
v 0.217105 -2.090165 0.130437
v 0.211846 -2.106331 0.127320
v 0.205683 -2.122070 0.123646
v 0.212819 -2.137466 0.092470
v 0.198646 -2.137306 0.119417
v 0.223365 -2.137632 0.063895
v 0.203826 -1.859149 0.086983
v 0.213939 -1.859266 0.059578
v 0.203458 -1.844529 0.056395
v 0.193840 -1.844413 0.082457
v 0.220427 -1.859390 0.031099
v 0.209627 -1.844651 0.029312
v 0.191004 -1.829262 0.052621
v 0.181976 -1.829148 0.077085
v 0.196795 -1.829382 0.027196
v -0.027612 -2.024841 -0.269664
v -0.027412 -2.042008 -0.267833
v -0.061757 -2.041988 -0.261929
v -0.062177 -2.024826 -0.263726
v -0.027097 -2.059029 -0.264869
v -0.061073 -2.059004 -0.259028
v -0.095052 -2.041946 -0.251642
v -0.095686 -2.024788 -0.253375
v -0.094010 -2.058957 -0.248851
v -0.026665 -2.075826 -0.260786
v -0.060125 -2.075796 -0.255037
v -0.092563 -2.075746 -0.245016
v -0.125326 -2.058890 -0.234478
v -0.126708 -2.041883 -0.237113
v -0.127546 -2.024729 -0.238753
v -0.103633 -1.920314 0.228638
v -0.072406 -1.920253 0.240150
v -0.070659 -1.904135 0.234098
v -0.101127 -1.904194 0.222868
v -0.039952 -1.920216 0.247533
v -0.038996 -1.904098 0.241303
v -0.068612 -1.888455 0.227039
v -0.098191 -1.888511 0.216138
v -0.037874 -1.888418 0.234034
v 0.173791 -2.151933 0.138428
v 0.153926 -2.151807 0.159861
v 0.146518 -2.166582 0.152052
v 0.165403 -2.166698 0.131657
v 0.131463 -2.151700 0.178543
v 0.125160 -2.166484 0.169832
v 0.137791 -2.181911 0.142829
v 0.155495 -2.182017 0.123657
v 0.117760 -2.181823 0.159551
v 0.181037 -2.137158 0.144251
v 0.190689 -2.152074 0.114594
v 0.160337 -2.137026 0.166582
v 0.136930 -2.136913 0.186046
v 0.170544 -2.182136 0.102350
v 0.181463 -2.166829 0.108983
v -0.096451 -1.753412 -0.082746
v -0.085428 -1.753459 -0.094639
v -0.099977 -1.775993 -0.109904
v -0.112884 -1.775930 -0.095985
v -0.072961 -1.753497 -0.105007
v -0.085381 -1.776045 -0.122038
v -0.113949 -1.796091 -0.124573
v -0.128663 -1.796013 -0.108710
v -0.097307 -1.796156 -0.138401
v -0.059256 -1.753528 -0.113659
v -0.069332 -1.776084 -0.132166
v -0.079008 -1.796203 -0.149944
v -0.019696 -1.752311 0.117661
v -0.035494 -1.752336 0.114039
v -0.041501 -1.774658 0.134507
v -0.022996 -1.774628 0.138740
v -0.050698 -1.752371 0.108415
v -0.059310 -1.774700 0.127928
v -0.047272 -1.794555 0.154153
v -0.026166 -1.794520 0.158972
v -0.067583 -1.794604 0.146656
v 0.264819 -1.988721 0.038955
v 0.263093 -1.971542 0.038577
v 0.255355 -1.971370 0.072543
v 0.257030 -1.988541 0.073143
v 0.260248 -1.954510 0.038012
v 0.252594 -1.954346 0.071613
v 0.243295 -1.971212 0.105224
v 0.244891 -1.988375 0.106037
v 0.240663 -1.954197 0.103942
v 0.224626 -1.954061 0.134426
v 0.227084 -1.971068 0.136039
v 0.228574 -1.988224 0.137053
v -0.059338 -1.796232 -0.158977
v -0.052082 -1.776111 -0.140088
v -0.033938 -1.776127 -0.145700
v -0.038648 -1.796245 -0.165378
v -0.044527 -1.753555 -0.120424
v -0.029037 -1.753577 -0.125213
v -0.015224 -1.776133 -0.148922
v -0.017307 -1.796244 -0.169053
v -0.013059 -1.753591 -0.127960
v -0.207997 -2.024434 -0.171923
v -0.184155 -2.024553 -0.197633
v -0.182951 -2.041704 -0.196260
v -0.206639 -2.041583 -0.170718
v -0.157191 -2.024651 -0.220049
v -0.156162 -2.041803 -0.218530
v -0.180965 -2.058705 -0.194065
v -0.204399 -2.058583 -0.168797
v -0.154464 -2.058807 -0.216095
v -0.228276 -2.024291 -0.143333
v -0.224331 -2.058438 -0.140697
v -0.226787 -2.041438 -0.142313
v 0.168954 -1.989975 -0.211384
v 0.167835 -1.972811 -0.210128
v 0.193384 -1.972717 -0.186431
v 0.194666 -1.989882 -0.187526
v 0.166001 -1.955793 -0.207993
v 0.191279 -1.955696 -0.184558
v 0.215661 -1.972610 -0.159634
v 0.217083 -1.989776 -0.160547
v 0.213320 -1.955586 -0.158058
v 0.220896 -2.152536 0.032826
v 0.214405 -2.152381 0.061317
v 0.203991 -2.167115 0.058311
v 0.210149 -2.167261 0.031216
v 0.204288 -2.152225 0.088735
v 0.194383 -2.166969 0.084388
v 0.191624 -2.182400 0.054757
v 0.197368 -2.182537 0.029315
v 0.182640 -2.182265 0.079246
v 0.027915 -1.987674 0.263377
v 0.062483 -1.987699 0.257431
v 0.062060 -1.970541 0.255642
v 0.027714 -1.970513 0.261550
v 0.095994 -1.987741 0.247074
v 0.095356 -1.970586 0.245352
v 0.061375 -1.953527 0.252743
v 0.027398 -1.953497 0.258586
v 0.094313 -1.953576 0.242565
v 0.127854 -1.987800 0.232451
v 0.127012 -1.970648 0.230822
v 0.125629 -1.953642 0.228192
v -0.085856 -2.124045 -0.227425
v -0.088475 -2.108362 -0.234282
v -0.057454 -2.108413 -0.243853
v -0.055744 -2.124095 -0.236710
v -0.090714 -2.092238 -0.240153
v -0.058917 -2.092290 -0.249970
v -0.025454 -2.108443 -0.249339
v -0.024681 -2.124123 -0.242029
v -0.026116 -2.092320 -0.255601
v -0.039690 -2.089534 0.248536
v -0.072143 -2.089573 0.241152
v -0.070357 -2.105740 0.235319
v -0.038693 -2.105700 0.242525
v -0.103370 -2.089639 0.229638
v -0.100824 -2.105807 0.224086
v -0.068269 -2.121493 0.228468
v -0.037531 -2.121453 0.235465
v -0.097847 -2.121559 0.217564
v -0.040518 -2.073024 0.253479
v -0.073623 -2.073061 0.245948
v -0.105475 -2.073124 0.234202
v -0.132815 -2.089734 0.214156
v -0.129554 -2.105903 0.208983
v -0.125738 -2.121653 0.202903
v -0.094448 -2.136827 0.210089
v -0.065886 -2.136763 0.220618
v -0.036204 -2.136722 0.227375
v -0.041970 -2.022111 0.261708
v -0.076168 -2.022135 0.253930
v -0.075642 -2.039275 0.252355
v -0.041663 -2.039247 0.260083
v -0.109071 -2.022182 0.241794
v -0.108333 -2.039327 0.240297
v -0.074791 -2.056273 0.249688
v -0.041178 -2.056240 0.257334
v -0.107132 -2.056331 0.237761
v -0.264586 -1.989305 -0.045405
v -0.262923 -1.972150 -0.045205
v -0.255181 -1.972345 -0.079183
v -0.256795 -1.989499 -0.079599
v -0.260136 -1.955135 -0.044826
v -0.252476 -1.955330 -0.078442
v -0.243113 -1.972528 -0.111882
v -0.244652 -1.989682 -0.112505
v -0.240536 -1.955513 -0.110795
v -0.265122 -2.006527 -0.045411
v -0.245147 -2.006905 -0.112651
v -0.257315 -2.006721 -0.079678
v 0.187448 -2.121918 0.149362
v 0.193064 -2.106179 0.153805
v 0.170986 -2.106046 0.177619
v 0.166013 -2.121783 0.172485
v 0.197858 -2.090014 0.157576
v 0.175231 -2.089884 0.181980
v 0.146019 -2.105932 0.198377
v 0.141774 -2.121669 0.192639
v 0.149642 -2.089774 0.203252
v 0.201800 -2.073496 0.160673
v 0.178721 -2.073369 0.185562
v 0.152621 -2.073263 0.207259
v 0.208299 -1.988090 0.165635
v 0.206939 -1.970939 0.164436
v 0.183254 -1.970826 0.189974
v 0.184460 -1.987975 0.191338
v 0.204698 -1.953937 0.162518
v 0.181267 -1.953824 0.187782
v 0.156465 -1.970729 0.212241
v 0.157498 -1.987878 0.213749
v 0.154766 -1.953726 0.209810
v 0.208773 -2.005314 0.166099
v 0.157863 -2.005099 0.214318
v 0.184882 -2.005196 0.191859
v 0.103641 -1.922685 -0.235853
v 0.072422 -1.922794 -0.247386
v 0.070637 -1.906627 -0.241556
v 0.101097 -1.906519 -0.230304
v 0.039980 -1.922880 -0.254799
v 0.038984 -1.906711 -0.248787
v 0.068554 -1.890878 -0.234714
v 0.098123 -1.890774 -0.223790
v 0.037825 -1.890958 -0.241734
v -0.159951 -2.089857 0.194912
v -0.184356 -2.090003 0.172283
v -0.179842 -2.106176 0.168132
v -0.156030 -2.106028 0.190208
v -0.205635 -2.090165 0.146693
v -0.200604 -2.106340 0.143165
v -0.174560 -2.121923 0.163248
v -0.151442 -2.121777 0.184678
v -0.194715 -2.122087 0.139011
v 0.154935 -2.056470 0.210388
v 0.181436 -2.056573 0.188359
v 0.183369 -2.039566 0.190353
v 0.156581 -2.039466 0.212621
v 0.204869 -2.056697 0.163090
v 0.207056 -2.039687 0.164812
v 0.184519 -2.022417 0.191526
v 0.157557 -2.022318 0.213938
v 0.208358 -2.022536 0.165821
v 0.061003 -2.216291 0.153985
v 0.040389 -2.216275 0.160565
v 0.036400 -2.236430 0.141822
v 0.054432 -2.236448 0.135915
v 0.019097 -2.216275 0.164426
v 0.017754 -2.236427 0.145350
v 0.032087 -2.259014 0.122305
v 0.047437 -2.259034 0.117119
v 0.016194 -2.259008 0.125465
v -0.186348 -1.829430 0.067137
v -0.194047 -1.829571 0.042206
v -0.206632 -1.844793 0.045318
v -0.198432 -1.844641 0.071867
v -0.198459 -1.829712 0.016483
v -0.211332 -1.844947 0.017924
v -0.217219 -1.859480 0.047950
v -0.208596 -1.859320 0.075859
v -0.222161 -1.859644 0.019154
v -0.261814 -2.057515 0.024473
v -0.255975 -2.057335 0.058433
v -0.258774 -2.040320 0.058976
v -0.264676 -2.040504 0.024645
v -0.245797 -2.057160 0.091357
v -0.248487 -2.040142 0.092261
v -0.260470 -2.023169 0.059260
v -0.266409 -2.023356 0.024704
v -0.250118 -2.022988 0.092764
v -0.263174 -2.057702 -0.009947
v -0.267792 -2.023549 -0.010316
v -0.266050 -2.040695 -0.010150
v -0.034689 -2.151544 0.218207
v -0.063175 -2.151584 0.211723
v -0.059957 -2.166405 0.201476
v -0.032860 -2.166364 0.207630
v -0.090587 -2.151644 0.201621
v -0.086035 -2.166461 0.191879
v -0.056017 -2.181777 0.189503
v -0.030566 -2.181737 0.195248
v -0.080515 -2.181829 0.180527
v -0.240372 -2.058271 -0.110202
v -0.252307 -2.058087 -0.077862
v -0.255066 -2.041085 -0.078799
v -0.243002 -2.041270 -0.111489
v -0.259965 -2.057895 -0.044251
v -0.262807 -2.040891 -0.044825
v -0.256737 -2.023940 -0.079408
v -0.244595 -2.024124 -0.112309
v -0.264528 -2.023746 -0.045215
vn 0.3407 0.0227 -0.9399
vn 0.2757 0.0303 -0.9608
vn 0.2756 0.0303 -0.9608
vn 0.4029 0.0276 -0.9149
vn 0.4028 0.0276 -0.9149
vn 0.0869 0.0293 -0.9958
vn 0.4057 0.0226 -0.9137
vn 0.4064 0.0260 -0.9133
vn 0.4063 0.0259 -0.9134
vn 0.4056 0.0226 -0.9138
vn 0.2161 0.0225 -0.9761
vn 0.4194 0.0463 -0.9066
vn 0.4193 0.0463 -0.9067
vn 0.2938 0.0475 -0.9547
vn 0.4067 0.0292 -0.9131
vn 0.2260 0.0434 -0.9731
vn 0.2260 0.0434 -0.9732
vn 0.2314 0.0272 -0.9725
vn 0.3683 0.0448 -0.9286
vn 0.3684 0.0448 -0.9286
vn -0.7639 0.0317 0.6445
vn -0.7640 0.0317 0.6445
vn -0.7182 0.0397 0.6947
vn -0.8049 0.0360 0.5924
vn -0.8049 0.0360 0.5923
vn -0.5709 0.0399 0.8200
vn -0.5709 0.0399 0.8201
vn -0.8069 0.0312 0.5899
vn -0.8074 0.0344 0.5890
vn -0.6740 0.0324 0.7380
vn -0.6740 0.0324 0.7381
vn -0.6739 0.0324 0.7381
vn -0.8153 0.0545 0.5765
vn -0.8153 0.0545 0.5764
vn -0.7310 0.0567 0.6801
vn -0.7310 0.0567 0.6800
vn -0.8077 0.0377 0.5884
vn -0.6811 0.0531 0.7303
vn -0.6811 0.0531 0.7302
vn -0.6853 0.0369 0.7274
vn -0.6852 0.0369 0.7274
vn -0.7820 0.0534 0.6209
vn 0.9598 0.1817 -0.2141
vn 0.9540 0.1755 -0.2432
vn 0.9539 0.1755 -0.2432
vn 0.9090 0.3364 -0.2460
vn 0.9233 0.3306 -0.1953
vn 0.9233 0.3306 -0.1954
vn 0.9469 0.0922 -0.3079
vn 0.9470 0.0922 -0.3078
vn 0.9470 0.0922 -0.3079
vn 0.9796 0.0954 -0.1767
vn 0.9550 0.0909 -0.2822
vn 0.9845 0.0896 -0.1505
vn 0.9783 0.1725 -0.1147
vn 0.9422 0.3269 -0.0730
vn 0.9422 0.3269 -0.0731
vn 0.8458 0.5319 -0.0419
vn 0.8327 0.5326 -0.1517
vn 0.8327 0.5326 -0.1518
vn 0.8088 0.5338 -0.2468
vn 0.8088 0.5338 -0.2469
vn 0.7709 0.5318 -0.3506
vn 0.8709 0.3312 -0.3631
vn 0.9239 0.1768 -0.3394
vn -0.9149 0.0300 -0.4025
vn -0.9150 0.0300 -0.4024
vn -0.9396 0.0257 -0.3414
vn -0.9601 0.0338 -0.2776
vn -0.9729 0.0473 -0.2262
vn -0.9725 0.0311 -0.2310
vn -0.9283 0.0474 -0.3687
vn -0.9955 0.0343 -0.0879
vn -0.9955 0.0343 -0.0880
vn -0.9138 0.0251 -0.4055
vn -0.9132 0.0284 -0.4064
vn -0.9133 0.0284 -0.4064
vn -0.9138 0.0251 -0.4054
vn -0.9759 0.0266 -0.2164
vn -0.9063 0.0485 -0.4199
vn -0.9063 0.0485 -0.4198
vn -0.9539 0.0508 -0.2958
vn -0.9129 0.0316 -0.4070
vn -0.9700 0.0369 0.2401
vn -0.9701 0.0369 0.2401
vn -0.9934 0.0331 0.1094
vn -0.9842 0.0288 0.1745
vn -0.9948 0.0515 0.0882
vn -0.9738 0.0539 0.2209
vn -0.9942 0.0347 0.1022
vn -0.9942 0.0314 0.1029
vn -0.9942 0.0314 0.1028
vn -0.9548 0.0504 0.2929
vn -0.9569 0.0342 0.2883
vn -0.9569 0.0342 0.2884
vn -0.9880 0.0505 0.1458
vn -0.9062 0.0374 0.4212
vn -0.9942 0.0282 0.1039
vn -0.9528 0.0297 0.3021
vn 0.6955 0.0405 0.7174
vn 0.5938 0.0380 0.8037
vn 0.6459 0.0331 0.7627
vn 0.5771 0.0566 0.8147
vn 0.6807 0.0577 0.7303
vn 0.5895 0.0396 0.8068
vn 0.5901 0.0363 0.8065
vn 0.5900 0.0364 0.8065
vn 0.7310 0.0536 0.6803
vn 0.7282 0.0373 0.6843
vn 0.7283 0.0373 0.6843
vn 0.6222 0.0551 0.7809
vn 0.8198 0.0390 0.5713
vn 0.5909 0.0331 0.8060
vn 0.7388 0.0326 0.6731
vn -0.2458 0.3356 0.9094
vn -0.2958 0.1814 0.9379
vn -0.2950 0.3416 0.8924
vn -0.2670 0.1874 0.9453
vn -0.0874 0.5356 0.8399
vn -0.1252 0.3315 0.9351
vn -0.1251 0.3315 0.9351
vn -0.1693 0.1780 0.9694
vn -0.2051 0.0955 0.9741
vn -0.2052 0.0955 0.9741
vn -0.3345 0.0973 0.9374
vn -0.2315 0.1014 0.9675
vn -0.3594 0.0987 0.9279
vn -0.3892 0.1829 0.9028
vn -0.4088 0.3367 0.8482
vn -0.4088 0.3367 0.8483
vn -0.3894 0.5367 0.7486
vn -0.2889 0.5383 0.7917
vn -0.1958 0.5367 0.8207
vn -0.1958 0.5368 0.8207
vn 0.7205 0.0321 -0.6927
vn 0.8074 0.0297 -0.5893
vn 0.7661 0.0247 -0.6422
vn 0.8171 0.0485 -0.5745
vn 0.7331 0.0494 -0.6783
vn 0.7332 0.0494 -0.6783
vn 0.8092 0.0313 -0.5867
vn 0.8092 0.0313 -0.5866
vn 0.8090 0.0280 -0.5871
vn 0.8090 0.0281 -0.5871
vn 0.6827 0.0451 -0.7293
vn 0.6868 0.0289 -0.7262
vn 0.7844 0.0468 -0.6185
vn 0.5731 0.0305 -0.8189
vn 0.8086 0.0248 -0.5879
vn 0.6758 0.0242 -0.7367
vn 0.2119 0.1880 0.9590
vn 0.2393 0.1821 0.9537
vn 0.2429 0.3424 0.9076
vn 0.2429 0.3425 0.9076
vn 0.1910 0.3364 0.9221
vn 0.3089 0.0993 0.9459
vn 0.1752 0.1018 0.9793
vn 0.2781 0.0979 0.9556
vn 0.2781 0.0979 0.9555
vn 0.1451 0.0959 0.9848
vn 0.1096 0.1784 0.9778
vn 0.0676 0.3320 0.9409
vn 0.0360 0.5359 0.8435
vn 0.1462 0.5374 0.8306
vn 0.2426 0.5391 0.8065
vn 0.3476 0.5378 0.7681
vn 0.3620 0.3378 0.8688
vn 0.3397 0.1838 0.9224
vn -0.7206 0.3392 0.6047
vn -0.6425 0.3350 0.6891
vn -0.6425 0.3350 0.6892
vn -0.7429 0.1852 0.6433
vn -0.6802 0.1811 0.7104
vn -0.7154 0.5344 0.4501
vn -0.6494 0.5364 0.5390
vn -0.6495 0.5364 0.5390
vn -0.5747 0.5356 0.6187
vn -0.4897 0.5347 0.6887
vn -0.5486 0.3310 0.7677
vn -0.5486 0.3310 0.7678
vn -0.5486 0.3311 0.7677
vn -0.5825 0.1777 0.7932
vn -0.5825 0.1777 0.7931
vn -0.6032 0.0951 0.7919
vn -0.6032 0.0952 0.7919
vn -0.6033 0.0952 0.7918
vn -0.7014 0.0968 0.7062
vn -0.7014 0.0968 0.7061
vn -0.7391 0.0994 0.6662
vn -0.8208 0.0964 0.5630
vn -0.8216 0.1805 0.5408
vn -0.8215 0.1805 0.5408
vn -0.7951 0.3340 0.5062
vn -0.7951 0.3340 0.5061
vn -0.1049 0.0268 -0.9941
vn -0.1712 0.0222 -0.9850
vn -0.2382 0.0300 -0.9708
vn -0.2381 0.0300 -0.9708
vn -0.2881 0.0432 -0.9566
vn -0.2881 0.0433 -0.9566
vn -0.2830 0.0270 -0.9587
vn -0.1417 0.0441 -0.9889
vn -0.4214 0.0296 -0.9064
vn -0.4215 0.0296 -0.9064
vn -0.1036 0.0219 -0.9944
vn -0.1027 0.0252 -0.9944
vn -0.2982 0.0224 -0.9542
vn -0.0883 0.0455 -0.9951
vn -0.0884 0.0455 -0.9951
vn -0.2197 0.0471 -0.9744
vn -0.1023 0.0285 -0.9944
vn -0.1022 0.0285 -0.9944
vn -0.1827 0.1717 -0.9681
vn -0.1623 0.3263 -0.9312
vn -0.1622 0.3263 -0.9313
vn -0.2720 0.1763 -0.9460
vn -0.2741 0.3310 -0.9029
vn -0.2741 0.3310 -0.9030
vn -0.0733 0.0850 -0.9937
vn -0.0552 0.1679 -0.9843
vn -0.0401 0.3219 -0.9459
vn -0.0331 0.5267 -0.8494
vn -0.1429 0.5279 -0.8372
vn -0.2494 0.5292 -0.8110
vn -0.3535 0.5278 -0.7723
vn -0.3534 0.5278 -0.7723
vn -0.3904 0.3265 -0.8608
vn -0.3941 0.1723 -0.9028
vn -0.3940 0.1723 -0.9028
vn -0.3810 0.0879 -0.9204
vn -0.2559 0.0901 -0.9625
vn -0.2026 0.0872 -0.9754
vn -0.9121 0.3285 -0.2454
vn -0.9398 0.1738 -0.2942
vn -0.9398 0.1738 -0.2941
vn -0.8950 0.3343 -0.2953
vn -0.8950 0.3343 -0.2954
vn -0.9469 0.1799 -0.2664
vn -0.9469 0.1799 -0.2663
vn -0.9470 0.1799 -0.2663
vn -0.8437 0.5295 -0.0880
vn -0.9376 0.3248 -0.1242
vn -0.9710 0.1708 -0.1674
vn -0.9753 0.0881 -0.2026
vn -0.9390 0.0895 -0.3322
vn -0.9685 0.0939 -0.2305
vn -0.9685 0.0939 -0.2304
vn -0.9289 0.0907 -0.3590
vn -0.9043 0.1751 -0.3893
vn -0.8506 0.3290 -0.4101
vn -0.8506 0.3290 -0.4102
vn -0.7521 0.5297 -0.3921
vn -0.7521 0.5297 -0.3920
vn -0.7955 0.5316 -0.2909
vn -0.7955 0.5316 -0.2910
vn -0.8245 0.5303 -0.1972
vn 0.3231 0.1724 -0.9305
vn 0.3225 0.3271 -0.8883
vn 0.3226 0.3271 -0.8883
vn 0.2350 0.1767 -0.9558
vn 0.2118 0.3315 -0.9194
vn 0.4316 0.0859 -0.8980
vn 0.4425 0.1689 -0.8807
vn 0.4426 0.1689 -0.8807
vn 0.4363 0.3230 -0.8398
vn 0.3940 0.5275 -0.7527
vn 0.2925 0.5286 -0.7969
vn 0.1875 0.5298 -0.8272
vn 0.0788 0.5282 -0.8454
vn 0.0788 0.5283 -0.8454
vn 0.0911 0.3267 -0.9407
vn 0.1087 0.1723 -0.9790
vn 0.1088 0.1723 -0.9790
vn 0.1286 0.0878 -0.9878
vn 0.1287 0.0878 -0.9878
vn 0.2566 0.0905 -0.9623
vn 0.2567 0.0905 -0.9623
vn 0.2567 0.0904 -0.9623
vn 0.3093 0.0877 -0.9469
vn -0.6058 0.3315 -0.7233
vn -0.6905 0.3271 -0.6451
vn -0.6430 0.1770 -0.7452
vn -0.6429 0.1770 -0.7452
vn -0.7104 0.1728 -0.6822
vn -0.4528 0.5279 -0.7186
vn -0.5418 0.5296 -0.6527
vn -0.6219 0.5286 -0.5778
vn -0.6919 0.5277 -0.4927
vn -0.6919 0.5277 -0.4928
vn -0.7696 0.3232 -0.5507
vn -0.7939 0.1695 -0.5839
vn -0.7921 0.0868 -0.6042
vn -0.7055 0.0884 -0.7031
vn -0.6649 0.0911 -0.7413
vn -0.5612 0.0883 -0.8230
vn -0.5611 0.0883 -0.8230
vn -0.5400 0.1726 -0.8238
vn -0.5071 0.3266 -0.7976
vn -0.5070 0.3266 -0.7976
vn -0.3432 0.0337 0.9387
vn -0.2790 0.0415 0.9594
vn -0.2789 0.0415 0.9594
vn -0.4052 0.0381 0.9134
vn -0.0873 0.0412 0.9953
vn -0.4071 0.0332 0.9128
vn -0.4079 0.0365 0.9123
vn -0.4078 0.0365 0.9123
vn -0.4072 0.0332 0.9127
vn -0.2180 0.0340 0.9754
vn -0.2179 0.0340 0.9754
vn -0.4206 0.0566 0.9055
vn -0.2974 0.0585 0.9530
vn -0.2973 0.0585 0.9530
vn -0.4082 0.0397 0.9120
vn -0.4083 0.0397 0.9120
vn -0.2292 0.0548 0.9718
vn -0.2339 0.0386 0.9715
vn -0.3715 0.0554 0.9268
vn -0.5907 0.0278 -0.8064
vn -0.6422 0.0233 -0.7662
vn -0.6422 0.0234 -0.7662
vn -0.6926 0.0313 -0.7206
vn -0.6926 0.0313 -0.7207
vn -0.7307 0.0447 -0.6812
vn -0.7277 0.0285 -0.6853
vn -0.6195 0.0451 -0.7837
vn -0.8187 0.0315 -0.5733
vn -0.8187 0.0314 -0.5733
vn -0.5863 0.0229 -0.8098
vn -0.5855 0.0261 -0.8102
vn -0.7379 0.0240 -0.6745
vn -0.5738 0.0463 -0.8177
vn -0.5737 0.0463 -0.8177
vn -0.6781 0.0483 -0.7334
vn -0.5850 0.0294 -0.8105
vn 0.6440 0.1824 0.7430
vn 0.6068 0.3366 0.7201
vn 0.7098 0.1866 0.6793
vn 0.7097 0.1866 0.6793
vn 0.6887 0.3409 0.6398
vn 0.6887 0.3409 0.6399
vn 0.5625 0.0961 0.8212
vn 0.5412 0.1789 0.8216
vn 0.5080 0.3325 0.7946
vn 0.4524 0.5361 0.7127
vn 0.5416 0.5372 0.6466
vn 0.5415 0.5372 0.6467
vn 0.6201 0.5383 0.5708
vn 0.6898 0.5365 0.4862
vn 0.7674 0.3359 0.5461
vn 0.7927 0.1820 0.5819
vn 0.7926 0.1820 0.5819
vn 0.7911 0.0976 0.6039
vn 0.7054 0.1006 0.7017
vn 0.7053 0.1006 0.7017
vn 0.6657 0.0979 0.7398
vn 0.6656 0.0979 0.7398
vn 0.9396 0.0306 0.3409
vn 0.9604 0.0380 0.2762
vn 0.9144 0.0357 0.4033
vn 0.9956 0.0362 0.0864
vn 0.9135 0.0308 0.4056
vn 0.9131 0.0341 0.4064
vn 0.9762 0.0300 0.2150
vn 0.9761 0.0300 0.2150
vn 0.9061 0.0544 0.4195
vn 0.9540 0.0553 0.2945
vn 0.9127 0.0373 0.4068
vn 0.9127 0.0373 0.4069
vn 0.9730 0.0510 0.2249
vn 0.9731 0.0509 0.2249
vn 0.9730 0.0509 0.2249
vn 0.9726 0.0347 0.2299
vn 0.9279 0.0528 0.3690
vn -0.9278 0.3364 0.1612
vn -0.9025 0.3324 0.2740
vn -0.9025 0.3324 0.2741
vn -0.9660 0.1823 0.1831
vn -0.9452 0.1784 0.2734
vn -0.8463 0.5318 0.0305
vn -0.8463 0.5318 0.0304
vn -0.8338 0.5338 0.1407
vn -0.8090 0.5330 0.2478
vn -0.7701 0.5324 0.3515
vn -0.8599 0.3287 0.3906
vn -0.9015 0.1753 0.3957
vn -0.9015 0.1753 0.3956
vn -0.9185 0.0926 0.3844
vn -0.9185 0.0927 0.3844
vn -0.9612 0.0941 0.2592
vn -0.9740 0.0966 0.2047
vn -0.9740 0.0966 0.2048
vn -0.9929 0.0934 0.0741
vn -0.9826 0.1775 0.0547
vn -0.9428 0.3311 0.0386
vn -0.9428 0.3311 0.0385
vn 0.9935 0.0326 -0.1087
vn 0.9935 0.0327 -0.1087
vn 0.9840 0.0276 -0.1758
vn 0.9696 0.0349 -0.2423
vn 0.9554 0.0479 -0.2913
vn 0.9554 0.0479 -0.2912
vn 0.9574 0.0316 -0.2871
vn 0.9881 0.0497 -0.1453
vn 0.9881 0.0497 -0.1454
vn 0.9043 0.0330 -0.4256
vn 0.9044 0.0330 -0.4255
vn 0.9043 0.0330 -0.4255
vn 0.9938 0.0277 -0.1074
vn 0.9938 0.0310 -0.1064
vn 0.9529 0.0269 -0.3022
vn 0.9528 0.0269 -0.3023
vn 0.9945 0.0514 -0.0909
vn 0.9735 0.0522 -0.2228
vn 0.9938 0.0343 -0.1058
vn 0.9114 0.3332 0.2416
vn 0.9114 0.3331 0.2416
vn 0.9395 0.1787 0.2922
vn 0.8943 0.3395 0.2914
vn 0.9468 0.1844 0.2637
vn 0.8424 0.5326 0.0817
vn 0.9370 0.3281 0.1198
vn 0.9708 0.1742 0.1647
vn 0.9708 0.1742 0.1646
vn 0.9753 0.0917 0.2009
vn 0.9388 0.0945 0.3314
vn 0.9387 0.0945 0.3314
vn 0.9687 0.0978 0.2280
vn 0.9687 0.0977 0.2280
vn 0.9288 0.0961 0.3579
vn 0.9040 0.1811 0.3874
vn 0.9040 0.1810 0.3874
vn 0.8497 0.3356 0.4066
vn 0.7506 0.5361 0.3862
vn 0.7506 0.5361 0.3863
vn 0.7941 0.5369 0.2850
vn 0.8232 0.5346 0.1909
vn 0.1077 0.0389 0.9934
vn 0.1722 0.0342 0.9845
vn 0.2381 0.0419 0.9703
vn 0.2930 0.0551 0.9545
vn 0.2930 0.0550 0.9545
vn 0.2886 0.0388 0.9567
vn 0.1439 0.0561 0.9880
vn 0.4217 0.0409 0.9058
vn 0.1021 0.0340 0.9942
vn 0.1010 0.0373 0.9942
vn 0.1022 0.0340 0.9942
vn 0.3021 0.0342 0.9527
vn 0.3021 0.0342 0.9526
vn 0.0859 0.0575 0.9946
vn 0.2190 0.0590 0.9739
vn 0.1001 0.0405 0.9941
vn 0.7220 0.3339 -0.6060
vn 0.7220 0.3339 -0.6061
vn 0.6439 0.3285 -0.6910
vn 0.7449 0.1790 -0.6428
vn 0.7449 0.1790 -0.6427
vn 0.6821 0.1740 -0.7103
vn 0.7154 0.5310 -0.4541
vn 0.6499 0.5318 -0.5431
vn 0.6499 0.5318 -0.5430
vn 0.5752 0.5298 -0.6233
vn 0.5751 0.5298 -0.6233
vn 0.4899 0.5280 -0.6937
vn 0.5491 0.3235 -0.7706
vn 0.5492 0.3235 -0.7705
vn 0.5492 0.3235 -0.7706
vn 0.5835 0.1696 -0.7942
vn 0.6045 0.0866 -0.7919
vn 0.7036 0.0894 -0.7050
vn 0.7036 0.0894 -0.7049
vn 0.7414 0.0926 -0.6647
vn 0.7413 0.0926 -0.6647
vn 0.8225 0.0908 -0.5614
vn 0.8226 0.0908 -0.5614
vn 0.8231 0.1755 -0.5401
vn 0.7961 0.3299 -0.5073
vn 0.7961 0.3299 -0.5074
vn 0.3407 -0.0227 0.9399
vn 0.2757 -0.0303 0.9608
vn 0.2756 -0.0303 0.9608
vn 0.4029 -0.0276 0.9148
vn 0.4028 -0.0276 0.9149
vn 0.0869 -0.0293 0.9958
vn 0.4057 -0.0226 0.9137
vn 0.4064 -0.0260 0.9133
vn 0.4063 -0.0259 0.9134
vn 0.4056 -0.0226 0.9138
vn 0.2161 -0.0225 0.9761
vn 0.4194 -0.0463 0.9066
vn 0.4193 -0.0463 0.9067
vn 0.2938 -0.0475 0.9547
vn 0.4067 -0.0292 0.9131
vn 0.2260 -0.0434 0.9731
vn 0.2260 -0.0434 0.9732
vn 0.2314 -0.0272 0.9725
vn 0.3683 -0.0448 0.9286
vn 0.3684 -0.0448 0.9286
vn -0.7639 -0.0317 -0.6445
vn -0.7640 -0.0317 -0.6445
vn -0.7182 -0.0397 -0.6947
vn -0.8049 -0.0360 -0.5923
vn -0.8049 -0.0360 -0.5924
vn -0.5709 -0.0399 -0.8201
vn -0.5709 -0.0399 -0.8200
vn -0.8069 -0.0312 -0.5899
vn -0.8074 -0.0344 -0.5890
vn -0.6740 -0.0324 -0.7380
vn -0.6740 -0.0324 -0.7381
vn -0.6739 -0.0324 -0.7381
vn -0.8153 -0.0545 -0.5765
vn -0.8153 -0.0545 -0.5764
vn -0.7310 -0.0567 -0.6800
vn -0.7310 -0.0567 -0.6801
vn -0.8077 -0.0377 -0.5884
vn -0.6811 -0.0531 -0.7303
vn -0.6811 -0.0531 -0.7302
vn -0.6853 -0.0369 -0.7274
vn -0.6852 -0.0369 -0.7274
vn -0.7820 -0.0534 -0.6209
vn 0.9597 -0.1814 0.2147
vn 0.9538 -0.1756 0.2436
vn 0.9538 -0.1756 0.2437
vn 0.9086 -0.3354 0.2491
vn 0.9086 -0.3354 0.2490
vn 0.9227 -0.3305 0.1984
vn 0.9469 -0.0922 0.3079
vn 0.9470 -0.0922 0.3079
vn 0.9796 -0.0954 0.1768
vn 0.9550 -0.0909 0.2822
vn 0.9845 -0.0896 0.1505
vn 0.9845 -0.0896 0.1506
vn 0.9782 -0.1727 0.1154
vn 0.9418 -0.3274 0.0762
vn 0.8450 -0.5324 0.0495
vn 0.8319 -0.5317 0.1590
vn 0.8081 -0.5313 0.2544
vn 0.7701 -0.5279 0.3582
vn 0.8701 -0.3295 0.3665
vn 0.9237 -0.1764 0.3402
vn -0.9149 -0.0300 0.4025
vn -0.9150 -0.0300 0.4024
vn -0.9396 -0.0257 0.3414
vn -0.9601 -0.0338 0.2776
vn -0.9729 -0.0473 0.2262
vn -0.9725 -0.0311 0.2310
vn -0.9283 -0.0474 0.3687
vn -0.9955 -0.0343 0.0879
vn -0.9955 -0.0343 0.0880
vn -0.9138 -0.0251 0.4055
vn -0.9132 -0.0284 0.4064
vn -0.9133 -0.0284 0.4064
vn -0.9138 -0.0251 0.4054
vn -0.9759 -0.0266 0.2164
vn -0.9063 -0.0485 0.4199
vn -0.9063 -0.0485 0.4198
vn -0.9539 -0.0508 0.2958
vn -0.9129 -0.0316 0.4070
vn -0.9701 -0.0369 -0.2401
vn -0.9700 -0.0369 -0.2401
vn -0.9934 -0.0331 -0.1094
vn -0.9842 -0.0288 -0.1745
vn -0.9948 -0.0515 -0.0882
vn -0.9738 -0.0539 -0.2209
vn -0.9942 -0.0347 -0.1022
vn -0.9942 -0.0314 -0.1029
vn -0.9548 -0.0504 -0.2929
vn -0.9569 -0.0342 -0.2883
vn -0.9569 -0.0342 -0.2884
vn -0.9880 -0.0505 -0.1458
vn -0.9062 -0.0374 -0.4212
vn -0.9942 -0.0282 -0.1039
vn -0.9528 -0.0297 -0.3021
vn 0.6955 -0.0405 -0.7174
vn 0.5938 -0.0380 -0.8037
vn 0.6459 -0.0331 -0.7627
vn 0.5771 -0.0566 -0.8147
vn 0.6807 -0.0577 -0.7303
vn 0.5895 -0.0396 -0.8068
vn 0.5901 -0.0363 -0.8065
vn 0.5901 -0.0364 -0.8065
vn 0.7310 -0.0536 -0.6803
vn 0.7282 -0.0373 -0.6843
vn 0.6222 -0.0551 -0.7809
vn 0.8198 -0.0390 -0.5713
vn 0.8199 -0.0390 -0.5712
vn 0.5909 -0.0331 -0.8060
vn 0.5910 -0.0331 -0.8060
vn 0.7388 -0.0326 -0.6731
vn -0.2430 -0.3394 -0.9087
vn -0.2957 -0.1822 -0.9377
vn -0.2957 -0.1822 -0.9378
vn -0.2910 -0.3459 -0.8920
vn -0.2658 -0.1885 -0.9454
vn -0.0795 -0.5452 -0.8345
vn -0.1223 -0.3354 -0.9341
vn -0.1692 -0.1788 -0.9692
vn -0.2052 -0.0956 -0.9740
vn -0.2053 -0.0956 -0.9740
vn -0.3346 -0.0974 -0.9373
vn -0.2313 -0.1015 -0.9676
vn -0.3592 -0.0988 -0.9280
vn -0.3593 -0.0988 -0.9280
vn -0.3881 -0.1840 -0.9030
vn -0.3881 -0.1840 -0.9031
vn -0.4050 -0.3406 -0.8485
vn -0.3803 -0.5450 -0.7472
vn -0.2801 -0.5473 -0.7887
vn -0.1874 -0.5460 -0.8165
vn 0.7205 -0.0321 0.6927
vn 0.8074 -0.0297 0.5893
vn 0.7661 -0.0247 0.6422
vn 0.8171 -0.0485 0.5745
vn 0.7331 -0.0494 0.6783
vn 0.7332 -0.0494 0.6783
vn 0.8092 -0.0313 0.5867
vn 0.8092 -0.0313 0.5866
vn 0.8090 -0.0280 0.5871
vn 0.8090 -0.0281 0.5871
vn 0.6827 -0.0451 0.7293
vn 0.6868 -0.0289 0.7262
vn 0.7844 -0.0468 0.6185
vn 0.5731 -0.0305 0.8189
vn 0.8086 -0.0248 0.5879
vn 0.6758 -0.0242 0.7367
vn 0.2119 -0.1892 -0.9588
vn 0.2404 -0.1836 -0.9532
vn 0.2403 -0.1836 -0.9532
vn 0.2448 -0.3475 -0.9052
vn 0.1943 -0.3420 -0.9194
vn 0.1942 -0.3420 -0.9194
vn 0.3087 -0.0994 -0.9459
vn 0.3088 -0.0994 -0.9459
vn 0.1750 -0.1019 -0.9793
vn 0.2783 -0.0981 -0.9555
vn 0.1453 -0.0961 -0.9847
vn 0.1453 -0.0960 -0.9847
vn 0.1109 -0.1798 -0.9774
vn 0.0713 -0.3375 -0.9386
vn 0.0432 -0.5480 -0.8354
vn 0.1524 -0.5494 -0.8216
vn 0.2475 -0.5506 -0.7972
vn 0.2474 -0.5506 -0.7972
vn 0.3513 -0.5488 -0.7586
vn 0.3638 -0.3426 -0.8662
vn 0.3637 -0.3426 -0.8662
vn 0.3395 -0.1850 -0.9222
vn 0.3396 -0.1850 -0.9222
vn -0.7146 -0.3417 -0.6104
vn -0.6359 -0.3379 -0.6939
vn -0.6358 -0.3379 -0.6939
vn -0.7406 -0.1858 -0.6457
vn -0.6778 -0.1817 -0.7124
vn -0.7053 -0.5387 -0.4607
vn -0.6375 -0.5419 -0.5477
vn -0.5613 -0.5422 -0.6252
vn -0.4753 -0.5423 -0.6928
vn -0.4754 -0.5424 -0.6927
vn -0.5412 -0.3343 -0.7716
vn -0.5412 -0.3343 -0.7715
vn -0.5413 -0.3343 -0.7715
vn -0.5799 -0.1785 -0.7949
vn -0.5800 -0.1785 -0.7949
vn -0.6029 -0.0952 -0.7921
vn -0.7010 -0.0969 -0.7066
vn -0.7388 -0.0995 -0.6666
vn -0.7388 -0.0995 -0.6665
vn -0.8204 -0.0965 -0.5635
vn -0.8204 -0.0965 -0.5636
vn -0.8197 -0.1810 -0.5435
vn -0.7900 -0.3359 -0.5129
vn -0.7900 -0.3359 -0.5128
vn -0.1049 -0.0268 0.9941
vn -0.1712 -0.0222 0.9850
vn -0.2382 -0.0300 0.9708
vn -0.2381 -0.0300 0.9708
vn -0.2881 -0.0432 0.9566
vn -0.2881 -0.0433 0.9566
vn -0.2830 -0.0270 0.9587
vn -0.1417 -0.0441 0.9889
vn -0.4214 -0.0296 0.9064
vn -0.4215 -0.0296 0.9064
vn -0.1036 -0.0219 0.9944
vn -0.1027 -0.0252 0.9944
vn -0.2982 -0.0224 0.9542
vn -0.0884 -0.0455 0.9950
vn -0.0883 -0.0455 0.9951
vn -0.0884 -0.0455 0.9951
vn -0.2197 -0.0471 0.9744
vn -0.1023 -0.0285 0.9944
vn -0.1022 -0.0285 0.9944
vn -0.1856 -0.1705 0.9677
vn -0.1857 -0.1705 0.9677
vn -0.1704 -0.3211 0.9316
vn -0.2752 -0.1749 0.9453
vn -0.2823 -0.3258 0.9023
vn -0.2822 -0.3258 0.9023
vn -0.0737 -0.0849 0.9937
vn -0.0582 -0.1666 0.9843
vn -0.0583 -0.1666 0.9843
vn -0.0482 -0.3167 0.9473
vn -0.0474 -0.5145 0.8562
vn -0.1575 -0.5158 0.8421
vn -0.2646 -0.5175 0.8138
vn -0.2646 -0.5175 0.8137
vn -0.3689 -0.5167 0.7726
vn -0.3985 -0.3216 0.8589
vn -0.3972 -0.1711 0.9017
vn -0.3814 -0.0877 0.9202
vn -0.3814 -0.0877 0.9203
vn -0.2566 -0.0900 0.9623
vn -0.2031 -0.0871 0.9753
vn -0.9139 -0.3257 0.2424
vn -0.9403 -0.1730 0.2932
vn -0.8967 -0.3317 0.2930
vn -0.9471 -0.1794 0.2661
vn -0.9471 -0.1794 0.2662
vn -0.8468 -0.5257 0.0808
vn -0.9388 -0.3227 0.1208
vn -0.9388 -0.3227 0.1209
vn -0.9712 -0.1701 0.1666
vn -0.9753 -0.0881 0.2025
vn -0.9390 -0.0894 0.3321
vn -0.9390 -0.0894 0.3320
vn -0.9685 -0.0938 0.2305
vn -0.9685 -0.0939 0.2305
vn -0.9289 -0.0907 0.3591
vn -0.9045 -0.1744 0.3892
vn -0.8528 -0.3259 0.4082
vn -0.7598 -0.5219 0.3877
vn -0.8017 -0.5251 0.2856
vn -0.8295 -0.5250 0.1906
vn -0.8295 -0.5249 0.1907
vn 0.3201 -0.1713 0.9318
vn 0.3202 -0.1713 0.9318
vn 0.3150 -0.3224 0.8926
vn 0.2316 -0.1754 0.9569
vn 0.2315 -0.1754 0.9569
vn 0.2039 -0.3265 0.9230
vn 0.2038 -0.3265 0.9230
vn 0.4312 -0.0858 0.8982
vn 0.4397 -0.1679 0.8823
vn 0.4295 -0.3188 0.8450
vn 0.4294 -0.3188 0.8450
vn 0.3839 -0.5175 0.7648
vn 0.2810 -0.5177 0.8081
vn 0.1747 -0.5182 0.8372
vn 0.0651 -0.5162 0.8540
vn 0.0828 -0.3215 0.9433
vn 0.1054 -0.1711 0.9796
vn 0.1280 -0.0877 0.9879
vn 0.2560 -0.0903 0.9624
vn 0.2561 -0.0903 0.9624
vn 0.3089 -0.0876 0.9471
vn 0.3088 -0.0876 0.9471
vn -0.6131 -0.3266 0.7193
vn -0.6973 -0.3227 0.6401
vn -0.6973 -0.3226 0.6401
vn -0.6972 -0.3227 0.6401
vn -0.6454 -0.1758 0.7433
vn -0.6454 -0.1758 0.7434
vn -0.7129 -0.1717 0.6799
vn -0.4685 -0.5159 0.7172
vn -0.5573 -0.5184 0.6486
vn -0.6361 -0.5184 0.5715
vn -0.7047 -0.5187 0.4841
vn -0.7755 -0.3193 0.5447
vn -0.7960 -0.1685 0.5814
vn -0.7924 -0.0867 0.6038
vn -0.7925 -0.0867 0.6037
vn -0.7060 -0.0883 0.7027
vn -0.6653 -0.0910 0.7410
vn -0.5615 -0.0882 0.8227
vn -0.5616 -0.0882 0.8227
vn -0.5428 -0.1713 0.8222
vn -0.5149 -0.3214 0.7948
vn -0.5148 -0.3214 0.7948
vn -0.3432 -0.0337 -0.9387
vn -0.2790 -0.0415 -0.9594
vn -0.2789 -0.0415 -0.9594
vn -0.4052 -0.0381 -0.9134
vn -0.0873 -0.0412 -0.9953
vn -0.4072 -0.0332 -0.9127
vn -0.4079 -0.0365 -0.9123
vn -0.4078 -0.0365 -0.9123
vn -0.2180 -0.0340 -0.9754
vn -0.2179 -0.0340 -0.9754
vn -0.4206 -0.0566 -0.9055
vn -0.2974 -0.0585 -0.9530
vn -0.4082 -0.0397 -0.9120
vn -0.4083 -0.0397 -0.9120
vn -0.2292 -0.0548 -0.9718
vn -0.2339 -0.0386 -0.9715
vn -0.3715 -0.0554 -0.9268
vn -0.5907 -0.0278 0.8064
vn -0.6422 -0.0233 0.7662
vn -0.6422 -0.0234 0.7662
vn -0.6926 -0.0313 0.7206
vn -0.6926 -0.0313 0.7207
vn -0.7307 -0.0447 0.6812
vn -0.7277 -0.0285 0.6853
vn -0.6195 -0.0451 0.7837
vn -0.8187 -0.0315 0.5733
vn -0.8187 -0.0314 0.5733
vn -0.5863 -0.0229 0.8098
vn -0.5855 -0.0261 0.8102
vn -0.7379 -0.0240 0.6745
vn -0.5738 -0.0463 0.8177
vn -0.5737 -0.0463 0.8177
vn -0.6781 -0.0483 0.7334
vn -0.6781 -0.0483 0.7333
vn -0.5850 -0.0294 0.8105
vn 0.6463 -0.1835 -0.7407
vn 0.6464 -0.1835 -0.7406
vn 0.6121 -0.3409 -0.7135
vn 0.7118 -0.1875 -0.6769
vn 0.6933 -0.3448 -0.6328
vn 0.5630 -0.0962 -0.8208
vn 0.5439 -0.1801 -0.8196
vn 0.5141 -0.3371 -0.7887
vn 0.4608 -0.5464 -0.6993
vn 0.5483 -0.5466 -0.6330
vn 0.6256 -0.5468 -0.5565
vn 0.6941 -0.5439 -0.4716
vn 0.7712 -0.3393 -0.5387
vn 0.7712 -0.3393 -0.5386
vn 0.7944 -0.1828 -0.5792
vn 0.7914 -0.0977 -0.6035
vn 0.7056 -0.1006 -0.7014
vn 0.6662 -0.0980 -0.7393
vn 0.9396 -0.0306 -0.3409
vn 0.9604 -0.0380 -0.2762
vn 0.9144 -0.0357 -0.4033
vn 0.9143 -0.0357 -0.4034
vn 0.9956 -0.0362 -0.0864
vn 0.9135 -0.0308 -0.4056
vn 0.9131 -0.0341 -0.4064
vn 0.9762 -0.0300 -0.2150
vn 0.9761 -0.0300 -0.2150
vn 0.9061 -0.0544 -0.4195
vn 0.9541 -0.0553 -0.2945
vn 0.9540 -0.0553 -0.2945
vn 0.9127 -0.0373 -0.4068
vn 0.9127 -0.0373 -0.4069
vn 0.9730 -0.0510 -0.2249
vn 0.9730 -0.0509 -0.2249
vn 0.9726 -0.0347 -0.2299
vn 0.9279 -0.0528 -0.3690
vn -0.9264 -0.3364 -0.1693
vn -0.9264 -0.3364 -0.1694
vn -0.8998 -0.3329 -0.2820
vn -0.9654 -0.1824 -0.1863
vn -0.9443 -0.1785 -0.2765
vn -0.8467 -0.5303 -0.0445
vn -0.8314 -0.5338 -0.1546
vn -0.8038 -0.5345 -0.2611
vn -0.7623 -0.5353 -0.3638
vn -0.7623 -0.5353 -0.3639
vn -0.8560 -0.3298 -0.3980
vn -0.8560 -0.3299 -0.3980
vn -0.9001 -0.1755 -0.3987
vn -0.9183 -0.0927 -0.3848
vn -0.9610 -0.0941 -0.2599
vn -0.9611 -0.0941 -0.2599
vn -0.9739 -0.0966 -0.2052
vn -0.9928 -0.0934 -0.0747
vn -0.9824 -0.1774 -0.0580
vn -0.9824 -0.1773 -0.0580
vn -0.9427 -0.3304 -0.0468
vn 0.9935 -0.0326 0.1087
vn 0.9935 -0.0327 0.1087
vn 0.9840 -0.0276 0.1758
vn 0.9696 -0.0349 0.2423
vn 0.9555 -0.0479 0.2912
vn 0.9554 -0.0479 0.2913
vn 0.9574 -0.0316 0.2871
vn 0.9881 -0.0497 0.1453
vn 0.9881 -0.0497 0.1454
vn 0.9043 -0.0330 0.4255
vn 0.9043 -0.0330 0.4256
vn 0.9938 -0.0277 0.1074
vn 0.9938 -0.0310 0.1064
vn 0.9529 -0.0269 0.3022
vn 0.9528 -0.0269 0.3023
vn 0.9945 -0.0514 0.0909
vn 0.9735 -0.0522 0.2228
vn 0.9938 -0.0343 0.1058
vn 0.9120 -0.3338 -0.2385
vn 0.9396 -0.1788 -0.2917
vn 0.8948 -0.3410 -0.2881
vn 0.8948 -0.3410 -0.2882
vn 0.9469 -0.1848 -0.2630
vn 0.8431 -0.5326 -0.0745
vn 0.8431 -0.5326 -0.0744
vn 0.9374 -0.3281 -0.1169
vn 0.9709 -0.1742 -0.1642
vn 0.9753 -0.0917 -0.2009
vn 0.9387 -0.0946 -0.3314
vn 0.9388 -0.0946 -0.3314
vn 0.9687 -0.0978 -0.2279
vn 0.9688 -0.0978 -0.2279
vn 0.9288 -0.0962 -0.3578
vn 0.9042 -0.1816 -0.3866
vn 0.8505 -0.3376 -0.4033
vn 0.7516 -0.5404 -0.3784
vn 0.7948 -0.5398 -0.2774
vn 0.8240 -0.5360 -0.1835
vn 0.1077 -0.0389 -0.9934
vn 0.1722 -0.0342 -0.9845
vn 0.2381 -0.0419 -0.9703
vn 0.2930 -0.0551 -0.9545
vn 0.2930 -0.0550 -0.9545
vn 0.2886 -0.0388 -0.9567
vn 0.1439 -0.0561 -0.9880
vn 0.4217 -0.0409 -0.9058
vn 0.1021 -0.0340 -0.9942
vn 0.1010 -0.0373 -0.9942
vn 0.1022 -0.0340 -0.9942
vn 0.3021 -0.0342 -0.9527
vn 0.3021 -0.0342 -0.9526
vn 0.0859 -0.0575 -0.9946
vn 0.2190 -0.0590 -0.9739
vn 0.1001 -0.0405 -0.9941
vn 0.7178 -0.3302 0.6130
vn 0.6388 -0.3244 0.6977
vn 0.6388 -0.3243 0.6977
vn 0.7430 -0.1781 0.6452
vn 0.6798 -0.1730 0.7127
vn 0.7116 -0.5238 0.4683
vn 0.6448 -0.5232 0.5572
vn 0.5688 -0.5201 0.6372
vn 0.4819 -0.5171 0.7073
vn 0.4819 -0.5171 0.7074
vn 0.5432 -0.3189 0.7767
vn 0.5809 -0.1684 0.7963
vn 0.6040 -0.0865 0.7922
vn 0.7032 -0.0893 0.7054
vn 0.7410 -0.0925 0.6651
vn 0.8223 -0.0907 0.5618
vn 0.8215 -0.1748 0.5428
vn 0.7925 -0.3268 0.5149
vn 0.2938 -0.0949 0.9511
vn 0.1687 -0.0951 0.9811
vn 0.2912 -0.1607 0.9431
vn 0.1672 -0.1609 0.9727
vn 0.4169 -0.0280 0.9085
vn 0.2951 -0.0280 0.9551
vn 0.1694 -0.0281 0.9851
vn 0.0397 -0.0283 0.9988
vn 0.0395 -0.0953 0.9947
vn 0.0391 -0.1612 0.9861
vn 0.0385 -0.2258 0.9734
vn 0.1650 -0.2257 0.9601
vn 0.2873 -0.2252 0.9310
vn 0.4060 -0.2251 0.8857
vn 0.4114 -0.1606 0.8972
vn 0.4151 -0.0949 0.9048
vn 0.9703 -0.0966 0.2216
vn 0.9336 -0.0962 0.3451
vn 0.9619 -0.1624 0.2201
vn 0.9255 -0.1620 0.3425
vn 0.9952 -0.0308 0.0932
vn 0.9745 -0.0304 0.2222
vn 0.9377 -0.0299 0.3462
vn 0.8846 -0.0294 0.4655
vn 0.8807 -0.0959 0.4638
vn 0.8730 -0.1617 0.4601
vn 0.8615 -0.2267 0.4544
vn 0.9132 -0.2271 0.3384
vn 0.9491 -0.2276 0.2176
vn 0.9693 -0.2282 0.0920
vn 0.9823 -0.1628 0.0928
vn 0.9909 -0.0970 0.0932
vn 0.8922 0.3562 -0.2778
vn 0.8676 0.4172 -0.2706
vn 0.9203 0.3570 -0.1602
vn 0.8949 0.4180 -0.1562
vn 0.8683 0.2927 -0.4004
vn 0.8486 0.3554 -0.3918
vn 0.8253 0.4164 -0.3814
vn 0.7983 0.4758 -0.3693
vn 0.8392 0.4765 -0.2621
vn 0.8656 0.4773 -0.1514
vn 0.8776 0.4780 -0.0371
vn 0.9072 0.4190 -0.0380
vn 0.9329 0.3580 -0.0387
vn 0.9546 0.2953 -0.0393
vn 0.9416 0.2943 -0.1635
vn 0.9128 0.2935 -0.2839
vn 0.2241 0.6502 0.7260
vn 0.1280 0.6503 0.7488
vn 0.2365 0.5980 0.7658
vn 0.1351 0.5981 0.7899
vn 0.3018 0.6919 0.6559
vn 0.2129 0.6920 0.6898
vn 0.1215 0.6920 0.7116
vn 0.0274 0.6921 0.7213
vn 0.0290 0.6503 0.7591
vn 0.0305 0.5986 0.8005
vn 0.0325 0.5402 0.8409
vn 0.1419 0.5402 0.8295
vn 0.2483 0.5400 0.8042
vn 0.3518 0.5396 0.7649
vn 0.3350 0.5979 0.7282
vn 0.3176 0.6501 0.6903
vn -0.5480 -0.5879 0.5950
vn -0.6192 -0.5892 0.5191
vn -0.5224 -0.6358 0.5682
vn -0.5902 -0.6373 0.4954
vn -0.4881 -0.5318 0.6921
vn -0.5737 -0.5323 0.6225
vn -0.6488 -0.5329 0.5432
vn -0.7136 -0.5337 0.4539
vn -0.6808 -0.5904 0.4336
vn -0.6485 -0.6390 0.4137
vn -0.6201 -0.6767 0.3969
vn -0.5648 -0.6746 0.4754
vn -0.5000 -0.6727 0.5454
vn -0.4257 -0.6711 0.6069
vn -0.4448 -0.6345 0.6321
vn -0.4663 -0.5872 0.6617
vn -0.2782 0.5980 0.7516
vn -0.1787 0.5981 0.7812
vn -0.2641 0.6501 0.7125
vn -0.1697 0.6502 0.7406
vn -0.3927 0.5397 0.7447
vn -0.2920 0.5399 0.7895
vn -0.1875 0.5401 0.8205
vn -0.0787 0.5399 0.8381
vn -0.0754 0.5982 0.7978
vn -0.0717 0.6503 0.7563
vn -0.0683 0.6921 0.7186
vn -0.1615 0.6920 0.7036
vn -0.2512 0.6919 0.6769
vn -0.3377 0.6918 0.6383
vn -0.3550 0.6500 0.6719
vn -0.3741 0.5979 0.7089
vn 0.2130 0.6904 0.6913
vn 0.1211 0.6904 0.7132
vn 0.2055 0.7166 0.6665
vn 0.2053 0.7174 0.6657
vn 0.1170 0.7166 0.6876
vn 0.1158 0.7178 0.6866
vn 0.1159 0.7178 0.6866
vn 0.3207 0.6416 0.6968
vn 0.2258 0.6415 0.7331
vn 0.1282 0.6415 0.7563
vn 0.0281 0.6415 0.7666
vn 0.0267 0.6904 0.7229
vn 0.0260 0.7166 0.6970
vn 0.0250 0.7179 0.6957
vn 0.0258 0.7185 0.6950
vn 0.1169 0.7183 0.6859
vn 0.2051 0.7182 0.6649
vn 0.2913 0.7174 0.6328
vn 0.2909 0.7182 0.6321
vn 0.2916 0.7166 0.6336
vn 0.3024 0.6904 0.6571
vn 0.2190 -0.1712 -0.9606
vn 0.2211 -0.1052 -0.9696
vn 0.3415 -0.1705 -0.9243
vn 0.3446 -0.1046 -0.9329
vn 0.0905 -0.2368 -0.9673
vn 0.0917 -0.1717 -0.9809
vn 0.0927 -0.1058 -0.9901
vn 0.0932 -0.0391 -0.9949
vn 0.2222 -0.0384 -0.9743
vn 0.3463 -0.0378 -0.9374
vn 0.4656 -0.0371 -0.8842
vn 0.4635 -0.1038 -0.8800
vn 0.4594 -0.1701 -0.8718
vn 0.4532 -0.2356 -0.8597
vn 0.3368 -0.2359 -0.9116
vn 0.2160 -0.2364 -0.9473
vn 0.4762 0.7107 -0.5179
vn 0.4768 0.7097 -0.5186
vn 0.4944 0.6832 -0.5373
vn 0.5383 0.7112 -0.4521
vn 0.5391 0.7102 -0.4527
vn 0.5591 0.6838 -0.4689
vn 0.4049 0.7112 -0.5747
vn 0.4054 0.7103 -0.5755
vn 0.4060 0.7093 -0.5762
vn 0.4208 0.6829 -0.5972
vn 0.4458 0.6337 -0.6322
vn 0.5239 0.6342 -0.5687
vn 0.5924 0.6347 -0.4962
vn 0.6515 0.6353 -0.4146
vn 0.6148 0.6844 -0.3920
vn 0.5920 0.7118 -0.3780
vn 0.5928 0.7109 -0.3784
vn 0.5912 0.7127 -0.3775
vn 0.5376 0.7121 -0.4516
vn 0.4755 0.7116 -0.5172
vn 0.6888 -0.7080 0.1559
vn 0.6900 -0.7074 0.1535
vn 0.6658 -0.7049 0.2446
vn 0.6674 -0.7042 0.2423
vn 0.7159 -0.6811 0.1533
vn 0.6929 -0.6780 0.2452
vn 0.6930 -0.6780 0.2453
vn 0.6986 -0.7125 0.0656
vn 0.7001 -0.7111 0.0645
vn 0.6871 -0.7095 0.1567
vn 0.6638 -0.7066 0.2451
vn 0.6288 -0.7037 0.3307
vn 0.6309 -0.7019 0.3305
vn 0.6329 -0.7011 0.3284
vn 0.6577 -0.6749 0.3346
vn 0.6976 -0.6272 0.3463
vn 0.6976 -0.6272 0.3462
vn 0.7346 -0.6300 0.2518
vn 0.7587 -0.6328 0.1545
vn 0.7701 -0.6357 0.0542
vn 0.7268 -0.6843 0.0584
vn 0.7009 -0.7106 0.0620
vn 0.7009 -0.7105 0.0620
vn -0.6182 0.5971 0.5111
vn -0.5466 0.5971 0.5872
vn -0.5865 0.6491 0.4845
vn -0.5186 0.6496 0.5560
vn -0.7140 0.5380 0.4480
vn -0.6491 0.5385 0.5373
vn -0.5738 0.5389 0.6167
vn -0.4881 0.5393 0.6862
vn -0.4650 0.5977 0.6531
vn -0.4412 0.6499 0.6189
vn -0.4196 0.6915 0.5880
vn -0.4933 0.6912 0.5282
vn -0.5579 0.6908 0.4600
vn -0.6135 0.6904 0.3833
vn -0.6450 0.6489 0.4035
vn -0.6800 0.5967 0.4260
vn 0.1317 -0.6338 0.7622
vn 0.2285 -0.6343 0.7386
vn 0.1367 -0.5859 0.7987
vn 0.2383 -0.5863 0.7743
vn 0.0328 -0.6700 0.7416
vn 0.1286 -0.6705 0.7307
vn 0.2212 -0.6712 0.7075
vn 0.3108 -0.6724 0.6718
vn 0.3223 -0.6351 0.7020
vn 0.3367 -0.5865 0.7366
vn 0.3523 -0.5304 0.7711
vn 0.2490 -0.5302 0.8105
vn 0.1426 -0.5301 0.8358
vn 0.0330 -0.5302 0.8472
vn 0.0320 -0.5858 0.8098
vn 0.0318 -0.6335 0.7731
vn -0.2225 -0.7080 -0.6702
vn -0.2087 -0.7346 -0.6456
vn -0.2062 -0.7352 -0.6457
vn -0.1336 -0.7090 -0.6924
vn -0.1335 -0.7090 -0.6924
vn -0.1230 -0.7355 -0.6663
vn -0.1205 -0.7360 -0.6662
vn -0.3354 -0.6555 -0.6766
vn -0.3085 -0.7067 -0.6367
vn -0.3086 -0.7067 -0.6367
vn -0.2919 -0.7334 -0.6140
vn -0.2895 -0.7340 -0.6144
vn -0.2919 -0.7333 -0.6140
vn -0.2883 -0.7340 -0.6149
vn -0.2048 -0.7352 -0.6462
vn -0.1191 -0.7359 -0.6665
vn -0.0322 -0.7365 -0.6757
vn -0.0307 -0.7364 -0.6759
vn -0.0321 -0.7365 -0.6757
vn -0.0347 -0.7360 -0.6760
vn -0.0347 -0.7361 -0.6760
vn -0.0418 -0.7096 -0.7033
vn -0.0520 -0.6583 -0.7509
vn -0.0521 -0.6583 -0.7509
vn -0.1498 -0.6577 -0.7382
vn -0.2442 -0.6568 -0.7134
vn -0.5979 0.3519 -0.7202
vn -0.6858 0.3522 -0.6369
vn -0.5815 0.4130 -0.7009
vn -0.6671 0.4132 -0.6199
vn -0.5104 0.2891 -0.8099
vn -0.6116 0.2892 -0.7364
vn -0.7015 0.2896 -0.6512
vn -0.7801 0.2901 -0.5543
vn -0.7626 0.3526 -0.5423
vn -0.7418 0.4136 -0.5278
vn -0.7177 0.4730 -0.5110
vn -0.6453 0.4727 -0.6002
vn -0.5624 0.4726 -0.6785
vn -0.4691 0.4726 -0.7460
vn -0.4851 0.4130 -0.7708
vn -0.4990 0.3516 -0.7921
vn 0.2680 -0.4118 0.8710
vn 0.2758 -0.3505 0.8950
vn 0.1535 -0.4119 0.8982
vn 0.1580 -0.3510 0.9229
vn 0.3666 -0.4716 0.8020
vn 0.3790 -0.4119 0.8287
vn 0.3897 -0.3508 0.8515
vn 0.3988 -0.2885 0.8705
vn 0.2821 -0.2886 0.9150
vn 0.1618 -0.2889 0.9436
vn 0.0377 -0.2893 0.9565
vn 0.0369 -0.3511 0.9356
vn 0.0356 -0.4123 0.9103
vn 0.0343 -0.4718 0.8810
vn 0.1484 -0.4716 0.8693
vn 0.2591 -0.4715 0.8429
vn -0.2376 0.5899 -0.7717
vn -0.2258 0.6423 -0.7324
vn -0.1362 0.5890 -0.7966
vn -0.1298 0.6418 -0.7558
vn -0.3521 0.5317 -0.7703
vn -0.3354 0.5902 -0.7343
vn -0.3185 0.6427 -0.6968
vn -0.3032 0.6844 -0.6631
vn -0.2152 0.6842 -0.6968
vn -0.1237 0.6837 -0.7192
vn -0.0290 0.6836 -0.7293
vn -0.0304 0.6415 -0.7665
vn -0.0316 0.5886 -0.8078
vn -0.0328 0.5298 -0.8475
vn -0.1427 0.5305 -0.8356
vn -0.2489 0.5310 -0.8099
vn -0.8950 -0.4178 0.1561
vn -0.8677 -0.4171 0.2706
vn -0.9203 -0.3569 0.1601
vn -0.8922 -0.3561 0.2778
vn -0.8776 -0.4780 0.0371
vn -0.8656 -0.4772 0.1514
vn -0.8392 -0.4766 0.2621
vn -0.7982 -0.4759 0.3694
vn -0.8253 -0.4164 0.3815
vn -0.8487 -0.3554 0.3918
vn -0.8683 -0.2927 0.4004
vn -0.9129 -0.2934 0.2838
vn -0.9416 -0.2943 0.1635
vn -0.9546 -0.2952 0.0393
vn -0.9330 -0.3577 0.0387
vn -0.9074 -0.4186 0.0380
vn 0.2787 0.5895 -0.7581
vn 0.1790 0.5888 -0.7882
vn 0.2645 0.6419 -0.7197
vn 0.1701 0.6415 -0.7480
vn 0.3928 0.5313 -0.7506
vn 0.2922 0.5304 -0.7958
vn 0.1878 0.5300 -0.8269
vn 0.0790 0.5297 -0.8445
vn 0.0752 0.5885 -0.8050
vn 0.0713 0.6412 -0.7640
vn 0.0678 0.6836 -0.7267
vn 0.1619 0.6838 -0.7115
vn 0.2519 0.6842 -0.6844
vn 0.3382 0.6847 -0.6456
vn 0.3554 0.6428 -0.6786
vn 0.3743 0.5900 -0.7154
vn 0.5463 0.5916 -0.5929
vn 0.5182 0.6439 -0.5629
vn 0.6179 0.5921 -0.5174
vn 0.5860 0.6444 -0.4913
vn 0.4882 0.5323 -0.6916
vn 0.4650 0.5911 -0.6591
vn 0.4411 0.6434 -0.6256
vn 0.4196 0.6851 -0.5954
vn 0.4929 0.6856 -0.5358
vn 0.5573 0.6861 -0.4677
vn 0.6129 0.6866 -0.3911
vn 0.6445 0.6449 -0.4107
vn 0.6795 0.5926 -0.4325
vn 0.7136 0.5339 -0.4536
vn 0.6488 0.5334 -0.5427
vn 0.5736 0.5329 -0.6221
vn 0.6823 0.7151 0.1519
vn 0.6831 0.7143 0.1521
vn 0.7083 0.6880 0.1580
vn 0.6564 0.7156 0.2388
vn 0.6572 0.7148 0.2391
vn 0.6813 0.6885 0.2486
vn 0.6960 0.7154 0.0614
vn 0.6968 0.7146 0.0614
vn 0.6977 0.7138 0.0615
vn 0.7234 0.6875 0.0641
vn 0.7666 0.6384 0.0684
vn 0.7506 0.6390 0.1681
vn 0.7221 0.6396 0.2637
vn 0.6811 0.6402 0.3553
vn 0.6426 0.6892 0.3348
vn 0.6192 0.7161 0.3222
vn 0.6198 0.7153 0.3226
vn 0.6191 0.7161 0.3222
vn 0.6185 0.7169 0.3218
vn 0.6557 0.7164 0.2385
vn 0.6815 0.7159 0.1517
vn 0.7260 -0.6509 -0.2217
vn 0.7674 -0.5967 -0.2345
vn 0.7499 -0.6494 -0.1264
vn 0.7919 -0.5959 -0.1334
vn 0.6525 -0.6971 -0.2972
vn 0.6899 -0.6524 -0.3138
vn 0.7298 -0.5976 -0.3321
vn 0.7674 -0.5374 -0.3498
vn 0.8067 -0.5368 -0.2470
vn 0.8323 -0.5362 -0.1407
vn 0.8439 -0.5356 -0.0308
vn 0.8035 -0.5946 -0.0291
vn 0.7612 -0.6479 -0.0274
vn 0.7226 -0.6907 -0.0265
vn 0.7110 -0.6929 -0.1201
vn 0.7109 -0.6929 -0.1201
vn 0.6875 -0.6950 -0.2103
vn 0.2015 -0.4237 -0.8831
vn 0.2072 -0.3632 -0.9084
vn 0.3142 -0.4234 -0.8497
vn 0.3231 -0.3628 -0.8741
vn 0.0819 -0.4826 -0.8720
vn 0.0846 -0.4239 -0.9018
vn 0.0869 -0.3634 -0.9276
vn 0.0888 -0.3009 -0.9495
vn 0.2120 -0.3006 -0.9299
vn 0.3307 -0.3002 -0.8947
vn 0.4448 -0.2996 -0.8440
vn 0.4347 -0.3623 -0.8245
vn 0.4228 -0.4230 -0.8014
vn 0.4091 -0.4817 -0.7750
vn 0.3040 -0.4821 -0.8217
vn 0.1950 -0.4824 -0.8540
vn -0.3443 0.1055 0.9329
vn -0.2206 0.1059 0.9696
vn -0.3411 0.1716 0.9242
vn -0.2186 0.1720 0.9605
vn -0.4655 0.0378 0.8843
vn -0.3459 0.0384 0.9375
vn -0.2216 0.0388 0.9744
vn -0.0926 0.0391 0.9949
vn -0.0922 0.1061 0.9901
vn -0.0914 0.1722 0.9808
vn -0.0902 0.2372 0.9673
vn -0.2157 0.2371 0.9472
vn -0.3365 0.2367 0.9114
vn -0.4528 0.2362 0.8598
vn -0.4591 0.1710 0.8718
vn -0.4633 0.1049 0.8800
vn -0.9103 -0.3594 -0.2056
vn -0.8758 -0.3603 -0.3213
vn -0.8852 -0.4202 -0.1997
vn -0.8515 -0.4213 -0.3120
vn -0.9512 -0.2961 -0.0874
vn -0.9314 -0.2970 -0.2106
vn -0.8961 -0.2978 -0.3291
vn -0.8453 -0.2986 -0.4430
vn -0.8261 -0.3610 -0.4327
vn -0.8033 -0.4217 -0.4205
vn -0.7770 -0.4808 -0.4064
vn -0.8237 -0.4801 -0.3018
vn -0.8562 -0.4794 -0.1929
vn -0.8744 -0.4787 -0.0795
vn -0.9040 -0.4194 -0.0825
vn -0.9296 -0.3585 -0.0851
vn 0.6348 0.3536 -0.6870
vn 0.6174 0.4145 -0.6686
vn 0.7180 0.3541 -0.5992
vn 0.6983 0.4151 -0.5832
vn 0.5526 0.2910 -0.7810
vn 0.5401 0.3532 -0.7639
vn 0.5252 0.4140 -0.7434
vn 0.5081 0.4734 -0.7195
vn 0.5972 0.4739 -0.6471
vn 0.6754 0.4745 -0.5645
vn 0.7428 0.4751 -0.4717
vn 0.7680 0.4157 -0.4872
vn 0.7897 0.3547 -0.5006
vn 0.8080 0.2921 -0.5117
vn 0.7344 0.2919 -0.6127
vn 0.6495 0.2913 -0.7024
vn -0.4956 -0.6667 0.5567
vn -0.4828 -0.6934 0.5348
vn -0.4833 -0.6958 0.5313
vn -0.4834 -0.6958 0.5313
vn -0.5616 -0.6689 0.4870
vn -0.5460 -0.6957 0.4668
vn -0.5460 -0.6980 0.4633
vn -0.5461 -0.6980 0.4632
vn -0.4362 -0.6176 0.6545
vn -0.4198 -0.6648 0.6179
vn -0.4197 -0.6648 0.6179
vn -0.4102 -0.6914 0.5947
vn -0.4112 -0.6939 0.5911
vn -0.4112 -0.6950 0.5898
vn -0.4832 -0.6969 0.5300
vn -0.5457 -0.6991 0.4620
vn -0.5995 -0.7005 0.3872
vn -0.5991 -0.7016 0.3858
vn -0.5991 -0.7016 0.3859
vn -0.5995 -0.7006 0.3871
vn -0.5998 -0.6983 0.3907
vn -0.6181 -0.6715 0.4088
vn -0.6484 -0.6233 0.4370
vn -0.5877 -0.6211 0.5186
vn -0.5171 -0.6192 0.5910
vn 0.2268 -0.7324 -0.6421
vn 0.2249 -0.7325 -0.6425
vn 0.2268 -0.7323 -0.6421
vn 0.2272 -0.7061 -0.6706
vn 0.1409 -0.7329 -0.6655
vn 0.1390 -0.7331 -0.6658
vn 0.1410 -0.7329 -0.6655
vn 0.1376 -0.7066 -0.6941
vn 0.1375 -0.7066 -0.6941
vn 0.3126 -0.7322 -0.6051
vn 0.3098 -0.7315 -0.6074
vn 0.3081 -0.7316 -0.6081
vn 0.3141 -0.7053 -0.6355
vn 0.3280 -0.6546 -0.6811
vn 0.2350 -0.6553 -0.7179
vn 0.1390 -0.6556 -0.7422
vn 0.0403 -0.6557 -0.7539
vn 0.0403 -0.6558 -0.7539
vn 0.0452 -0.7069 -0.7059
vn 0.0452 -0.7068 -0.7059
vn 0.0523 -0.7333 -0.6779
vn 0.0503 -0.7334 -0.6779
vn 0.0523 -0.7332 -0.6780
vn 0.0558 -0.7340 -0.6769
vn 0.0559 -0.7340 -0.6769
vn 0.1444 -0.7337 -0.6640
vn 0.2299 -0.7330 -0.6402
vn -0.5334 -0.7005 -0.4740
vn -0.5098 -0.7273 -0.4595
vn -0.5076 -0.7281 -0.4606
vn -0.5076 -0.7282 -0.4606
vn -0.4662 -0.7028 -0.5373
vn -0.4446 -0.7295 -0.5198
vn -0.4423 -0.7303 -0.5206
vn -0.4445 -0.7295 -0.5198
vn -0.6345 -0.6474 -0.4222
vn -0.5928 -0.6980 -0.4018
vn -0.5676 -0.7248 -0.3905
vn -0.5654 -0.7258 -0.3919
vn -0.5644 -0.7262 -0.3927
vn -0.5065 -0.7284 -0.4613
vn -0.4411 -0.7306 -0.5212
vn -0.3694 -0.7323 -0.5721
vn -0.3682 -0.7325 -0.5727
vn -0.3717 -0.7316 -0.5715
vn -0.3910 -0.7049 -0.5918
vn -0.4226 -0.6538 -0.6276
vn -0.4226 -0.6539 -0.6276
vn -0.5018 -0.6519 -0.5686
vn -0.5724 -0.6498 -0.5001
vn -0.5725 -0.6497 -0.5001
vn -0.7131 -0.6516 -0.2587
vn -0.7419 -0.6500 -0.1645
vn -0.7527 -0.5984 -0.2745
vn -0.7826 -0.5974 -0.1750
vn -0.6381 -0.6964 -0.3285
vn -0.6775 -0.6942 -0.2431
vn -0.7052 -0.6921 -0.1537
vn -0.7214 -0.6899 -0.0604
vn -0.7583 -0.6485 -0.0662
vn -0.7996 -0.5963 -0.0715
vn -0.8399 -0.5374 -0.0760
vn -0.8224 -0.5381 -0.1849
vn -0.7911 -0.5387 -0.2895
vn -0.7462 -0.5395 -0.3900
vn -0.7099 -0.5990 -0.3704
vn -0.6721 -0.6531 -0.3490
vn 0.3416 0.1622 -0.9258
vn 0.3447 0.0964 -0.9337
vn 0.2193 0.1618 -0.9621
vn 0.2213 0.0959 -0.9705
vn 0.4530 0.2269 -0.8621
vn 0.4593 0.1623 -0.8733
vn 0.4634 0.0969 -0.8808
vn 0.4656 0.0302 -0.8845
vn 0.3463 0.0297 -0.9377
vn 0.2221 0.0293 -0.9746
vn 0.0932 0.0286 -0.9952
vn 0.0929 0.0956 -0.9911
vn 0.0923 0.1612 -0.9826
vn 0.0912 0.2261 -0.9698
vn 0.2164 0.2266 -0.9497
vn 0.3369 0.2270 -0.9138
vn -0.1520 -0.6617 0.7341
vn -0.1521 -0.6618 0.7341
vn -0.1526 -0.6882 0.7093
vn -0.1551 -0.6907 0.7063
vn -0.1552 -0.6907 0.7063
vn -0.2451 -0.6623 0.7080
vn -0.2452 -0.6623 0.7080
vn -0.2425 -0.6888 0.6832
vn -0.2444 -0.6912 0.6800
vn -0.2445 -0.6913 0.6800
vn -0.2424 -0.6888 0.6832
vn -0.0512 -0.6150 0.7869
vn -0.0513 -0.6150 0.7869
vn -0.0557 -0.6617 0.7477
vn -0.0558 -0.6617 0.7477
vn -0.0595 -0.6881 0.7232
vn -0.0624 -0.6906 0.7205
vn -0.0632 -0.6918 0.7194
vn -0.1558 -0.6919 0.7050
vn -0.2449 -0.6924 0.6787
vn -0.3303 -0.6923 0.6416
vn -0.3304 -0.6935 0.6402
vn -0.3303 -0.6924 0.6415
vn -0.3287 -0.6898 0.6450
vn -0.3288 -0.6899 0.6450
vn -0.3349 -0.6633 0.6693
vn -0.3460 -0.6163 0.7075
vn -0.2509 -0.6154 0.7472
vn -0.1527 -0.6150 0.7736
vn -0.1526 -0.6150 0.7736
vn 0.4676 -0.6935 0.5481
vn 0.4695 -0.6925 0.5478
vn 0.4694 -0.6925 0.5478
vn 0.4677 -0.6935 0.5481
vn 0.4906 -0.6662 0.5616
vn 0.5325 -0.6960 0.4818
vn 0.5341 -0.6951 0.4812
vn 0.5342 -0.6951 0.4812
vn 0.5572 -0.6688 0.4922
vn 0.3890 -0.6939 0.6060
vn 0.3936 -0.6914 0.6058
vn 0.3954 -0.6903 0.6059
vn 0.4145 -0.6640 0.6223
vn 0.4426 -0.6174 0.6504
vn 0.5225 -0.6193 0.5860
vn 0.5225 -0.6194 0.5860
vn 0.5923 -0.6217 0.5125
vn 0.5923 -0.6217 0.5126
vn 0.6522 -0.6243 0.4301
vn 0.6522 -0.6243 0.4300
vn 0.6143 -0.6716 0.4142
vn 0.6142 -0.6717 0.4142
vn 0.5882 -0.6988 0.4071
vn 0.5898 -0.6980 0.4062
vn 0.5843 -0.7008 0.4091
vn 0.5282 -0.6982 0.4833
vn 0.4631 -0.6959 0.5489
vn -0.5880 -0.6010 -0.5414
vn -0.5125 -0.6018 -0.6125
vn -0.5560 -0.6551 -0.5115
vn -0.4844 -0.6566 -0.5781
vn -0.6878 -0.5401 -0.4850
vn -0.6184 -0.5406 -0.5703
vn -0.5393 -0.5410 -0.6453
vn -0.4500 -0.5411 -0.7104
vn -0.4277 -0.6023 -0.6741
vn -0.4041 -0.6576 -0.6357
vn -0.3830 -0.7024 -0.6000
vn -0.4591 -0.7008 -0.5460
vn -0.5272 -0.6990 -0.4832
vn -0.5873 -0.6971 -0.4113
vn -0.6190 -0.6538 -0.4351
vn -0.6541 -0.5998 -0.4608
vn -0.6840 0.7118 -0.1595
vn -0.6850 0.7108 -0.1598
vn -0.7102 0.6842 -0.1659
vn -0.6581 0.7115 -0.2465
vn -0.6590 0.7105 -0.2469
vn -0.6832 0.6839 -0.2558
vn -0.6975 0.7133 -0.0690
vn -0.6985 0.7123 -0.0691
vn -0.6995 0.7113 -0.0692
vn -0.7252 0.6848 -0.0716
vn -0.7683 0.6356 -0.0755
vn -0.7523 0.6351 -0.1752
vn -0.7238 0.6347 -0.2708
vn -0.6829 0.6343 -0.3625
vn -0.6445 0.6836 -0.3425
vn -0.6207 0.7112 -0.3301
vn -0.6216 0.7102 -0.3305
vn -0.6199 0.7121 -0.3296
vn -0.6572 0.7124 -0.2461
vn -0.6831 0.7128 -0.1593
vn 0.1672 -0.6595 -0.7328
vn 0.1777 -0.6022 -0.7783
vn 0.2611 -0.6590 -0.7054
vn 0.2774 -0.6021 -0.7486
vn 0.0647 -0.7066 -0.7047
vn 0.0698 -0.6600 -0.7481
vn 0.0698 -0.6600 -0.7480
vn 0.0746 -0.6029 -0.7943
vn 0.0786 -0.5411 -0.8373
vn 0.1873 -0.5408 -0.8200
vn 0.2921 -0.5405 -0.7890
vn 0.3930 -0.5402 -0.7441
vn 0.3733 -0.6016 -0.7062
vn 0.3517 -0.6584 -0.6654
vn 0.3308 -0.7047 -0.6276
vn 0.2452 -0.7056 -0.6648
vn 0.1566 -0.7062 -0.6905
vn -0.6588 -0.7168 -0.2284
vn -0.6599 -0.7162 -0.2270
vn -0.6589 -0.7167 -0.2284
vn -0.6873 -0.6891 -0.2296
vn -0.6858 -0.7139 -0.1416
vn -0.6868 -0.7132 -0.1401
vn -0.6858 -0.7138 -0.1416
vn -0.7141 -0.6861 -0.1391
vn -0.6177 -0.7212 -0.3136
vn -0.6206 -0.7197 -0.3112
vn -0.6207 -0.7196 -0.3112
vn -0.6219 -0.7192 -0.3099
vn -0.6488 -0.6921 -0.3162
vn -0.6922 -0.6419 -0.3297
vn -0.7316 -0.6392 -0.2370
vn -0.7585 -0.6364 -0.1405
vn -0.7727 -0.6335 -0.0400
vn -0.7291 -0.6830 -0.0446
vn -0.7015 -0.7109 -0.0510
vn -0.7023 -0.7101 -0.0494
vn -0.7015 -0.7108 -0.0509
vn -0.6991 -0.7129 -0.0545
vn -0.6832 -0.7157 -0.1448
vn -0.6560 -0.7185 -0.2312
vn 0.5462 -0.5996 -0.5850
vn 0.6177 -0.5988 -0.5098
vn 0.5156 -0.6553 -0.5520
vn 0.5835 -0.6541 -0.4813
vn 0.4887 -0.5397 -0.6855
vn 0.5745 -0.5391 -0.6159
vn 0.6496 -0.5385 -0.5367
vn 0.7142 -0.5380 -0.4477
vn 0.6791 -0.5982 -0.4254
vn 0.6422 -0.6528 -0.4018
vn 0.6073 -0.6974 -0.3806
vn 0.5512 -0.6991 -0.4554
vn 0.4865 -0.7007 -0.5218
vn 0.4131 -0.7021 -0.5800
vn 0.4382 -0.6565 -0.6140
vn 0.4642 -0.6007 -0.6509
vn -0.4878 0.6432 -0.5902
vn -0.5144 0.5907 -0.6217
vn -0.5597 0.6435 -0.5221
vn -0.5902 0.5911 -0.5498
vn -0.3874 0.6847 -0.6174
vn -0.4071 0.6430 -0.6487
vn -0.4292 0.5906 -0.6834
vn -0.4507 0.5316 -0.7171
vn -0.5402 0.5317 -0.6523
vn -0.6199 0.5318 -0.5771
vn -0.6895 0.5320 -0.4914
vn -0.6566 0.5910 -0.4685
vn -0.6228 0.6436 -0.4449
vn -0.5922 0.6856 -0.4235
vn -0.5322 0.6852 -0.4972
vn -0.4639 0.6850 -0.5618
vn 0.1563 0.7096 -0.6870
vn 0.1560 0.7090 -0.6877
vn 0.1616 0.6825 -0.7128
vn 0.2433 0.7097 -0.6611
vn 0.2431 0.7091 -0.6619
vn 0.2517 0.6826 -0.6860
vn 0.0654 0.7103 -0.7008
vn 0.0654 0.7096 -0.7016
vn 0.0655 0.7088 -0.7024
vn 0.0678 0.6824 -0.7278
vn 0.0718 0.6331 -0.7708
vn 0.1712 0.6332 -0.7549
vn 0.2667 0.6332 -0.7266
vn 0.3587 0.6334 -0.6856
vn 0.3389 0.6826 -0.6475
vn 0.3267 0.7100 -0.6239
vn 0.3268 0.7092 -0.6247
vn 0.3263 0.7108 -0.6231
vn 0.2431 0.7106 -0.6603
vn 0.1561 0.7104 -0.6862
vn 0.7283 0.6459 -0.2287
vn 0.7513 0.6465 -0.1326
vn 0.7679 0.5937 -0.2407
vn 0.7921 0.5943 -0.1393
vn 0.6587 0.6871 -0.3064
vn 0.6926 0.6877 -0.2178
vn 0.7144 0.6882 -0.1265
vn 0.7243 0.6888 -0.0322
vn 0.7617 0.6470 -0.0334
vn 0.8031 0.5948 -0.0347
vn 0.8432 0.5365 -0.0360
vn 0.8317 0.5358 -0.1458
vn 0.8062 0.5351 -0.2522
vn 0.7669 0.5345 -0.3552
vn 0.7304 0.5931 -0.3388
vn 0.6927 0.6454 -0.3218
vn 0.6178 -0.4220 -0.6635
vn 0.6351 -0.3612 -0.6828
vn 0.6985 -0.4215 -0.5783
vn 0.7182 -0.3607 -0.5951
vn 0.5086 -0.4813 -0.7139
vn 0.5256 -0.4225 -0.7384
vn 0.5404 -0.3618 -0.7597
vn 0.5529 -0.2990 -0.7777
vn 0.6498 -0.2983 -0.6991
vn 0.7349 -0.2976 -0.6094
vn 0.8082 -0.2969 -0.5086
vn 0.7898 -0.3600 -0.4967
vn 0.7681 -0.4209 -0.4826
vn 0.7432 -0.4797 -0.4664
vn 0.6759 -0.4802 -0.5590
vn 0.5978 -0.4807 -0.6415
vn 0.2676 0.4229 0.8657
vn 0.1533 0.4233 0.8929
vn 0.2754 0.3626 0.8904
vn 0.1579 0.3630 0.9183
vn 0.3662 0.4814 0.7963
vn 0.2588 0.4817 0.8373
vn 0.1481 0.4820 0.8636
vn 0.0341 0.4823 0.8754
vn 0.0355 0.4237 0.9051
vn 0.0365 0.3636 0.9308
vn 0.0377 0.3011 0.9528
vn 0.1617 0.3008 0.9399
vn 0.2819 0.3005 0.9112
vn 0.3984 0.3002 0.8667
vn 0.3892 0.3625 0.8468
vn 0.3783 0.4230 0.8234
vn 0.5144 0.5973 0.6153
vn 0.5900 0.5970 0.5437
vn 0.4879 0.6495 0.5832
vn 0.5596 0.6492 0.5152
vn 0.4506 0.5393 0.7114
vn 0.5400 0.5391 0.6464
vn 0.6192 0.5388 0.5712
vn 0.6886 0.5385 0.4857
vn 0.6560 0.5966 0.4623
vn 0.6223 0.6488 0.4380
vn 0.5915 0.6908 0.4159
vn 0.5319 0.6911 0.4894
vn 0.4637 0.6914 0.5540
vn 0.3868 0.6917 0.6098
vn 0.4070 0.6499 0.6419
vn 0.4292 0.5976 0.6772
vn -0.2934 0.0934 -0.9514
vn -0.2907 0.1594 -0.9435
vn -0.1680 0.0938 -0.9813
vn -0.1661 0.1596 -0.9731
vn -0.4169 0.0266 -0.9086
vn -0.4150 0.0933 -0.9050
vn -0.4113 0.1593 -0.8975
vn -0.4058 0.2246 -0.8859
vn -0.2866 0.2248 -0.9313
vn -0.1638 0.2251 -0.9605
vn -0.0375 0.2256 -0.9735
vn -0.0381 0.1605 -0.9863
vn -0.0387 0.0945 -0.9948
vn -0.0391 0.0276 -0.9989
vn -0.1689 0.0270 -0.9853
vn -0.2948 0.0267 -0.9552
vn 0.8678 -0.4194 -0.2665
vn 0.8924 -0.3583 -0.2743
vn 0.8954 -0.4185 -0.1521
vn 0.9207 -0.3574 -0.1567
vn 0.7985 -0.4791 -0.3645
vn 0.8254 -0.4202 -0.3771
vn 0.8487 -0.3592 -0.3881
vn 0.8685 -0.2961 -0.3975
vn 0.9132 -0.2952 -0.2810
vn 0.9421 -0.2943 -0.1606
vn 0.9553 -0.2935 -0.0362
vn 0.9336 -0.3565 -0.0351
vn 0.9080 -0.4177 -0.0338
vn 0.8783 -0.4769 -0.0324
vn 0.8662 -0.4777 -0.1468
vn 0.8396 -0.4784 -0.2575
vn 0.9101 0.3597 0.2057
vn 0.8850 0.4205 0.1998
vn 0.8756 0.3605 0.3216
vn 0.8515 0.4212 0.3125
vn 0.9511 0.2962 0.0875
vn 0.9295 0.3589 0.0852
vn 0.9039 0.4198 0.0826
vn 0.8743 0.4787 0.0796
vn 0.8561 0.4793 0.1930
vn 0.8237 0.4799 0.3020
vn 0.7771 0.4804 0.4067
vn 0.8032 0.4217 0.4207
vn 0.8259 0.3611 0.4329
vn 0.8451 0.2987 0.4433
vn 0.8960 0.2979 0.3294
vn 0.9313 0.2971 0.2108
vn -0.7236 0.1605 -0.6713
vn -0.6310 0.1599 -0.7591
vn -0.7299 0.0946 -0.6770
vn -0.6365 0.0937 -0.7655
vn -0.7942 0.2261 -0.5641
vn -0.7142 0.2255 -0.6627
vn -0.6227 0.2250 -0.7494
vn -0.5197 0.2247 -0.8243
vn -0.5266 0.1595 -0.8350
vn -0.5312 0.0935 -0.8421
vn -0.5334 0.0269 -0.8454
vn -0.6390 0.0275 -0.7687
vn -0.7330 0.0282 -0.6797
vn -0.8153 0.0288 -0.5783
vn -0.8118 0.0953 -0.5761
vn -0.8047 0.1611 -0.5713
vn 0.7654 -0.1013 -0.6355
vn 0.7586 -0.1672 -0.6297
vn 0.6769 -0.1021 -0.7290
vn 0.6709 -0.1681 -0.7223
vn 0.8454 -0.0343 -0.5330
vn 0.8417 -0.1005 -0.5305
vn 0.8343 -0.1664 -0.5256
vn 0.8231 -0.2320 -0.5183
vn 0.7484 -0.2328 -0.6210
vn 0.6618 -0.2336 -0.7123
vn 0.5631 -0.2344 -0.7924
vn 0.5708 -0.1690 -0.8035
vn 0.5760 -0.1030 -0.8109
vn 0.5786 -0.0364 -0.8148
vn 0.6799 -0.0358 -0.7324
vn 0.7688 -0.0351 -0.6385
vn -0.2230 -0.6601 -0.7173
vn -0.2361 -0.6032 -0.7618
vn -0.1280 -0.6602 -0.7401
vn -0.1352 -0.6033 -0.7859
vn -0.2987 -0.7052 -0.6430
vn -0.3154 -0.6596 -0.6823
vn -0.3338 -0.6033 -0.7243
vn -0.3516 -0.5415 -0.7636
vn -0.2483 -0.5417 -0.8030
vn -0.1423 -0.5414 -0.8286
vn -0.0329 -0.5413 -0.8402
vn -0.0313 -0.6031 -0.7970
vn -0.0300 -0.6602 -0.7505
vn -0.0296 -0.7067 -0.7069
vn -0.1220 -0.7065 -0.6971
vn -0.2116 -0.7060 -0.6758
vn -0.7184 -0.6798 0.1478
vn -0.6959 -0.6769 0.2399
vn -0.6958 -0.6769 0.2400
vn -0.6942 -0.7068 0.1362
vn -0.6925 -0.7088 0.1343
vn -0.6926 -0.7087 0.1344
vn -0.6737 -0.7038 0.2253
vn -0.6721 -0.7060 0.2233
vn -0.6721 -0.7059 0.2234
vn -0.7711 -0.6336 0.0630
vn -0.7585 -0.6308 0.1635
vn -0.7331 -0.6282 0.2606
vn -0.6950 -0.6257 0.3542
vn -0.6612 -0.6741 0.3292
vn -0.6412 -0.7011 0.3121
vn -0.6398 -0.7033 0.3098
vn -0.6399 -0.7032 0.3099
vn -0.6408 -0.7042 0.3058
vn -0.6725 -0.7069 0.2192
vn -0.6925 -0.7096 0.1302
vn -0.7012 -0.7117 0.0427
vn -0.7012 -0.7117 0.0426
vn -0.7007 -0.7124 0.0387
vn -0.7030 -0.7098 0.0443
vn -0.7287 -0.6828 0.0526
vn -0.7287 -0.6829 0.0526
vn -0.4765 0.7163 0.5099
vn -0.4771 0.7153 0.5106
vn -0.4941 0.6890 0.5302
vn -0.5389 0.7158 0.4441
vn -0.5393 0.7149 0.4450
vn -0.5590 0.6885 0.4621
vn -0.4048 0.7176 0.5667
vn -0.4053 0.7167 0.5675
vn -0.4059 0.7158 0.5682
vn -0.4208 0.6894 0.5896
vn -0.4457 0.6403 0.6256
vn -0.5237 0.6398 0.5625
vn -0.5925 0.6392 0.4903
vn -0.6519 0.6386 0.4090
vn -0.6154 0.6877 0.3851
vn -0.5928 0.7152 0.3701
vn -0.5937 0.7142 0.3708
vn -0.5920 0.7162 0.3695
vn -0.5382 0.7167 0.4434
vn -0.4759 0.7172 0.5091
vn 0.5363 -0.7035 -0.4663
vn 0.5362 -0.7035 -0.4663
vn 0.4701 -0.7054 -0.5304
vn 0.5204 -0.7296 -0.4437
vn 0.5211 -0.7301 -0.4419
vn 0.4571 -0.7315 -0.5059
vn 0.4572 -0.7315 -0.5059
vn 0.4581 -0.7320 -0.5043
vn 0.6281 -0.6513 -0.4258
vn 0.6281 -0.6513 -0.4259
vn 0.5662 -0.6532 -0.5027
vn 0.4955 -0.6549 -0.5706
vn 0.4156 -0.6563 -0.6297
vn 0.3955 -0.7070 -0.5863
vn 0.3858 -0.7331 -0.5601
vn 0.3870 -0.7336 -0.5586
vn 0.3870 -0.7336 -0.5587
vn 0.3900 -0.7333 -0.5570
vn 0.4609 -0.7317 -0.5022
vn 0.5235 -0.7299 -0.4395
vn 0.5761 -0.7281 -0.3715
vn 0.5782 -0.7279 -0.3687
vn 0.5757 -0.7274 -0.3734
vn 0.5941 -0.7014 -0.3938
vn -0.7551 0.5921 -0.2817
vn -0.7845 0.5928 -0.1820
vn -0.7163 0.6445 -0.2676
vn -0.7442 0.6451 -0.1730
vn -0.7480 0.5325 -0.3961
vn -0.7927 0.5332 -0.2954
vn -0.8237 0.5341 -0.1907
vn -0.8409 0.5349 -0.0819
vn -0.8009 0.5936 -0.0784
vn -0.7598 0.6459 -0.0747
vn -0.7228 0.6874 -0.0713
vn -0.7079 0.6868 -0.1648
vn -0.6812 0.6863 -0.2548
vn -0.6426 0.6859 -0.3414
vn -0.6758 0.6440 -0.3586
vn -0.7124 0.5914 -0.3776
vn -0.6913 0.7134 0.1149
vn -0.6923 0.7124 0.1149
vn -0.6701 0.7140 0.2031
vn -0.6710 0.7130 0.2033
vn -0.7179 0.6858 0.1199
vn -0.6958 0.6864 0.2116
vn -0.6999 0.7138 0.0237
vn -0.7009 0.7128 0.0238
vn -0.6903 0.7144 0.1147
vn -0.6691 0.7150 0.2028
vn -0.6363 0.7156 0.2881
vn -0.6372 0.7146 0.2886
vn -0.6381 0.7136 0.2891
vn -0.6616 0.6871 0.3004
vn -0.7009 0.6379 0.3191
vn -0.7371 0.6373 0.2246
vn -0.7605 0.6366 0.1276
vn -0.7711 0.6361 0.0270
vn -0.7279 0.6853 0.0251
vn -0.7020 0.7118 0.0239
vn 0.6688 0.7129 -0.2106
vn 0.6697 0.7120 -0.2109
vn 0.6944 0.6856 -0.2183
vn 0.6899 0.7135 -0.1224
vn 0.6908 0.7126 -0.1226
vn 0.7162 0.6862 -0.1268
vn 0.6354 0.7133 -0.2958
vn 0.6362 0.7124 -0.2962
vn 0.6371 0.7115 -0.2965
vn 0.6606 0.6851 -0.3071
vn 0.7000 0.6360 -0.3248
vn 0.7359 0.6365 -0.2308
vn 0.7590 0.6371 -0.1339
vn 0.7695 0.6378 -0.0338
vn 0.7261 0.6869 -0.0324
vn 0.6993 0.7141 -0.0314
vn 0.7002 0.7132 -0.0315
vn 0.6985 0.7149 -0.0314
vn 0.6890 0.7144 -0.1223
vn 0.6680 0.7138 -0.2104
vn -0.9723 0.1640 0.1663
vn -0.9809 0.0983 0.1681
vn -0.9426 0.1646 0.2905
vn -0.9509 0.0990 0.2933
vn -0.9728 0.2287 0.0371
vn -0.9858 0.1634 0.0380
vn -0.9945 0.0977 0.0387
vn -0.9987 0.0316 0.0393
vn -0.9851 0.0323 0.1691
vn -0.9550 0.0330 0.2949
vn -0.9085 0.0338 0.4166
vn -0.9045 0.0998 0.4145
vn -0.8966 0.1655 0.4107
vn -0.8847 0.2308 0.4050
vn -0.9301 0.2299 0.2863
vn -0.9595 0.2292 0.1637
vn 0.9509 -0.0988 -0.2934
vn 0.9809 -0.0981 -0.1681
vn 0.9426 -0.1647 -0.2906
vn 0.9723 -0.1639 -0.1663
vn 0.9084 -0.0336 -0.4167
vn 0.9550 -0.0328 -0.2949
vn 0.9851 -0.0321 -0.1691
vn 0.9987 -0.0314 -0.0392
vn 0.9945 -0.0975 -0.0387
vn 0.9858 -0.1634 -0.0380
vn 0.9728 -0.2288 -0.0372
vn 0.9594 -0.2295 -0.1638
vn 0.9300 -0.2302 -0.2864
vn 0.8846 -0.2311 -0.4051
vn 0.8966 -0.1655 -0.4108
vn 0.9045 -0.0996 -0.4147
vn -0.2749 0.3518 -0.8948
vn -0.2673 0.4128 -0.8707
vn -0.1571 0.3518 -0.9228
vn -0.1528 0.4126 -0.8980
vn -0.3984 0.2890 -0.8705
vn -0.3894 0.3519 -0.8512
vn -0.3786 0.4130 -0.8283
vn -0.3662 0.4725 -0.8017
vn -0.2589 0.4725 -0.8425
vn -0.1482 0.4720 -0.8690
vn -0.0339 0.4714 -0.8813
vn -0.0349 0.4124 -0.9103
vn -0.0358 0.3518 -0.9354
vn -0.0367 0.2895 -0.9565
vn -0.1607 0.2893 -0.9437
vn -0.2813 0.2891 -0.9150
vn -0.8682 0.4189 0.2659
vn -0.8957 0.4180 0.1516
vn -0.8928 0.3575 0.2741
vn -0.9210 0.3568 0.1563
vn -0.7989 0.4787 0.3643
vn -0.8399 0.4781 0.2569
vn -0.8662 0.4779 0.1458
vn -0.8784 0.4770 0.0318
vn -0.9081 0.4174 0.0333
vn -0.9337 0.3563 0.0348
vn -0.9554 0.2932 0.0360
vn -0.9423 0.2938 0.1604
vn -0.9135 0.2945 0.2809
vn -0.8688 0.2952 0.3975
vn -0.8492 0.3581 0.3881
vn -0.8259 0.4192 0.3771
vn 0.6658 0.4223 0.6152
vn 0.5806 0.4224 0.6961
vn 0.6845 0.3618 0.6329
vn 0.5968 0.3619 0.7161
vn 0.7163 0.4807 0.5057
vn 0.6442 0.4809 0.5947
vn 0.5618 0.4811 0.6730
vn 0.4689 0.4812 0.7406
vn 0.4846 0.4225 0.7659
vn 0.4982 0.3620 0.7879
vn 0.5097 0.3000 0.8064
vn 0.6106 0.2997 0.7331
vn 0.7003 0.2995 0.6480
vn 0.7789 0.2992 0.5512
vn 0.7612 0.3616 0.5383
vn 0.7404 0.4221 0.5231
vn 0.6833 -0.6959 -0.2210
vn 0.6600 -0.7220 -0.2075
vn 0.6600 -0.7227 -0.2050
vn 0.6600 -0.7227 -0.2051
vn 0.7089 -0.6930 -0.1314
vn 0.6843 -0.7191 -0.1211
vn 0.6838 -0.7199 -0.1186
vn 0.6840 -0.6488 -0.3335
vn 0.6840 -0.6488 -0.3334
vn 0.6462 -0.6987 -0.3069
vn 0.6248 -0.7248 -0.2905
vn 0.6252 -0.7253 -0.2881
vn 0.6252 -0.7254 -0.2881
vn 0.6257 -0.7254 -0.2868
vn 0.6603 -0.7228 -0.2038
vn 0.6838 -0.7202 -0.1172
vn 0.6963 -0.7171 -0.0285
vn 0.6960 -0.7175 -0.0272
vn 0.6961 -0.7175 -0.0272
vn 0.6973 -0.7161 -0.0310
vn 0.7228 -0.6900 -0.0379
vn 0.7228 -0.6900 -0.0380
vn 0.7661 -0.6409 -0.0479
vn 0.7511 -0.6436 -0.1471
vn 0.7511 -0.6436 -0.1472
vn 0.7236 -0.6463 -0.2423
vn -0.7585 -0.1629 0.6310
vn -0.6707 -0.1628 0.7236
vn -0.7653 -0.0977 0.6362
vn -0.6767 -0.0976 0.7297
vn -0.8226 -0.2285 0.5206
vn -0.7482 -0.2277 0.6232
vn -0.6614 -0.2278 0.7146
vn -0.5626 -0.2278 0.7947
vn -0.5704 -0.1631 0.8050
vn -0.5760 -0.0970 0.8117
vn -0.5787 -0.0303 0.8150
vn -0.6801 -0.0307 0.7325
vn -0.7690 -0.0312 0.6385
vn -0.8455 -0.0318 0.5331
vn -0.8416 -0.0977 0.5312
vn -0.8341 -0.1632 0.5270
vn 0.5133 0.7168 0.4719
vn 0.5140 0.7162 0.4721
vn 0.5329 0.6899 0.4899
vn 0.4476 0.7171 0.5343
vn 0.4482 0.7163 0.5349
vn 0.4648 0.6902 0.5547
vn 0.5701 0.7173 0.4006
vn 0.5707 0.7166 0.4010
vn 0.5714 0.7158 0.4015
vn 0.5925 0.6896 0.4165
vn 0.6279 0.6407 0.4418
vn 0.5652 0.6412 0.5191
vn 0.4929 0.6413 0.5881
vn 0.4113 0.6415 0.6476
vn 0.3880 0.6905 0.6105
vn 0.3734 0.7173 0.5883
vn 0.3739 0.7165 0.5889
vn 0.3729 0.7181 0.5876
vn 0.4470 0.7178 0.5337
vn 0.5127 0.7176 0.4714
vn -0.6708 0.1686 0.7222
vn -0.7587 0.1673 0.6296
vn -0.6770 0.1027 0.7288
vn -0.7656 0.1019 0.6352
vn -0.5629 0.2349 0.7924
vn -0.6617 0.2337 0.7124
vn -0.7484 0.2325 0.6211
vn -0.8232 0.2315 0.5184
vn -0.8344 0.1662 0.5255
vn -0.8419 0.1008 0.5302
vn -0.8456 0.0347 0.5328
vn -0.7690 0.0355 0.6382
vn -0.6802 0.0364 0.7321
vn -0.5787 0.0372 0.8147
vn -0.5759 0.1036 0.8109
vn -0.5708 0.1701 0.8033
vn -0.5968 -0.3620 -0.7160
vn -0.5805 -0.4228 -0.6959
vn -0.6845 -0.3619 -0.6328
vn -0.6657 -0.4226 -0.6150
vn -0.5097 -0.3000 -0.8064
vn -0.4982 -0.3622 -0.7878
vn -0.4845 -0.4229 -0.7657
vn -0.4687 -0.4822 -0.7402
vn -0.5615 -0.4820 -0.6726
vn -0.6439 -0.4817 -0.5944
vn -0.7161 -0.4814 -0.5054
vn -0.7404 -0.4223 -0.5229
vn -0.7614 -0.3616 -0.5381
vn -0.7790 -0.2992 -0.5510
vn -0.7003 -0.2995 -0.6479
vn -0.6106 -0.2998 -0.7330
vn -0.7182 0.3598 0.5955
vn -0.6349 0.3608 0.6832
vn -0.6985 0.4207 0.5789
vn -0.6175 0.4219 0.6639
vn -0.8084 0.2961 0.5087
vn -0.7350 0.2974 0.6094
vn -0.6497 0.2983 0.6992
vn -0.5527 0.2993 0.7778
vn -0.5401 0.3617 0.7599
vn -0.5252 0.4226 0.7387
vn -0.5080 0.4811 0.7145
vn -0.5972 0.4805 0.6422
vn -0.6757 0.4798 0.5597
vn -0.7432 0.4793 0.4668
vn -0.7684 0.4199 0.4830
vn -0.7901 0.3589 0.4969
vn 0.9718 0.1652 -0.1679
vn 0.9805 0.0999 -0.1690
vn 0.9422 0.1645 -0.2920
vn 0.9506 0.0991 -0.2942
vn 0.9721 0.2310 -0.0397
vn 0.9853 0.1661 -0.0398
vn 0.9941 0.1007 -0.0398
vn 0.9986 0.0348 -0.0396
vn 0.9850 0.0341 -0.1694
vn 0.9549 0.0333 -0.2952
vn 0.9083 0.0326 -0.4170
vn 0.9042 0.0984 -0.4155
vn 0.8964 0.1633 -0.4121
vn 0.8842 0.2286 -0.4073
vn 0.9296 0.2292 -0.2886
vn 0.9589 0.2301 -0.1661
vn -0.8767 0.3540 -0.3256
vn -0.9111 0.3548 -0.2097
vn -0.8528 0.4151 -0.3170
vn -0.8861 0.4159 -0.2044
vn -0.8462 0.2907 -0.4466
vn -0.8969 0.2914 -0.3327
vn -0.9321 0.2920 -0.2141
vn -0.9519 0.2927 -0.0908
vn -0.9304 0.3556 -0.0892
vn -0.9048 0.4167 -0.0872
vn -0.8752 0.4762 -0.0848
vn -0.8572 0.4753 -0.1981
vn -0.8250 0.4744 -0.3071
vn -0.7785 0.4737 -0.4118
vn -0.8047 0.4143 -0.4253
vn -0.8272 0.3533 -0.4369
vn -0.7523 -0.6450 0.1342
vn -0.7301 -0.6433 0.2306
vn -0.7921 -0.5941 0.1398
vn -0.7683 -0.5929 0.2412
vn -0.7253 -0.6875 0.0358
vn -0.7166 -0.6851 0.1304
vn -0.6959 -0.6828 0.2224
vn -0.6630 -0.6806 0.3119
vn -0.6950 -0.6417 0.3244
vn -0.7310 -0.5918 0.3396
vn -0.7668 -0.5345 0.3554
vn -0.8061 -0.5353 0.2523
vn -0.8315 -0.5360 0.1458
vn -0.8430 -0.5368 0.0360
vn -0.8027 -0.5954 0.0352
vn -0.7619 -0.6468 0.0349
vn 0.8862 -0.4159 0.2043
vn 0.9111 -0.3548 0.2097
vn 0.8527 -0.4150 0.3172
vn 0.8767 -0.3541 0.3257
vn 0.8753 -0.4761 0.0844
vn 0.9048 -0.4168 0.0869
vn 0.9304 -0.3557 0.0890
vn 0.9519 -0.2927 0.0907
vn 0.9321 -0.2920 0.2141
vn 0.8969 -0.2913 0.3327
vn 0.8461 -0.2908 0.4467
vn 0.8271 -0.3534 0.4371
vn 0.8045 -0.4143 0.4256
vn 0.7782 -0.4738 0.4121
vn 0.8249 -0.4745 0.3072
vn 0.8573 -0.4752 0.1980
vn 0.7542 0.5959 0.2757
vn 0.7838 0.5956 0.1759
vn 0.7155 0.6480 0.2611
vn 0.7435 0.6477 0.1664
vn 0.7469 0.5382 0.3905
vn 0.7917 0.5377 0.2899
vn 0.8228 0.5374 0.1852
vn 0.8402 0.5370 0.0761
vn 0.8003 0.5953 0.0720
vn 0.7591 0.6474 0.0678
vn 0.7217 0.6892 0.0640
vn 0.7068 0.6896 0.1577
vn 0.6801 0.6900 0.2477
vn 0.6416 0.6904 0.3342
vn 0.6750 0.6484 0.3520
vn 0.7116 0.5963 0.3716
vn -0.1685 -0.1066 -0.9799
vn -0.1670 -0.1722 -0.9708
vn -0.2936 -0.1067 -0.9500
vn -0.2910 -0.1722 -0.9411
vn -0.0393 -0.0396 -0.9984
vn -0.0394 -0.1060 -0.9936
vn -0.0390 -0.1720 -0.9843
vn -0.0385 -0.2370 -0.9708
vn -0.1648 -0.2369 -0.9575
vn -0.2871 -0.2368 -0.9282
vn -0.4057 -0.2366 -0.8829
vn -0.4112 -0.1721 -0.8952
vn -0.4149 -0.1066 -0.9036
vn -0.4168 -0.0403 -0.9081
vn -0.2949 -0.0403 -0.9547
vn -0.1691 -0.0401 -0.9848
vn -0.3229 0.3631 0.8740
vn -0.2071 0.3634 0.9083
vn -0.3140 0.4235 0.8497
vn -0.2015 0.4238 0.8831
vn -0.4445 0.3002 0.8440
vn -0.3304 0.3008 0.8946
vn -0.2118 0.3011 0.9298
vn -0.0887 0.3013 0.9494
vn -0.0868 0.3635 0.9275
vn -0.0846 0.4239 0.9017
vn -0.0820 0.4824 0.8721
vn -0.1950 0.4823 0.8540
vn -0.3038 0.4820 0.8218
vn -0.4086 0.4817 0.7753
vn -0.4224 0.4230 0.8017
vn -0.4344 0.3625 0.8246
vn 0.5915 -0.5884 0.5513
vn 0.5159 -0.5877 0.6233
vn 0.5637 -0.6372 0.5255
vn 0.4921 -0.6359 0.5945
vn 0.6893 -0.5319 0.4919
vn 0.6197 -0.5315 0.5775
vn 0.5403 -0.5311 0.6527
vn 0.4509 -0.5307 0.7176
vn 0.4306 -0.5867 0.6858
vn 0.4111 -0.6348 0.6542
vn 0.3949 -0.6718 0.6266
vn 0.4720 -0.6734 0.5690
vn 0.5400 -0.6753 0.5024
vn 0.5991 -0.6773 0.4270
vn 0.6262 -0.6386 0.4472
vn 0.6576 -0.5889 0.4698
vn -0.5346 0.6826 -0.4982
vn -0.4665 0.6821 -0.5631
vn -0.5151 0.7094 -0.4811
vn -0.5155 0.7096 -0.4803
vn -0.5155 0.7097 -0.4803
vn -0.4492 0.7089 -0.5437
vn -0.4497 0.7092 -0.5429
vn -0.6296 0.6338 -0.4492
vn -0.5667 0.6332 -0.5271
vn -0.4945 0.6328 -0.5959
vn -0.4125 0.6326 -0.6555
vn -0.3892 0.6820 -0.6192
vn -0.3752 0.7086 -0.5976
vn -0.3758 0.7088 -0.5969
vn -0.3758 0.7089 -0.5969
vn -0.3740 0.7106 -0.5960
vn -0.4478 0.7109 -0.5423
vn -0.5135 0.7113 -0.4800
vn -0.5720 0.7108 -0.4093
vn -0.5713 0.7117 -0.4088
vn -0.5729 0.7098 -0.4098
vn -0.5943 0.6831 -0.4244
vn -0.1626 0.6902 0.7051
vn -0.2524 0.6900 0.6784
vn -0.1565 0.7165 0.6798
vn -0.1572 0.7177 0.6783
vn -0.1572 0.7177 0.6784
vn -0.2432 0.7164 0.6540
vn -0.2428 0.7172 0.6532
vn -0.0742 0.6415 0.7635
vn -0.1727 0.6412 0.7477
vn -0.2677 0.6410 0.7193
vn -0.3591 0.6408 0.6786
vn -0.3388 0.6898 0.6398
vn -0.3267 0.7162 0.6168
vn -0.3262 0.7170 0.6160
vn -0.3258 0.7179 0.6152
vn -0.2424 0.7180 0.6524
vn -0.1559 0.7182 0.6782
vn -0.0673 0.7179 0.6929
vn -0.0661 0.7183 0.6926
vn -0.0665 0.7166 0.6943
vn -0.0693 0.6903 0.7202
vn 0.9700 0.1023 0.2205
vn 0.9614 0.1678 0.2182
vn 0.9333 0.1031 0.3439
vn 0.9250 0.1687 0.3406
vn 0.9950 0.0355 0.0929
vn 0.9906 0.1015 0.0921
vn 0.9818 0.1670 0.0909
vn 0.9686 0.2319 0.0894
vn 0.9485 0.2328 0.2149
vn 0.9125 0.2337 0.3357
vn 0.8607 0.2345 0.4518
vn 0.8725 0.1695 0.4582
vn 0.8804 0.1038 0.4627
vn 0.8845 0.0375 0.4651
vn 0.9376 0.0368 0.3458
vn 0.9744 0.0362 0.2218
vn -0.2079 0.7093 -0.6736
vn -0.2081 0.7083 -0.6745
vn -0.2152 0.6817 -0.6993
vn -0.1196 0.7093 -0.6946
vn -0.1194 0.7083 -0.6957
vn -0.1234 0.6819 -0.7210
vn -0.2928 0.7103 -0.6401
vn -0.2932 0.7094 -0.6409
vn -0.2937 0.7084 -0.6418
vn -0.3044 0.6818 -0.6652
vn -0.3222 0.6325 -0.7044
vn -0.2273 0.6323 -0.7406
vn -0.1304 0.6326 -0.7634
vn -0.0299 0.6328 -0.7738
vn -0.0289 0.6822 -0.7306
vn -0.0281 0.7095 -0.7042
vn -0.0281 0.7087 -0.7050
vn -0.0281 0.7103 -0.7034
vn -0.1195 0.7102 -0.6938
vn -0.2077 0.7102 -0.6727
vn -0.7294 -0.1053 -0.6759
vn -0.6359 -0.1058 -0.7645
vn -0.7228 -0.1709 -0.6696
vn -0.6302 -0.1714 -0.7573
vn -0.8152 -0.0382 -0.5780
vn -0.7328 -0.0389 -0.6793
vn -0.6389 -0.0395 -0.7683
vn -0.5333 -0.0400 -0.8450
vn -0.5308 -0.1063 -0.8408
vn -0.5260 -0.1718 -0.8330
vn -0.5189 -0.2363 -0.8215
vn -0.6217 -0.2360 -0.7468
vn -0.7131 -0.2357 -0.6602
vn -0.7933 -0.2353 -0.5615
vn -0.8041 -0.1703 -0.5695
vn -0.8114 -0.1047 -0.5750
vn 0.6766 0.0976 -0.7299
vn 0.6705 0.1628 -0.7238
vn 0.7650 0.0979 -0.6365
vn 0.7581 0.1634 -0.6313
vn 0.5786 0.0306 -0.8151
vn 0.5757 0.0976 -0.8118
vn 0.5703 0.1632 -0.8050
vn 0.5626 0.2277 -0.7947
vn 0.6612 0.2279 -0.7147
vn 0.7481 0.2277 -0.6233
vn 0.8228 0.2280 -0.5206
vn 0.8339 0.1636 -0.5272
vn 0.8415 0.0978 -0.5313
vn 0.8453 0.0319 -0.5333
vn 0.7687 0.0314 -0.6388
vn 0.6797 0.0315 -0.7328
vn 0.7851 -0.5919 0.1822
vn 0.7558 -0.5908 0.2824
vn 0.7456 -0.6436 0.1728
vn 0.7184 -0.6418 0.2683
vn 0.8411 -0.5348 0.0814
vn 0.8238 -0.5339 0.1906
vn 0.7927 -0.5331 0.2956
vn 0.7478 -0.5325 0.3965
vn 0.7133 -0.5898 0.3787
vn 0.6786 -0.6401 0.3602
vn 0.6483 -0.6796 0.3432
vn 0.6855 -0.6819 0.2552
vn 0.7105 -0.6843 0.1641
vn 0.7235 -0.6868 0.0698
vn 0.7603 -0.6453 0.0740
vn 0.8012 -0.5933 0.0779
vn 0.1686 0.1063 0.9799
vn 0.2937 0.1063 0.9500
vn 0.1671 0.1722 0.9708
vn 0.2911 0.1721 0.9411
vn 0.0397 0.0394 0.9984
vn 0.1694 0.0394 0.9848
vn 0.2951 0.0395 0.9547
vn 0.4169 0.0394 0.9081
vn 0.4150 0.1062 0.9036
vn 0.4112 0.1719 0.8952
vn 0.4057 0.2366 0.8829
vn 0.2871 0.2368 0.9282
vn 0.1648 0.2370 0.9574
vn 0.0386 0.2372 0.9707
vn 0.0392 0.1722 0.9843
vn 0.0395 0.1062 0.9936
vn -0.2679 -0.4230 -0.8656
vn -0.2754 -0.3626 -0.8903
vn -0.1534 -0.4236 -0.8928
vn -0.1579 -0.3629 -0.9183
vn -0.3662 -0.4823 -0.7958
vn -0.3786 -0.4231 -0.8232
vn -0.3893 -0.3623 -0.8468
vn -0.3984 -0.3002 -0.8667
vn -0.2819 -0.3004 -0.9112
vn -0.1619 -0.3004 -0.9400
vn -0.0378 -0.3007 -0.9530
vn -0.0367 -0.3633 -0.9310
vn -0.0357 -0.4236 -0.9052
vn -0.0342 -0.4826 -0.8752
vn -0.1482 -0.4825 -0.8633
vn -0.2588 -0.4823 -0.8369
vn -0.2073 -0.3522 0.9127
vn -0.3231 -0.3525 0.8783
vn -0.2016 -0.4129 0.8882
vn -0.3142 -0.4133 0.8547
vn -0.0888 -0.2897 0.9530
vn -0.2120 -0.2901 0.9332
vn -0.3305 -0.2904 0.8980
vn -0.4446 -0.2907 0.8472
vn -0.4345 -0.3529 0.8287
vn -0.4225 -0.4137 0.8064
vn -0.4087 -0.4731 0.7805
vn -0.3039 -0.4726 0.8272
vn -0.1950 -0.4723 0.8596
vn -0.0819 -0.4721 0.8777
vn -0.0846 -0.4126 0.9070
vn -0.0869 -0.3518 0.9320
vn -0.2207 -0.0960 0.9706
vn -0.3443 -0.0964 0.9339
vn -0.2187 -0.1619 0.9623
vn -0.3412 -0.1623 0.9259
vn -0.0927 -0.0286 0.9953
vn -0.2217 -0.0290 0.9747
vn -0.3459 -0.0293 0.9378
vn -0.4655 -0.0298 0.8846
vn -0.4635 -0.0964 0.8809
vn -0.4591 -0.1625 0.8734
vn -0.4528 -0.2272 0.8622
vn -0.3366 -0.2270 0.9139
vn -0.2158 -0.2266 0.9498
vn -0.0904 -0.2263 0.9699
vn -0.0915 -0.1615 0.9826
vn -0.0923 -0.0956 0.9911
vn -0.9703 0.0967 -0.2216
vn -0.9618 0.1625 -0.2201
vn -0.9336 0.0963 -0.3451
vn -0.9255 0.1620 -0.3425
vn -0.9952 0.0310 -0.0933
vn -0.9909 0.0971 -0.0932
vn -0.9823 0.1629 -0.0928
vn -0.9693 0.2281 -0.0920
vn -0.9491 0.2276 -0.2176
vn -0.9132 0.2271 -0.3383
vn -0.8615 0.2266 -0.4543
vn -0.8731 0.1616 -0.4600
vn -0.8808 0.0958 -0.4638
vn -0.8846 0.0293 -0.4655
vn -0.9377 0.0299 -0.3462
vn -0.9745 0.0304 -0.2222
vn 0.6667 -0.4131 0.6204
vn 0.6854 -0.3520 0.6374
vn 0.5813 -0.4125 0.7014
vn 0.5976 -0.3514 0.7207
vn 0.7173 -0.4732 0.5114
vn 0.7415 -0.4137 0.5282
vn 0.7623 -0.3526 0.5426
vn 0.7798 -0.2901 0.5547
vn 0.7011 -0.2895 0.6516
vn 0.6113 -0.2890 0.7368
vn 0.5102 -0.2887 0.8101
vn 0.4988 -0.3510 0.7925
vn 0.4851 -0.4121 0.7713
vn 0.4692 -0.4719 0.7464
vn 0.5622 -0.4723 0.6789
vn 0.6449 -0.4727 0.6006
vn 0.7294 0.1051 0.6760
vn 0.7228 0.1708 0.6696
vn 0.6359 0.1055 0.7645
vn 0.6301 0.1713 0.7574
vn 0.8151 0.0380 0.5780
vn 0.8114 0.1045 0.5751
vn 0.8041 0.1702 0.5696
vn 0.7932 0.2352 0.5617
vn 0.7131 0.2357 0.6603
vn 0.6217 0.2361 0.7468
vn 0.5190 0.2363 0.8215
vn 0.5260 0.1716 0.8330
vn 0.5308 0.1059 0.8409
vn 0.5332 0.0392 0.8451
vn 0.6388 0.0389 0.7684
vn 0.7327 0.0385 0.6794
vn 0.3232 0.3524 -0.8783
vn 0.2076 0.3521 -0.9127
vn 0.3143 0.4130 -0.8548
vn 0.2018 0.4126 -0.8883
vn 0.4446 0.2907 -0.8472
vn 0.3307 0.2904 -0.8979
vn 0.2125 0.2901 -0.9331
vn 0.0896 0.2898 -0.9529
vn 0.0875 0.3519 -0.9319
vn 0.0850 0.4124 -0.9070
vn 0.0822 0.4713 -0.8781
vn 0.1953 0.4716 -0.8599
vn 0.3041 0.4721 -0.8274
vn 0.4089 0.4728 -0.7806
vn 0.4226 0.4135 -0.8065
vn 0.4345 0.3528 -0.8287
vn -0.6348 -0.3536 0.6870
vn -0.7179 -0.3541 0.5993
vn -0.6173 -0.4145 0.6687
vn -0.6982 -0.4150 0.5834
vn -0.5526 -0.2910 0.7810
vn -0.6496 -0.2913 0.7023
vn -0.7346 -0.2916 0.6126
vn -0.8080 -0.2921 0.5117
vn -0.7897 -0.3547 0.5006
vn -0.7679 -0.4157 0.4873
vn -0.7427 -0.4752 0.4718
vn -0.6752 -0.4745 0.5647
vn -0.5970 -0.4739 0.6473
vn -0.5079 -0.4735 0.7196
vn -0.5252 -0.4141 0.7434
vn -0.5401 -0.3532 0.7639
vn 0.6306 -0.1607 0.7593
vn 0.7233 -0.1610 0.6715
vn 0.6361 -0.0950 0.7657
vn 0.7297 -0.0952 0.6771
vn 0.5194 -0.2252 0.8243
vn 0.6223 -0.2254 0.7496
vn 0.7138 -0.2258 0.6630
vn 0.7939 -0.2262 0.5644
vn 0.8046 -0.1613 0.5715
vn 0.8117 -0.0955 0.5763
vn 0.8152 -0.0290 0.5784
vn 0.7328 -0.0286 0.6798
vn 0.6389 -0.0283 0.7688
vn 0.5333 -0.0281 0.8455
vn 0.5310 -0.0949 0.8421
vn 0.5263 -0.1606 0.8350
vn 0.2171 -0.6885 0.6920
vn 0.2172 -0.6885 0.6920
vn 0.2204 -0.6873 0.6922
vn 0.1266 -0.6874 0.7151
vn 0.1266 -0.6874 0.7152
vn 0.1298 -0.6862 0.7157
vn 0.1298 -0.6862 0.7158
vn 0.2330 -0.6610 0.7133
vn 0.1396 -0.6598 0.7383
vn 0.1396 -0.6598 0.7384
vn 0.3029 -0.6924 0.6548
vn 0.3047 -0.6899 0.6567
vn 0.3046 -0.6899 0.6567
vn 0.2157 -0.6911 0.6899
vn 0.1254 -0.6901 0.7128
vn 0.0320 -0.6895 0.7236
vn 0.0329 -0.6868 0.7261
vn 0.0361 -0.6855 0.7271
vn 0.0429 -0.6591 0.7508
vn 0.0524 -0.6127 0.7886
vn 0.1538 -0.6134 0.7746
vn 0.2518 -0.6145 0.7476
vn 0.3464 -0.6160 0.7075
vn 0.3232 -0.6625 0.6758
vn 0.3078 -0.6888 0.6564
vn -0.7289 0.6479 0.2214
vn -0.7519 0.6472 0.1254
vn -0.7684 0.5957 0.2339
vn -0.7926 0.5951 0.1326
vn -0.6594 0.6899 0.2987
vn -0.6933 0.6893 0.2102
vn -0.7153 0.6887 0.1190
vn -0.7252 0.6880 0.0247
vn -0.7624 0.6466 0.0263
vn -0.8037 0.5944 0.0281
vn -0.8439 0.5357 0.0300
vn -0.8323 0.5364 0.1398
vn -0.8069 0.5370 0.2463
vn -0.7674 0.5375 0.3494
vn -0.7308 0.5963 0.3322
vn -0.6932 0.6485 0.3145
vn -0.9718 -0.1652 0.1680
vn -0.9422 -0.1644 0.2921
vn -0.9805 -0.0997 0.1691
vn -0.9506 -0.0989 0.2943
vn -0.9721 -0.2310 0.0396
vn -0.9589 -0.2301 0.1661
vn -0.9296 -0.2293 0.2886
vn -0.8842 -0.2286 0.4073
vn -0.8962 -0.1637 0.4123
vn -0.9043 -0.0983 0.4155
vn -0.9084 -0.0324 0.4169
vn -0.9549 -0.0331 0.2952
vn -0.9850 -0.0338 0.1695
vn -0.9986 -0.0346 0.0396
vn -0.9941 -0.1006 0.0398
vn -0.9853 -0.1662 0.0398
vn -0.1789 -0.5858 0.7905
vn -0.2792 -0.5858 0.7608
vn -0.1706 -0.6324 0.7556
vn -0.2662 -0.6328 0.7271
vn -0.0787 -0.5303 0.8442
vn -0.1874 -0.5305 0.8267
vn -0.2921 -0.5308 0.7956
vn -0.3927 -0.5313 0.7507
vn -0.3752 -0.5865 0.7178
vn -0.3580 -0.6335 0.6859
vn -0.3426 -0.6697 0.6589
vn -0.2545 -0.6687 0.6986
vn -0.1628 -0.6682 0.7260
vn -0.0674 -0.6680 0.7411
vn -0.0714 -0.6321 0.7716
vn -0.0753 -0.5853 0.8073
vn -0.9250 -0.1689 -0.3404
vn -0.9614 -0.1680 -0.2181
vn -0.9333 -0.1032 -0.3439
vn -0.9700 -0.1024 -0.2204
vn -0.8608 -0.2346 -0.4516
vn -0.9126 -0.2338 -0.3355
vn -0.9485 -0.2329 -0.2148
vn -0.9686 -0.2320 -0.0893
vn -0.9817 -0.1671 -0.0909
vn -0.9906 -0.1015 -0.0921
vn -0.9950 -0.0354 -0.0929
vn -0.9744 -0.0362 -0.2218
vn -0.9376 -0.0369 -0.3458
vn -0.8845 -0.0376 -0.4651
vn -0.8805 -0.1039 -0.4626
vn -0.8726 -0.1696 -0.4581
vt 1.819249 -1.917354
vt 1.845063 -1.916014
vt 1.855358 -1.916541
vt 1.845063 -1.917583
vt 1.872937 -1.914753
vt 1.875309 -1.915985
vt 1.872937 -1.917470
vt 1.756870 -1.918600
vt 1.794153 -1.916955
vt 1.794153 -1.918770
vt 1.831435 -1.915310
vt 1.831435 -1.918940
vt 1.906000 -1.912020
vt 1.898975 -1.913271
vt 1.868718 -1.913665
vt 1.898406 -1.915065
vt 1.906000 -1.919280
vt 1.868718 -1.919110
vt 1.898956 -1.917093
vt 1.930229 -1.924128
vt 1.922905 -1.925086
vt 1.919900 -1.926290
vt 1.922905 -1.926236
vt 1.914736 -1.926383
vt 1.913891 -1.927548
vt 1.914736 -1.928360
vt 1.947700 -1.920470
vt 1.937275 -1.921988
vt 1.937275 -1.923318
vt 1.926850 -1.923505
vt 1.926850 -1.926165
vt 1.906000 -1.926540
vt 1.906000 -1.927870
vt 1.916425 -1.925023
vt 1.906000 -1.929200
vt 1.906000 -1.931860
vt 1.916425 -1.929013
vt 1.906000 -1.930530
vt 1.978914 -1.911295
vt 1.979528 -1.913860
vt 1.964057 -1.912405
vt 1.963862 -1.909012
vt 1.978996 -1.916540
vt 1.963901 -1.915833
vt 1.949845 -1.910858
vt 1.949821 -1.906653
vt 1.949826 -1.915068
vt 1.990770 -1.912020
vt 1.997797 -1.913332
vt 1.977103 -1.908830
vt 1.998366 -1.915134
vt 1.997816 -1.917153
vt 1.990770 -1.919280
vt 1.978121 -1.919286
vt 1.963746 -1.919283
vt 1.949806 -1.919281
vt 1.936100 -1.919280
vt 1.936100 -1.914275
vt 1.936100 -1.909270
vt 1.936100 -1.904265
vt 1.949768 -1.902450
vt 1.936100 -1.899260
vt 1.963435 -1.905640
vt 1.875309 -1.915987
vt 1.872937 -1.914757
vt 1.898956 -1.917094
vt 1.898405 -1.915077
vt 1.898965 -1.913307
vt 1.872937 -1.920931
vt 1.875309 -1.922421
vt 1.855358 -1.921783
vt 1.845063 -1.920697
vt 1.872937 -1.923644
vt 1.845063 -1.922266
vt 1.819249 -1.920810
vt 1.898956 -1.921406
vt 1.868718 -1.919280
vt 1.898406 -1.923415
vt 1.831435 -1.919280
vt 1.868718 -1.924725
vt 1.898965 -1.925193
vt 1.831435 -1.922910
vt 1.756870 -1.919280
vt 1.794153 -1.919280
vt 1.794153 -1.921095
vt 1.981643 -1.912286
vt 1.982525 -1.911113
vt 1.976247 -1.912444
vt 1.973108 -1.913683
vt 1.981642 -1.910314
vt 1.973108 -1.912535
vt 1.965455 -1.914731
vt 1.990770 -1.910693
vt 1.979878 -1.913665
vt 1.990770 -1.909365
vt 1.968985 -1.915310
vt 1.990770 -1.906710
vt 1.979878 -1.909683
vt 1.990770 -1.908038
vt 1.968985 -1.912655
vt 1.947200 -1.918600
vt 1.958093 -1.916955
vt 1.958093 -1.915628
vt 1.949826 -1.923495
vt 1.963901 -1.922734
vt 1.964057 -1.926164
vt 1.949845 -1.927707
vt 1.978996 -1.922040
vt 1.979528 -1.924726
vt 1.963862 -1.929556
vt 1.949821 -1.931913
vt 1.978914 -1.927285
vt 1.936100 -1.924288
vt 1.997816 -1.921469
vt 1.998366 -1.923498
vt 1.997796 -1.925290
vt 1.990770 -1.926540
vt 1.977103 -1.929733
vt 1.963435 -1.932925
vt 1.949768 -1.936118
vt 1.936100 -1.934303
vt 1.936100 -1.939310
vt 1.936100 -1.929295
vt 1.917709 -1.909549
vt 1.917852 -1.910056
vt 1.921838 -1.911882
vt 1.924227 -1.912128
vt 1.917624 -1.911485
vt 1.924227 -1.913276
vt 1.931189 -1.914397
vt 1.906000 -1.906710
vt 1.915123 -1.906163
vt 1.916768 -1.909558
vt 1.916275 -1.906815
vt 1.927535 -1.912405
vt 1.916768 -1.913540
vt 1.914269 -1.908449
vt 1.927535 -1.915060
vt 1.949070 -1.918100
vt 1.938303 -1.915253
vt 1.938303 -1.916580
vt 1.947008 -1.939061
vt 1.947010 -1.942245
vt 1.933340 -1.937869
vt 1.933321 -1.935241
vt 1.947010 -1.945357
vt 1.933340 -1.940411
vt 1.919670 -1.933525
vt 1.919629 -1.931524
vt 1.919670 -1.935469
vt 1.960680 -1.939310
vt 1.960680 -1.942975
vt 1.946991 -1.935641
vt 1.960680 -1.946640
vt 1.960680 -1.950305
vt 1.960680 -1.953970
vt 1.947010 -1.948443
vt 1.933340 -1.942915
vt 1.919670 -1.937388
vt 1.919161 -1.929415
vt 1.933185 -1.932431
vt 1.872937 -1.923648
vt 1.875309 -1.922423
vt 1.898975 -1.925229
vt 1.898406 -1.923427
vt 1.898956 -1.921407
vt 1.917777 -1.922022
vt 1.932874 -1.922729
vt 1.932719 -1.926158
vt 1.917245 -1.924702
vt 1.946952 -1.923494
vt 1.946932 -1.927706
vt 1.932913 -1.929552
vt 1.917859 -1.927268
vt 1.946957 -1.931913
vt 1.918652 -1.919276
vt 1.933030 -1.919279
vt 1.946971 -1.919281
vt 1.960680 -1.919280
vt 1.960680 -1.924288
vt 1.960680 -1.929295
vt 1.960680 -1.934303
vt 1.947010 -1.936118
vt 1.933340 -1.932925
vt 1.919670 -1.929733
vt 1.946952 -1.915072
vt 1.932874 -1.915835
vt 1.932719 -1.912450
vt 1.946933 -1.910893
vt 1.917777 -1.916526
vt 1.917245 -1.913873
vt 1.932893 -1.909190
vt 1.946954 -1.906790
vt 1.917818 -1.911403
vt 1.960680 -1.914275
vt 1.919161 -1.909143
vt 1.933185 -1.906133
vt 1.946991 -1.902926
vt 1.960680 -1.904265
vt 1.960680 -1.899260
vt 1.960680 -1.909270
vt 1.917860 -1.911277
vt 1.932913 -1.909008
vt 1.932719 -1.912399
vt 1.917245 -1.913836
vt 1.946957 -1.906652
vt 1.946932 -1.910857
vt 1.932874 -1.915828
vt 1.917777 -1.916522
vt 1.946952 -1.915068
vt 1.919670 -1.908830
vt 1.933340 -1.905640
vt 1.947010 -1.902450
vt 1.947010 -1.893213
vt 1.947010 -1.896324
vt 1.933340 -1.900698
vt 1.933340 -1.898158
vt 1.947008 -1.899507
vt 1.933321 -1.903326
vt 1.919670 -1.905041
vt 1.919670 -1.903099
vt 1.919629 -1.907040
vt 1.960680 -1.884600
vt 1.960680 -1.888265
vt 1.947010 -1.890128
vt 1.960680 -1.891930
vt 1.960680 -1.895595
vt 1.906000 -1.910693
vt 1.906000 -1.909365
vt 1.906000 -1.908038
vt 1.919670 -1.901183
vt 1.933340 -1.895655
vt 2.077521 -1.921212
vt 2.051707 -1.922551
vt 2.041412 -1.922022
vt 2.051707 -1.920982
vt 2.023834 -1.923810
vt 2.021462 -1.922578
vt 2.023834 -1.921093
vt 2.139900 -1.919970
vt 2.102618 -1.921613
vt 2.102618 -1.919798
vt 2.065335 -1.923255
vt 2.065335 -1.919625
vt 2.028053 -1.924898
vt 2.028053 -1.919453
vt 1.915128 -1.912573
vt 1.923663 -1.914238
vt 1.920524 -1.912900
vt 1.914245 -1.911372
vt 1.931315 -1.915527
vt 1.923663 -1.913091
vt 1.915128 -1.910601
vt 1.916893 -1.914008
vt 1.927785 -1.915995
vt 1.949570 -1.919970
vt 1.938678 -1.916655
vt 1.938678 -1.917983
vt 1.927785 -1.913340
vt 1.916893 -1.910025
vt 1.977103 -1.924298
vt 1.963435 -1.932954
vt 1.963435 -1.932772
vt 1.977103 -1.925991
vt 1.949768 -1.941625
vt 1.949768 -1.939670
vt 1.963454 -1.932261
vt 1.977144 -1.927411
vt 1.949770 -1.937497
vt 1.977103 -1.922508
vt 1.990770 -1.915650
vt 1.963435 -1.932995
vt 1.949768 -1.943483
vt 1.936100 -1.953970
vt 1.936100 -1.950305
vt 1.936100 -1.946640
vt 1.936100 -1.942975
vt 1.949787 -1.934849
vt 1.963591 -1.931055
vt 1.977612 -1.927937
vt 1.990770 -1.922910
vt 2.023834 -1.923797
vt 2.021462 -1.922572
vt 1.997806 -1.925143
vt 1.998366 -1.923450
vt 1.997816 -1.921463
vt 1.946952 -1.923490
vt 1.946932 -1.927671
vt 1.932719 -1.926107
vt 1.932874 -1.922723
vt 1.946954 -1.931775
vt 1.932893 -1.929370
vt 1.917245 -1.924666
vt 1.917777 -1.922018
vt 1.917818 -1.927142
vt 2.023834 -1.914913
vt 2.051707 -1.916295
vt 2.041413 -1.916778
vt 2.021462 -1.916138
vt 2.077521 -1.917750
vt 2.051707 -1.917864
vt 2.023834 -1.917629
vt 2.028053 -1.913835
vt 2.065335 -1.915650
vt 2.139900 -1.919280
vt 2.102618 -1.919280
vt 2.102618 -1.917465
vt 2.065335 -1.919280
vt 2.028053 -1.919280
vt 1.949826 -1.923479
vt 1.963901 -1.922711
vt 1.964057 -1.925976
vt 1.949845 -1.927577
vt 1.978996 -1.922024
vt 1.979528 -1.924590
vt 1.963882 -1.928875
vt 1.949823 -1.931452
vt 1.978955 -1.926758
vt 1.942486 -1.890437
vt 1.937916 -1.890759
vt 1.928183 -1.896720
vt 1.930947 -1.896138
vt 1.933269 -1.891101
vt 1.924802 -1.897466
vt 1.920227 -1.902230
vt 1.920802 -1.901524
vt 1.917644 -1.903478
vt 1.954535 -1.884600
vt 1.948390 -1.884600
vt 1.942245 -1.884600
vt 1.936100 -1.884600
vt 1.928575 -1.891455
vt 1.921050 -1.898310
vt 1.913525 -1.905165
vt 1.842295 -1.885389
vt 1.842296 -1.896725
vt 1.836413 -1.896880
vt 1.836401 -1.885646
vt 1.842297 -1.908015
vt 1.836418 -1.908089
vt 1.830575 -1.897110
vt 1.830538 -1.885968
vt 1.830589 -1.908207
vt 1.848200 -1.873620
vt 1.848200 -1.885267
vt 1.842293 -1.874008
vt 1.848200 -1.896666
vt 1.848200 -1.907990
vt 1.848200 -1.919282
vt 1.842297 -1.919282
vt 1.836419 -1.919282
vt 1.830591 -1.919282
vt 1.824838 -1.919282
vt 1.824836 -1.908374
vt 1.824816 -1.897435
vt 1.824757 -1.886423
vt 1.830478 -1.874783
vt 1.824570 -1.875170
vt 1.836385 -1.874395
vt 1.842297 -1.930514
vt 1.842296 -1.941564
vt 1.836413 -1.941465
vt 1.836418 -1.930448
vt 1.842295 -1.952242
vt 1.836402 -1.952161
vt 1.830575 -1.941329
vt 1.830589 -1.930341
vt 1.830539 -1.952133
vt 1.848200 -1.930538
vt 1.848200 -1.941605
vt 1.848200 -1.952294
vt 1.848200 -1.962416
vt 1.842293 -1.962351
vt 1.836390 -1.962267
vt 1.830494 -1.962367
vt 1.824570 -1.963400
vt 1.824758 -1.952020
vt 1.824816 -1.941090
vt 1.824836 -1.930186
vt 1.877271 -1.887114
vt 1.882793 -1.887935
vt 1.882758 -1.898405
vt 1.877231 -1.897874
vt 1.888227 -1.888818
vt 1.888155 -1.899006
vt 1.882744 -1.908851
vt 1.877216 -1.908589
vt 1.888127 -1.909154
vt 1.871830 -1.875170
vt 1.877335 -1.876310
vt 1.871643 -1.886423
vt 1.882840 -1.877450
vt 1.888345 -1.878590
vt 1.893850 -1.879730
vt 1.893490 -1.889819
vt 1.893377 -1.899693
vt 1.893339 -1.909501
vt 1.893334 -1.919282
vt 1.888123 -1.919282
vt 1.882742 -1.919282
vt 1.877214 -1.919282
vt 1.871565 -1.908374
vt 1.871562 -1.919282
vt 1.871584 -1.897434
vt 1.908036 -1.893703
vt 1.908033 -1.902230
vt 1.903256 -1.901339
vt 1.903279 -1.892353
vt 1.908032 -1.910756
vt 1.903247 -1.910314
vt 1.898393 -1.900481
vt 1.898464 -1.891032
vt 1.898366 -1.909891
vt 1.912770 -1.886990
vt 1.912770 -1.895063
vt 1.908040 -1.885175
vt 1.912770 -1.903135
vt 1.912770 -1.911208
vt 1.912770 -1.919280
vt 1.908032 -1.919281
vt 1.903246 -1.919282
vt 1.898362 -1.919282
vt 1.898580 -1.881545
vt 1.903310 -1.883360
vt 2.006823 -1.963910
vt 1.999907 -1.970806
vt 1.997212 -1.968110
vt 2.003864 -1.961613
vt 1.993012 -1.977722
vt 1.990717 -1.974763
vt 1.994071 -1.964968
vt 2.000550 -1.958998
vt 1.988103 -1.971448
vt 2.016890 -1.958840
vt 2.009653 -1.966078
vt 2.013750 -1.957025
vt 2.002415 -1.973315
vt 1.995178 -1.980553
vt 1.987940 -1.987790
vt 1.986128 -1.984650
vt 1.984315 -1.981510
vt 1.982503 -1.978370
vt 1.980690 -1.975230
vt 1.984627 -1.966965
vt 1.989947 -1.960844
vt 1.996067 -1.955521
vt 2.007470 -1.953395
vt 2.004330 -1.951580
vt 2.010610 -1.955210
vt 1.898464 -1.947536
vt 1.898393 -1.938085
vt 1.903256 -1.937227
vt 1.903279 -1.946215
vt 1.898366 -1.928673
vt 1.903247 -1.928250
vt 1.908033 -1.936336
vt 1.908036 -1.944865
vt 1.908032 -1.927808
vt 1.893850 -1.958840
vt 1.893490 -1.948749
vt 1.898580 -1.957025
vt 1.893376 -1.938873
vt 1.893339 -1.929063
vt 1.912770 -1.927355
vt 1.912770 -1.935430
vt 1.912770 -1.943505
vt 1.908040 -1.953395
vt 1.912770 -1.951580
vt 1.903310 -1.955210
vt 1.907285 -1.902212
vt 1.905541 -1.907803
vt 1.899931 -1.906300
vt 1.901960 -1.900019
vt 1.904253 -1.913517
vt 1.898541 -1.912754
vt 1.894094 -1.904736
vt 1.896275 -1.897628
vt 1.892417 -1.911983
vt 1.913700 -1.899260
vt 1.912358 -1.904265
vt 1.909682 -1.896941
vt 1.911015 -1.909270
vt 1.909673 -1.914275
vt 1.908330 -1.919280
vt 1.903688 -1.919281
vt 1.898009 -1.919281
vt 1.891647 -1.919281
vt 1.883790 -1.919280
vt 1.885955 -1.911208
vt 1.888120 -1.903135
vt 1.890285 -1.895063
vt 1.899327 -1.890988
vt 1.892450 -1.886990
vt 1.904784 -1.894121
vt 2.066181 -1.908208
vt 2.060353 -1.908089
vt 2.060357 -1.896880
vt 2.066196 -1.897115
vt 2.054474 -1.908015
vt 2.054474 -1.896725
vt 2.060369 -1.885646
vt 2.066233 -1.885979
vt 2.054476 -1.885389
vt 2.071932 -1.919282
vt 2.066180 -1.919282
vt 2.071935 -1.908379
vt 2.060352 -1.919282
vt 2.054473 -1.919282
vt 2.048570 -1.919282
vt 2.048570 -1.907990
vt 2.048570 -1.896666
vt 2.048570 -1.885267
vt 2.048570 -1.873620
vt 2.054478 -1.874008
vt 2.060385 -1.874395
vt 2.066293 -1.874783
vt 2.072012 -1.886540
vt 2.072200 -1.875170
vt 2.071954 -1.897473
vt 1.992935 -1.885235
vt 1.988219 -1.888778
vt 1.983762 -1.883909
vt 1.987778 -1.879893
vt 1.983712 -1.892236
vt 1.979737 -1.887934
vt 1.978892 -1.879451
vt 1.982435 -1.874735
vt 1.975434 -1.883958
vt 2.004330 -1.886990
vt 1.997449 -1.890988
vt 1.997435 -1.881880
vt 1.991989 -1.894121
vt 1.987090 -1.896941
vt 1.983070 -1.899260
vt 1.979405 -1.895595
vt 1.975740 -1.891930
vt 1.972075 -1.888265
vt 1.968410 -1.884600
vt 1.970729 -1.880581
vt 1.973549 -1.875681
vt 1.976682 -1.870222
vt 1.985790 -1.870236
vt 1.980680 -1.863340
vt 1.991487 -1.876184
vt 1.955179 -1.867193
vt 1.961925 -1.868767
vt 1.959341 -1.878409
vt 1.953896 -1.877237
vt 1.968537 -1.870795
vt 1.964633 -1.880125
vt 1.956807 -1.887860
vt 1.952620 -1.886934
vt 1.960896 -1.889153
vt 1.948390 -1.854680
vt 1.956465 -1.856845
vt 1.948390 -1.866459
vt 1.964540 -1.859010
vt 1.972615 -1.861175
vt 1.980690 -1.863340
vt 1.974615 -1.873733
vt 1.969572 -1.882545
vt 1.964748 -1.890937
vt 1.960220 -1.898780
vt 1.957263 -1.897988
vt 1.954305 -1.897195
vt 1.951348 -1.896403
vt 1.948389 -1.886543
vt 1.948390 -1.895610
vt 1.948390 -1.876788
vt 1.903748 -1.977734
vt 1.896846 -1.970824
vt 1.899408 -1.968263
vt 1.905952 -1.974866
vt 1.889936 -1.963923
vt 1.892804 -1.961719
vt 1.902144 -1.965526
vt 1.908281 -1.971856
vt 1.895815 -1.959389
vt 1.908830 -1.987790
vt 1.901593 -1.980553
vt 1.910645 -1.984648
vt 1.894355 -1.973315
vt 1.887118 -1.966078
vt 1.879880 -1.958840
vt 1.883023 -1.957025
vt 1.886165 -1.955210
vt 1.889308 -1.953395
vt 1.892450 -1.951580
vt 1.899342 -1.956688
vt 1.905287 -1.962383
vt 1.910982 -1.968329
vt 1.914275 -1.978363
vt 1.916090 -1.975220
vt 1.912460 -1.981505
vt 1.788376 -1.910754
vt 1.788374 -1.902226
vt 1.793149 -1.901337
vt 1.793159 -1.910312
vt 1.788371 -1.893698
vt 1.793126 -1.892349
vt 1.798010 -1.900479
vt 1.798037 -1.909890
vt 1.797939 -1.891030
vt 1.783640 -1.919280
vt 1.783640 -1.911205
vt 1.788376 -1.919281
vt 1.783640 -1.903130
vt 1.783640 -1.895055
vt 1.783640 -1.886980
vt 1.788368 -1.885168
vt 1.793095 -1.883355
vt 1.797823 -1.881543
vt 1.802550 -1.879730
vt 1.802912 -1.889818
vt 1.803025 -1.899692
vt 1.803063 -1.909501
vt 1.798041 -1.919281
vt 1.803068 -1.919281
vt 1.793160 -1.919281
vt 1.918254 -1.931791
vt 1.909227 -1.935527
vt 1.907512 -1.930233
vt 1.916961 -1.927701
vt 1.899898 -1.939429
vt 1.897871 -1.932816
vt 1.906341 -1.924788
vt 1.916035 -1.923512
vt 1.896298 -1.926070
vt 1.927880 -1.931120
vt 1.920038 -1.935645
vt 1.927088 -1.928160
vt 1.911646 -1.940467
vt 1.902834 -1.945508
vt 1.892440 -1.951580
vt 1.890278 -1.943505
vt 1.888115 -1.935430
vt 1.885953 -1.927355
vt 1.895565 -1.919281
vt 1.905892 -1.919281
vt 1.915644 -1.919281
vt 1.925503 -1.922240
vt 1.924710 -1.919280
vt 1.926295 -1.925200
vt 2.019495 -1.852904
vt 2.019532 -1.861054
vt 2.013958 -1.862404
vt 2.013946 -1.854550
vt 2.019546 -1.869483
vt 2.013964 -1.870549
vt 2.008429 -1.863818
vt 2.008427 -1.856270
vt 2.008432 -1.871572
vt 2.024940 -1.842880
vt 2.025127 -1.851497
vt 2.019435 -1.844855
vt 2.025186 -1.859881
vt 2.025206 -1.868504
vt 2.025208 -1.877620
vt 2.019550 -1.878414
vt 2.013974 -1.879236
vt 2.008461 -1.879899
vt 2.002920 -1.879730
vt 2.002920 -1.872493
vt 2.002920 -1.865255
vt 2.002920 -1.858018
vt 2.008425 -1.848805
vt 2.002920 -1.850780
vt 2.013930 -1.846830
vt 1.808173 -1.888818
vt 1.813607 -1.887935
vt 1.813642 -1.898405
vt 1.808246 -1.899006
vt 1.819129 -1.887114
vt 1.819169 -1.897874
vt 1.813656 -1.908851
vt 1.808274 -1.909154
vt 1.819184 -1.908589
vt 1.808055 -1.878590
vt 1.813560 -1.877450
vt 1.819065 -1.876310
vt 1.819186 -1.919282
vt 1.813658 -1.919282
vt 1.808278 -1.919282
vt 1.998306 -1.947535
vt 1.993491 -1.946215
vt 1.993514 -1.937227
vt 1.998377 -1.938085
vt 1.988734 -1.944865
vt 1.988737 -1.936336
vt 1.993523 -1.928250
vt 1.998404 -1.928673
vt 1.988738 -1.927808
vt 2.002920 -1.958840
vt 1.998190 -1.957025
vt 2.003280 -1.948749
vt 1.993460 -1.955210
vt 1.988730 -1.953395
vt 1.984000 -1.951580
vt 1.984000 -1.943505
vt 1.984000 -1.935430
vt 1.984000 -1.927355
vt 1.984000 -1.919280
vt 1.988738 -1.919281
vt 1.993525 -1.919282
vt 1.998408 -1.919282
vt 2.003431 -1.929063
vt 2.003437 -1.919282
vt 2.003394 -1.938873
vt 2.088496 -1.929395
vt 2.088523 -1.939441
vt 2.083122 -1.939954
vt 2.083113 -1.929688
vt 2.088592 -1.949316
vt 2.083144 -1.949918
vt 2.077586 -1.940428
vt 2.077584 -1.929942
vt 2.077588 -1.950562
vt 2.093702 -1.919281
vt 2.093707 -1.929058
vt 2.088493 -1.919282
vt 2.093745 -1.938834
vt 2.093858 -1.948632
vt 2.094220 -1.958840
vt 2.088679 -1.958670
vt 2.083166 -1.959333
vt 2.077591 -1.960155
vt 2.071932 -1.960949
vt 2.071932 -1.951172
vt 2.071932 -1.940846
vt 2.071932 -1.930155
vt 2.077584 -1.919282
vt 2.083112 -1.919282
vt 1.998306 -1.891043
vt 1.998377 -1.900486
vt 1.993514 -1.901339
vt 1.993491 -1.892353
vt 1.998404 -1.909892
vt 1.993524 -1.910314
vt 1.988737 -1.902230
vt 1.988734 -1.893703
vt 1.988738 -1.910756
vt 2.003281 -1.889936
vt 1.998190 -1.881545
vt 2.003394 -1.899732
vt 2.003431 -1.909506
vt 1.984000 -1.911208
vt 1.984000 -1.903135
vt 1.984000 -1.895063
vt 1.988730 -1.885175
vt 1.984000 -1.886990
vt 1.993460 -1.883360
vt 2.006836 -1.874647
vt 2.003970 -1.876851
vt 1.997365 -1.870305
vt 1.999926 -1.867745
vt 2.000961 -1.879180
vt 1.994629 -1.873041
vt 1.990820 -1.863701
vt 1.993023 -1.860835
vt 1.988491 -1.866710
vt 2.016890 -1.879730
vt 2.013750 -1.881545
vt 2.009653 -1.872493
vt 2.010610 -1.883360
vt 2.007470 -1.885175
vt 1.982495 -1.860200
vt 1.984310 -1.857060
vt 1.986125 -1.853920
vt 1.995178 -1.858018
vt 1.987940 -1.850780
vt 2.002415 -1.865255
vt 1.941090 -1.863315
vt 1.941861 -1.869440
vt 1.935405 -1.870829
vt 1.933841 -1.864990
vt 1.942624 -1.875152
vt 1.936908 -1.876440
vt 1.929122 -1.872856
vt 1.926731 -1.867170
vt 1.931315 -1.878184
vt 1.948390 -1.854690
vt 1.948389 -1.862546
vt 1.940315 -1.856853
vt 1.948389 -1.868907
vt 1.948389 -1.874588
vt 1.948390 -1.879230
vt 1.943383 -1.880573
vt 1.938375 -1.881915
vt 1.933368 -1.883258
vt 1.928360 -1.884600
vt 1.926042 -1.880580
vt 1.923223 -1.875681
vt 1.920090 -1.870222
vt 1.924165 -1.861178
vt 1.916090 -1.863340
vt 1.932240 -1.859015
vt 1.788371 -1.893697
vt 1.788375 -1.902226
vt 1.798038 -1.909890
vt 1.802912 -1.889819
vt 1.803068 -1.919282
vt 2.088496 -1.909168
vt 2.083114 -1.908870
vt 2.083128 -1.898561
vt 2.088524 -1.899117
vt 2.077586 -1.908603
vt 2.077601 -1.897985
vt 2.083161 -1.888500
vt 2.088594 -1.889232
vt 2.077640 -1.887533
vt 2.088492 -1.919282
vt 2.093707 -1.909506
vt 2.077687 -1.877636
vt 2.083194 -1.879017
vt 2.088682 -1.879872
vt 2.093858 -1.889935
vt 2.094220 -1.879730
vt 2.093745 -1.899731
vt 1.854106 -1.953179
vt 1.854104 -1.941841
vt 1.859987 -1.941685
vt 1.859999 -1.952922
vt 1.854103 -1.930549
vt 1.859982 -1.930475
vt 1.865826 -1.941456
vt 1.865863 -1.952599
vt 1.865811 -1.930357
vt 1.848200 -1.964950
vt 1.848200 -1.953301
vt 1.854108 -1.964563
vt 1.848200 -1.941900
vt 1.848200 -1.930575
vt 1.854103 -1.919282
vt 1.859982 -1.919282
vt 1.865810 -1.919282
vt 1.871565 -1.930191
vt 1.871584 -1.941131
vt 1.871643 -1.952146
vt 1.865923 -1.963788
vt 1.871830 -1.963400
vt 1.860015 -1.964175
vt 2.077584 -1.908622
vt 2.077586 -1.898138
vt 2.083123 -1.898612
vt 2.083113 -1.908877
vt 2.077588 -1.888005
vt 2.083144 -1.888649
vt 2.088523 -1.899124
vt 2.088496 -1.909169
vt 2.088592 -1.889251
vt 2.071932 -1.908409
vt 2.071932 -1.897720
vt 2.071932 -1.887396
vt 2.071932 -1.877619
vt 2.077591 -1.878414
vt 2.083165 -1.879236
vt 2.088678 -1.879899
vt 2.012072 -1.868898
vt 2.011948 -1.870402
vt 2.011170 -1.862353
vt 2.009428 -1.860902
vt 2.008180 -1.871553
vt 2.008080 -1.863812
vt 2.012032 -1.854544
vt 2.012253 -1.853001
vt 2.008188 -1.856270
vt 2.024940 -1.875170
vt 2.017383 -1.877651
vt 2.002123 -1.866488
vt 2.013256 -1.879031
vt 2.008372 -1.879874
vt 2.002166 -1.852627
vt 1.997334 -1.859635
vt 1.974264 -1.939100
vt 1.981865 -1.944895
vt 1.978058 -1.948955
vt 1.971358 -1.942257
vt 1.989407 -1.950549
vt 1.984451 -1.955348
vt 1.973998 -1.952764
vt 1.968202 -1.945163
vt 1.979654 -1.960305
vt 1.968890 -1.931120
vt 1.976733 -1.935645
vt 1.966723 -1.933288
vt 1.985125 -1.940467
vt 1.993938 -1.945508
vt 1.974615 -1.964836
vt 1.969572 -1.956024
vt 1.964748 -1.947633
vt 1.962388 -1.937623
vt 1.960220 -1.939790
vt 1.964555 -1.935455
vt 1.899898 -1.899133
vt 1.909227 -1.903037
vt 1.907512 -1.908330
vt 1.897871 -1.905745
vt 1.918254 -1.906775
vt 1.916961 -1.910863
vt 1.906341 -1.913775
vt 1.896298 -1.912492
vt 1.916035 -1.915051
vt 1.892440 -1.886980
vt 1.902834 -1.893055
vt 1.890278 -1.895055
vt 1.911646 -1.898099
vt 1.920038 -1.902922
vt 1.927880 -1.907450
vt 1.927088 -1.910408
vt 1.926295 -1.913365
vt 1.925503 -1.916323
vt 1.885953 -1.911205
vt 1.888115 -1.903130
vt 1.928570 -1.945163
vt 1.922776 -1.952764
vt 1.918715 -1.948955
vt 1.925413 -1.942257
vt 1.917122 -1.960305
vt 1.912322 -1.955348
vt 1.914907 -1.944895
vt 1.922507 -1.939100
vt 1.907366 -1.950548
vt 1.936550 -1.939790
vt 1.932025 -1.947633
vt 1.934383 -1.937623
vt 1.927204 -1.956024
vt 1.922163 -1.964836
vt 1.916090 -1.975230
vt 1.912149 -1.966965
vt 1.906827 -1.960843
vt 1.900705 -1.955521
vt 1.930048 -1.933288
vt 1.932215 -1.935455
vt 2.108399 -1.893698
vt 2.108396 -1.902226
vt 2.103621 -1.901337
vt 2.103644 -1.892349
vt 2.108395 -1.910754
vt 2.103612 -1.910312
vt 2.098760 -1.900484
vt 2.098831 -1.891041
vt 2.098732 -1.909891
vt 2.113130 -1.886980
vt 2.113130 -1.895055
vt 2.108403 -1.885168
vt 2.113130 -1.903130
vt 2.113130 -1.911205
vt 2.113130 -1.919280
vt 2.108395 -1.919280
vt 2.103610 -1.919281
vt 2.098729 -1.919281
vt 2.098948 -1.881543
vt 2.103675 -1.883355
vt 2.030908 -1.885979
vt 2.036771 -1.885646
vt 2.036783 -1.896880
vt 2.030945 -1.897115
vt 2.042665 -1.885389
vt 2.042666 -1.896725
vt 2.036788 -1.908089
vt 2.030958 -1.908208
vt 2.042667 -1.908015
vt 2.030848 -1.874783
vt 2.025085 -1.886541
vt 2.036755 -1.874395
vt 2.042663 -1.874008
vt 2.042667 -1.919282
vt 2.036789 -1.919282
vt 2.030961 -1.919282
vt 2.025206 -1.908379
vt 2.025209 -1.919282
vt 2.025186 -1.897473
vt 1.980737 -1.923512
vt 1.990433 -1.924788
vt 1.989261 -1.930233
vt 1.979810 -1.927701
vt 2.000477 -1.926069
vt 1.998903 -1.932816
vt 1.987545 -1.935527
vt 1.978517 -1.931791
vt 1.996875 -1.939429
vt 1.972060 -1.919280
vt 1.981128 -1.919281
vt 1.971268 -1.922240
vt 1.990882 -1.919281
vt 2.001211 -1.919281
vt 2.012990 -1.919280
vt 2.010825 -1.927355
vt 2.008660 -1.935430
vt 2.006495 -1.943505
vt 1.969683 -1.928160
vt 1.970475 -1.925200
vt 1.989407 -1.888017
vt 1.981865 -1.893672
vt 1.978058 -1.889612
vt 1.984451 -1.883219
vt 1.974264 -1.899468
vt 1.971358 -1.896312
vt 1.973998 -1.885805
vt 1.979653 -1.878263
vt 1.968202 -1.893406
vt 2.004330 -1.886980
vt 1.993938 -1.893055
vt 1.996067 -1.883043
vt 1.985125 -1.898099
vt 1.976734 -1.902922
vt 1.968890 -1.907450
vt 1.966723 -1.905283
vt 1.964555 -1.903115
vt 1.962388 -1.900948
vt 1.984627 -1.871603
vt 1.989947 -1.877723
vt 1.903761 -1.977722
vt 1.896864 -1.970806
vt 1.899561 -1.968109
vt 1.906057 -1.974763
vt 1.889948 -1.963910
vt 1.892908 -1.961613
vt 1.902703 -1.964967
vt 1.908673 -1.971448
vt 1.896222 -1.958998
vt 1.910645 -1.984650
vt 1.883020 -1.957025
vt 1.886160 -1.955210
vt 1.889300 -1.953395
vt 1.914275 -1.978370
vt 1.912460 -1.981510
vt 1.955687 -1.975253
vt 1.954916 -1.969129
vt 1.961370 -1.967739
vt 1.962934 -1.973576
vt 1.954153 -1.963417
vt 1.959867 -1.962129
vt 1.967651 -1.965710
vt 1.970042 -1.971396
vt 1.965458 -1.960385
vt 1.948390 -1.983880
vt 1.948389 -1.976023
vt 1.956463 -1.981715
vt 1.948389 -1.969661
vt 1.948389 -1.963982
vt 1.948390 -1.959340
vt 1.953395 -1.957998
vt 1.958400 -1.956655
vt 1.963405 -1.955313
vt 1.968410 -1.953970
vt 1.970730 -1.957988
vt 1.973549 -1.962886
vt 1.976682 -1.968343
vt 1.972608 -1.977385
vt 1.980680 -1.975220
vt 1.964535 -1.979550
vt 2.103621 -1.901336
vt 2.108394 -1.919281
vt 1.928241 -1.967773
vt 1.932143 -1.958443
vt 1.937437 -1.960159
vt 1.934854 -1.969800
vt 1.935879 -1.949416
vt 1.939969 -1.950709
vt 1.942883 -1.961330
vt 1.941601 -1.971372
vt 1.944158 -1.951635
vt 1.924165 -1.977393
vt 1.939510 -1.940583
vt 1.942470 -1.941375
vt 1.945430 -1.942168
vt 1.948390 -1.942960
vt 1.948389 -1.952026
vt 1.948390 -1.961779
vt 1.948390 -1.972106
vt 1.940315 -1.981718
vt 1.932240 -1.979555
vt 1.889948 -1.874658
vt 1.896864 -1.867763
vt 1.899561 -1.870458
vt 1.892907 -1.876954
vt 1.903761 -1.860847
vt 1.906057 -1.863806
vt 1.902703 -1.873600
vt 1.896222 -1.879567
vt 1.908672 -1.867121
vt 1.879880 -1.879730
vt 1.887118 -1.872493
vt 1.883020 -1.881543
vt 1.894355 -1.865255
vt 1.901593 -1.858018
vt 1.908830 -1.850780
vt 1.910645 -1.853920
vt 1.912460 -1.857060
vt 1.914275 -1.860200
vt 1.912149 -1.871603
vt 1.906827 -1.877723
vt 1.900705 -1.883043
vt 1.889300 -1.885168
vt 1.886160 -1.883355
vt 2.000961 -1.959389
vt 2.003970 -1.961719
vt 1.997365 -1.968263
vt 1.994629 -1.965526
vt 2.006836 -1.963923
vt 1.999926 -1.970824
vt 1.990820 -1.974866
vt 1.988490 -1.971856
vt 1.993023 -1.977734
vt 1.997434 -1.956688
vt 1.986125 -1.984648
vt 1.984310 -1.981505
vt 1.982495 -1.978363
vt 1.985790 -1.968329
vt 1.991486 -1.962383
vt 2.004355 -1.911983
vt 1.998230 -1.912754
vt 1.996842 -1.906300
vt 2.002680 -1.904736
vt 1.992518 -1.913517
vt 1.991230 -1.907803
vt 1.994814 -1.900019
vt 2.000501 -1.897628
vt 1.989487 -1.902212
vt 2.012980 -1.919280
vt 2.005125 -1.919281
vt 2.010818 -1.911208
vt 1.998763 -1.919282
vt 1.993083 -1.919281
vt 1.988440 -1.919280
vt 1.987098 -1.914275
vt 1.985755 -1.909270
vt 1.984413 -1.904265
vt 2.006493 -1.895063
vt 2.008655 -1.903135
vt 2.088712 -1.871548
vt 2.083208 -1.870361
vt 2.083210 -1.862296
vt 2.088715 -1.863805
vt 2.077704 -1.868855
vt 2.077705 -1.860690
vt 2.083210 -1.854505
vt 2.088716 -1.856265
vt 2.077705 -1.852732
vt 2.094220 -1.872493
vt 2.072200 -1.867098
vt 2.072200 -1.859025
vt 2.072200 -1.850953
vt 2.072200 -1.842880
vt 2.077705 -1.844855
vt 2.083210 -1.846830
vt 2.088715 -1.848805
vt 2.094220 -1.858018
vt 2.094220 -1.850780
vt 2.094220 -1.865255
vt 1.889936 -1.874647
vt 1.896846 -1.867745
vt 1.899408 -1.870305
vt 1.892804 -1.876851
vt 1.903748 -1.860835
vt 1.905952 -1.863701
vt 1.902144 -1.873041
vt 1.895815 -1.879180
vt 1.908281 -1.866710
vt 1.883023 -1.881545
vt 1.910982 -1.870236
vt 1.905287 -1.876184
vt 1.899341 -1.881880
vt 1.889308 -1.885175
vt 1.886165 -1.883360
vt 2.042665 -1.953179
vt 2.036771 -1.952922
vt 2.036783 -1.941686
vt 2.042666 -1.941841
vt 2.030908 -1.952599
vt 2.030945 -1.941456
vt 2.036788 -1.930475
vt 2.042667 -1.930549
vt 2.030959 -1.930357
vt 2.048570 -1.964950
vt 2.042663 -1.964563
vt 2.048570 -1.953301
vt 2.036755 -1.964175
vt 2.030848 -1.963788
vt 2.024940 -1.963400
vt 2.025127 -1.952146
vt 2.025186 -1.941131
vt 2.025206 -1.930191
vt 2.048570 -1.930575
vt 2.048570 -1.941900
vt 1.824816 -1.897434
vt 1.877216 -1.929975
vt 1.882744 -1.929714
vt 1.882758 -1.940161
vt 1.877231 -1.940687
vt 1.888127 -1.929410
vt 1.888155 -1.939560
vt 1.882793 -1.950633
vt 1.877271 -1.951443
vt 1.888227 -1.949750
vt 1.871565 -1.930186
vt 1.893377 -1.938873
vt 1.893489 -1.948748
vt 1.888345 -1.959980
vt 1.882840 -1.961120
vt 1.877335 -1.962260
vt 1.871642 -1.951996
vt 1.871584 -1.941089
vt 2.030959 -1.867726
vt 2.030945 -1.858988
vt 2.036783 -1.858352
vt 2.036788 -1.867169
vt 2.030908 -1.850544
vt 2.036771 -1.849864
vt 2.042666 -1.857939
vt 2.042667 -1.866830
vt 2.042665 -1.849346
vt 2.030961 -1.876980
vt 2.030848 -1.842208
vt 2.036755 -1.841535
vt 2.042663 -1.840863
vt 2.048570 -1.840190
vt 2.048570 -1.849110
vt 2.048570 -1.857789
vt 2.048570 -1.866715
vt 2.042667 -1.876245
vt 2.048570 -1.876152
vt 2.036789 -1.876521
vt 1.895339 -1.874008
vt 1.892385 -1.874395
vt 1.948385 -1.874395
vt 1.948385 -1.874008
vt 1.889431 -1.874783
vt 1.948385 -1.874783
vt 2.004385 -1.874395
vt 2.001431 -1.874008
vt 2.007339 -1.874783
vt 1.898293 -1.873620
vt 1.886478 -1.875170
vt 1.948385 -1.875170
vt 2.010293 -1.875170
vt 1.998478 -1.873620
vt 1.948385 -1.873620
vt 2.108399 -1.944865
vt 2.103644 -1.946215
vt 2.103621 -1.937227
vt 2.108396 -1.936335
vt 2.098831 -1.947535
vt 2.098760 -1.938085
vt 2.103612 -1.928250
vt 2.108395 -1.927808
vt 2.098732 -1.928673
vt 2.113130 -1.951580
vt 2.108403 -1.953395
vt 2.113130 -1.943505
vt 2.103675 -1.955210
vt 2.098948 -1.957025
vt 2.093858 -1.948749
vt 2.093745 -1.938873
vt 2.093708 -1.929063
vt 2.113130 -1.927355
vt 2.113130 -1.935430
vt 1.952620 -1.951635
vt 1.956807 -1.950709
vt 1.959341 -1.960159
vt 1.953896 -1.961330
vt 1.960896 -1.949416
vt 1.964633 -1.958443
vt 1.961925 -1.969799
vt 1.955179 -1.971372
vt 1.968537 -1.967773
vt 1.951348 -1.942168
vt 1.954305 -1.941375
vt 1.957263 -1.940583
vt 1.972615 -1.977393
vt 1.964540 -1.979555
vt 1.956465 -1.981718
vt 1.903840 -1.953333
vt 1.908554 -1.949790
vt 1.913011 -1.954659
vt 1.908996 -1.958674
vt 1.913059 -1.946333
vt 1.917035 -1.950635
vt 1.917880 -1.959116
vt 1.914337 -1.963831
vt 1.921337 -1.954611
vt 1.899327 -1.947581
vt 1.904784 -1.944447
vt 1.909682 -1.941628
vt 1.913700 -1.939310
vt 1.917365 -1.942975
vt 1.921030 -1.946640
vt 1.924695 -1.950305
vt 1.928360 -1.953970
vt 1.926042 -1.957988
vt 1.923223 -1.962886
vt 1.920090 -1.968343
vt 1.928570 -1.893406
vt 1.925413 -1.896312
vt 1.918715 -1.889613
vt 1.922776 -1.885805
vt 1.922507 -1.899468
vt 1.914907 -1.893672
vt 1.912322 -1.883219
vt 1.917122 -1.878263
vt 1.907365 -1.888017
vt 1.936550 -1.898780
vt 1.934383 -1.900948
vt 1.932025 -1.890937
vt 1.932215 -1.903115
vt 1.930048 -1.905283
vt 1.922162 -1.873733
vt 1.927204 -1.882545
vt 1.993523 -1.910314
vt 1.941090 -1.975253
vt 1.933841 -1.973577
vt 1.935405 -1.967739
vt 1.941861 -1.969129
vt 1.926731 -1.971396
vt 1.929123 -1.965711
vt 1.936908 -1.962129
vt 1.942624 -1.963417
vt 1.931315 -1.960385
vt 1.940315 -1.981715
vt 1.932240 -1.979550
vt 1.924165 -1.977385
vt 1.933368 -1.955313
vt 1.938375 -1.956655
vt 1.943383 -1.957998
vt 1.970042 -1.867169
vt 1.967651 -1.872857
vt 1.961370 -1.870829
vt 1.962934 -1.864990
vt 1.965458 -1.878184
vt 1.959867 -1.876440
vt 1.954916 -1.869440
vt 1.955687 -1.863315
vt 1.954153 -1.875152
vt 1.972608 -1.861178
vt 1.963405 -1.883258
vt 1.958400 -1.881915
vt 1.953395 -1.880573
vt 1.956463 -1.856853
vt 1.964535 -1.859015
vt 2.030961 -1.930322
vt 2.036789 -1.930441
vt 2.036788 -1.941414
vt 2.030961 -1.941177
vt 2.042667 -1.930514
vt 2.042667 -1.941557
vt 2.036789 -1.952012
vt 2.030961 -1.951661
vt 2.042667 -1.952223
vt 2.025208 -1.919282
vt 2.025208 -1.930155
vt 2.048570 -1.930538
vt 2.048570 -1.941605
vt 2.048570 -1.952294
vt 2.048570 -1.962416
vt 2.042667 -1.962324
vt 2.036789 -1.962048
vt 2.030961 -1.961589
vt 2.025208 -1.951172
vt 2.025208 -1.960949
vt 2.025208 -1.940846
vt 1.830589 -1.908208
vt 2.019499 -1.951454
vt 2.013977 -1.950633
vt 2.014012 -1.940161
vt 2.019539 -1.940692
vt 2.008543 -1.949750
vt 2.008615 -1.939560
vt 2.014026 -1.929714
vt 2.019554 -1.929975
vt 2.008643 -1.929410
vt 2.019435 -1.962260
vt 2.013930 -1.961120
vt 2.008425 -1.959980
vt 2.008647 -1.919282
vt 2.014028 -1.919282
vt 2.019557 -1.919282
vt 2.008548 -1.949316
vt 2.008616 -1.939441
vt 2.014017 -1.939954
vt 2.013996 -1.949918
vt 2.008643 -1.929395
vt 2.014027 -1.929688
vt 2.019555 -1.940428
vt 2.019552 -1.950562
vt 2.019556 -1.929942
vt 2.003281 -1.948632
vt 2.008462 -1.958670
vt 2.003394 -1.938834
vt 2.003431 -1.929058
vt 2.019550 -1.960155
vt 2.013974 -1.959333
vt 1.888343 -1.886247
vt 1.888342 -1.893633
vt 1.882818 -1.920842
vt 1.882825 -1.913674
vt 1.888343 -1.901140
vt 1.882825 -1.928984
vt 1.877254 -1.945320
vt 1.877277 -1.939049
vt 1.877277 -1.954779
vt 1.893850 -1.850780
vt 1.893850 -1.858018
vt 1.888345 -1.878935
vt 1.893850 -1.865255
vt 1.893850 -1.872493
vt 1.888345 -1.908720
vt 1.882840 -1.937710
vt 1.877335 -1.966700
vt 1.871830 -1.995690
vt 1.871646 -1.974721
vt 1.871606 -1.963924
vt 1.871645 -1.958508
vt 1.877335 -1.935245
vt 1.882840 -1.907090
vt 1.935879 -1.889153
vt 1.932143 -1.880125
vt 1.937437 -1.878409
vt 1.939969 -1.887860
vt 1.928241 -1.870796
vt 1.934854 -1.868767
vt 1.942883 -1.877237
vt 1.944158 -1.886934
vt 1.941601 -1.867193
vt 1.939510 -1.897988
vt 1.924165 -1.861175
vt 1.932240 -1.859010
vt 1.940315 -1.856845
vt 1.945430 -1.896403
vt 1.942470 -1.897195
vt 2.066181 -1.970844
vt 2.066196 -1.979582
vt 2.060357 -1.980218
vt 2.060352 -1.971400
vt 2.066232 -1.988027
vt 2.060369 -1.988707
vt 2.054474 -1.980631
vt 2.054474 -1.971739
vt 2.054476 -1.989224
vt 2.071935 -1.970066
vt 2.066180 -1.961589
vt 2.071954 -1.978689
vt 2.072013 -1.987073
vt 2.072200 -1.995690
vt 2.066293 -1.996363
vt 2.060385 -1.997035
vt 2.054478 -1.997708
vt 2.048570 -1.998380
vt 2.048570 -1.989460
vt 2.048570 -1.980781
vt 2.048570 -1.971854
vt 2.054474 -1.962324
vt 2.060352 -1.962048
vt 1.914337 -1.874735
vt 1.917880 -1.879451
vt 1.913011 -1.883909
vt 1.908996 -1.879893
vt 1.921337 -1.883958
vt 1.917035 -1.887934
vt 1.908554 -1.888778
vt 1.903840 -1.885235
vt 1.913059 -1.892236
vt 1.924695 -1.888265
vt 1.921030 -1.891930
vt 1.917365 -1.895595
vt 2.030908 -1.988027
vt 2.030945 -1.979582
vt 2.036783 -1.980218
vt 2.036771 -1.988707
vt 2.030959 -1.970843
vt 2.036788 -1.971400
vt 2.042666 -1.980631
vt 2.042665 -1.989224
vt 2.042667 -1.971739
vt 2.024940 -1.995690
vt 2.025127 -1.987073
vt 2.030848 -1.996363
vt 2.025186 -1.978689
vt 2.025206 -1.970066
vt 2.042663 -1.997708
vt 2.036755 -1.997035
vt 2.077645 -1.852904
vt 2.083194 -1.854550
vt 2.083182 -1.862404
vt 2.077608 -1.861054
vt 2.088713 -1.856271
vt 2.088712 -1.863818
vt 2.083176 -1.870549
vt 2.077594 -1.869483
vt 2.088708 -1.871572
vt 2.072013 -1.851497
vt 2.071935 -1.868504
vt 2.071954 -1.859881
vt 2.019546 -1.969087
vt 2.019532 -1.977516
vt 2.013958 -1.976166
vt 2.013964 -1.968021
vt 2.019495 -1.985666
vt 2.013946 -1.984020
vt 2.008429 -1.974752
vt 2.008432 -1.966998
vt 2.008427 -1.982300
vt 2.019435 -1.993715
vt 2.013930 -1.991740
vt 2.008425 -1.989765
vt 2.002920 -1.987790
vt 2.002920 -1.980553
vt 2.002920 -1.973315
vt 2.002920 -1.966078
vt 1.865811 -1.908208
vt 1.859982 -1.908089
vt 1.859987 -1.896880
vt 1.865825 -1.897110
vt 1.854103 -1.908015
vt 1.854104 -1.896725
vt 1.859999 -1.885646
vt 1.865862 -1.885968
vt 1.854106 -1.885389
vt 1.865809 -1.919282
vt 1.854108 -1.874008
vt 1.860015 -1.874395
vt 1.865923 -1.874783
vt 2.019552 -1.888005
vt 2.019555 -1.898138
vt 2.014018 -1.898612
vt 2.013996 -1.888649
vt 2.019556 -1.908622
vt 2.014027 -1.908877
vt 2.008616 -1.899124
vt 2.008548 -1.889251
vt 2.008643 -1.909169
vt 2.025208 -1.887396
vt 2.025209 -1.897720
vt 2.025208 -1.908409
vt 2.108395 -1.927807
vt 2.098760 -1.938080
vt 2.098732 -1.928672
vt 2.098831 -1.947525
vt 1.808274 -1.929410
vt 1.813656 -1.929714
vt 1.813642 -1.940161
vt 1.808246 -1.939560
vt 1.819184 -1.929975
vt 1.819169 -1.940687
vt 1.813607 -1.950633
vt 1.808173 -1.949750
vt 1.819129 -1.951443
vt 1.803063 -1.929063
vt 1.819065 -1.962260
vt 1.813560 -1.961120
vt 1.808055 -1.959980
vt 1.802912 -1.948748
vt 1.802550 -1.958840
vt 1.803025 -1.938873
vt 2.054474 -1.930549
vt 2.060353 -1.930475
vt 2.060357 -1.941685
vt 2.054474 -1.941841
vt 2.066181 -1.930357
vt 2.066195 -1.941456
vt 2.060369 -1.952922
vt 2.054476 -1.953179
vt 2.066233 -1.952599
vt 2.071935 -1.930191
vt 2.071954 -1.941131
vt 2.072013 -1.952145
vt 2.072200 -1.963400
vt 2.066293 -1.963788
vt 2.060385 -1.964175
vt 2.054478 -1.964563
vt 1.877271 -1.951454
vt 1.877231 -1.940692
vt 1.993012 -1.860847
vt 1.999908 -1.867763
vt 1.997212 -1.870458
vt 1.990716 -1.863806
vt 2.006823 -1.874659
vt 2.003864 -1.876954
vt 1.994071 -1.873600
vt 1.988103 -1.867121
vt 2.000550 -1.879567
vt 1.986128 -1.853920
vt 2.013750 -1.881543
vt 2.010610 -1.883355
vt 2.007470 -1.885168
vt 1.982503 -1.860200
vt 1.984315 -1.857060
vt 1.975434 -1.954611
vt 1.979737 -1.950635
vt 1.983761 -1.954659
vt 1.978892 -1.959116
vt 1.983712 -1.946333
vt 1.988219 -1.949790
vt 1.987778 -1.958674
vt 1.982435 -1.963831
vt 1.992935 -1.953333
vt 1.972075 -1.950305
vt 1.975740 -1.946640
vt 1.979405 -1.942975
vt 1.983070 -1.939310
vt 1.987090 -1.941628
vt 1.991989 -1.944447
vt 1.997449 -1.947581
vt 1.904253 -1.925047
vt 1.905541 -1.930762
vt 1.899931 -1.932265
vt 1.898541 -1.925810
vt 1.907285 -1.936355
vt 1.901960 -1.938548
vt 1.894094 -1.933830
vt 1.892417 -1.926580
vt 1.896275 -1.940939
vt 1.909673 -1.924288
vt 1.911015 -1.929295
vt 1.912358 -1.934303
vt 1.890285 -1.943505
vt 1.888120 -1.935430
vt 1.885955 -1.927355
vt 1.854103 -1.930514
vt 1.859982 -1.930448
vt 1.859987 -1.941465
vt 1.854104 -1.941564
vt 1.865811 -1.930341
vt 1.865825 -1.941329
vt 1.859998 -1.952112
vt 1.854105 -1.952236
vt 1.865859 -1.952030
vt 1.865889 -1.961197
vt 1.860004 -1.961877
vt 1.854106 -1.962303
vt 2.000501 -1.940939
vt 1.994814 -1.938548
vt 1.996842 -1.932265
vt 2.002680 -1.933830
vt 1.989486 -1.936355
vt 1.991230 -1.930762
vt 1.998231 -1.925810
vt 2.004355 -1.926580
vt 1.992518 -1.925046
vt 2.006493 -1.943505
vt 1.984413 -1.934303
vt 1.985755 -1.929295
vt 1.987098 -1.924288
vt 2.010818 -1.927355
vt 2.008655 -1.935430
vt 2.054474 -1.866830
vt 2.054474 -1.857939
vt 2.060357 -1.858352
vt 2.060353 -1.867169
vt 2.054476 -1.849347
vt 2.060369 -1.849864
vt 2.066195 -1.858988
vt 2.066181 -1.867726
vt 2.066233 -1.850543
vt 2.054474 -1.876245
vt 2.054478 -1.840863
vt 2.060385 -1.841535
vt 2.066293 -1.842208
vt 2.066180 -1.876980
vt 2.060352 -1.876521
vt 1.892148 -1.853190
vt 1.934672 -1.857862
vt 1.933810 -1.858022
vt 1.892040 -1.857442
vt 1.973574 -1.862499
vt 1.970748 -1.858707
vt 1.934672 -1.858147
vt 1.892148 -1.861690
vt 1.973573 -1.854799
vt 1.848200 -1.840190
vt 1.892385 -1.848935
vt 1.848200 -1.848548
vt 1.936570 -1.857680
vt 1.980755 -1.866425
vt 1.980755 -1.850565
vt 1.936570 -1.858250
vt 1.892385 -1.865935
vt 1.848200 -1.865263
vt 1.848200 -1.856905
vt 1.798037 -1.928673
vt 1.798010 -1.938085
vt 1.793149 -1.937227
vt 1.793159 -1.928250
vt 1.797939 -1.947536
vt 1.793126 -1.946215
vt 1.788374 -1.936335
vt 1.788375 -1.927808
vt 1.788371 -1.944865
vt 1.797823 -1.957025
vt 1.793095 -1.955210
vt 1.788368 -1.953395
vt 1.783640 -1.951580
vt 1.783640 -1.943505
vt 1.783640 -1.935430
vt 1.783640 -1.927355
vt 1.865863 -1.885969
vt 2.088597 -1.949750
vt 2.083163 -1.950633
vt 2.083128 -1.940161
vt 2.088524 -1.939560
vt 2.077641 -1.951454
vt 2.077601 -1.940692
vt 2.083114 -1.929714
vt 2.088496 -1.929410
vt 2.077586 -1.929975
vt 2.088715 -1.959980
vt 2.083210 -1.961120
vt 2.077705 -1.962260
vt 1.819169 -1.940692
vt 1.819129 -1.951454
vt 1.824836 -1.930191
vt 1.824816 -1.941131
vt 1.824757 -1.952145
vt 1.802912 -1.948749
vt 1.842297 -1.930549
vt 1.842296 -1.941841
vt 1.836413 -1.941685
vt 1.836418 -1.930476
vt 1.842295 -1.953179
vt 1.836401 -1.952922
vt 1.830575 -1.941456
vt 1.830589 -1.930357
vt 1.830538 -1.952599
vt 1.842293 -1.964563
vt 1.836385 -1.964175
vt 1.830478 -1.963788
vt 2.042667 -1.908051
vt 2.036789 -1.908123
vt 2.036789 -1.897151
vt 2.042667 -1.897008
vt 2.030961 -1.908242
vt 2.030961 -1.897389
vt 2.036789 -1.886555
vt 2.042667 -1.886344
vt 2.030961 -1.886906
vt 2.048570 -1.908027
vt 2.048570 -1.886273
vt 2.048570 -1.896961
vt 1.808055 -1.884045
vt 1.813560 -1.883058
vt 1.813560 -1.919285
vt 1.808055 -1.919285
vt 1.819065 -1.882070
vt 1.819065 -1.919285
vt 1.813560 -1.955513
vt 1.808055 -1.954525
vt 1.819065 -1.956500
vt 1.802550 -1.850780
vt 1.808055 -1.848805
vt 1.802550 -1.885033
vt 1.813560 -1.846830
vt 1.819065 -1.844855
vt 1.824570 -1.842880
vt 1.824570 -1.881083
vt 1.824570 -1.919285
vt 1.824570 -1.957488
vt 1.824570 -1.995690
vt 1.819065 -1.993715
vt 1.813560 -1.991740
vt 1.808055 -1.989765
vt 1.802550 -1.953538
vt 1.802550 -1.987790
vt 1.802550 -1.919285
vt 1.854105 -1.971623
vt 1.859998 -1.970469
vt 1.859993 -1.978768
vt 1.854105 -1.980450
vt 1.865862 -1.967308
vt 1.865842 -1.974294
vt 1.860000 -1.987681
vt 1.854106 -1.989096
vt 1.865865 -1.984141
vt 1.848200 -1.971854
vt 1.865923 -1.996363
vt 1.860015 -1.997035
vt 1.854108 -1.997708
vt 1.848200 -1.989460
vt 1.848200 -1.998380
vt 1.848200 -1.980781
vt 2.019317 -1.887537
vt 2.019539 -1.897985
vt 2.014012 -1.898561
vt 2.013893 -1.888502
vt 2.019554 -1.908603
vt 2.014026 -1.908870
vt 2.008616 -1.899118
vt 2.008535 -1.889233
vt 2.008643 -1.909168
vt 2.077645 -1.985666
vt 2.077608 -1.977517
vt 2.083182 -1.976166
vt 2.083194 -1.984020
vt 2.077594 -1.969087
vt 2.083176 -1.968021
vt 2.088712 -1.974752
vt 2.088713 -1.982300
vt 2.088708 -1.966998
vt 2.077705 -1.993715
vt 2.094220 -1.966078
vt 2.094220 -1.973315
vt 2.094220 -1.980553
vt 2.088715 -1.989765
vt 2.094220 -1.987790
vt 2.083210 -1.991740
vt 1.830478 -1.988199
vt 1.830478 -1.979946
vt 1.836385 -1.980326
vt 1.836385 -1.988752
vt 1.830479 -1.971472
vt 1.836386 -1.971588
vt 1.842293 -1.980644
vt 1.842293 -1.989229
vt 1.842292 -1.971763
vt 1.824570 -1.987618
vt 1.830478 -1.996363
vt 1.824570 -1.979545
vt 1.824570 -1.971473
vt 1.842293 -1.997708
vt 1.836385 -1.997035
vt 1.996875 -1.899133
vt 1.998903 -1.905745
vt 1.989261 -1.908330
vt 1.987545 -1.903037
vt 2.000477 -1.912492
vt 1.990433 -1.913774
vt 1.979811 -1.910863
vt 1.978517 -1.906775
vt 1.980736 -1.915051
vt 2.006495 -1.895055
vt 2.008660 -1.903130
vt 2.010825 -1.911205
vt 1.971268 -1.916323
vt 1.970475 -1.913365
vt 1.969683 -1.910408
vt 1.988737 -1.936335
vt 1.998377 -1.938080
vt 1.998306 -1.947525
vt 1.998404 -1.928672
vt 2.066180 -1.930322
vt 2.066180 -1.941177
vt 2.060352 -1.941414
vt 2.060352 -1.930441
vt 2.066180 -1.951661
vt 2.060352 -1.952012
vt 2.054473 -1.941557
vt 2.054473 -1.930514
vt 2.054473 -1.952223
vt 2.066179 -1.919282
vt 2.060351 -1.919282
vt 2.066180 -1.886906
vt 2.066180 -1.897389
vt 2.060352 -1.897151
vt 2.060352 -1.886555
vt 2.066180 -1.908242
vt 2.060352 -1.908123
vt 2.054473 -1.897008
vt 2.054473 -1.886344
vt 2.054473 -1.908051
s 1
usemtl none.002
f 3/1/1 4/2/1 5/3/1 6/4/1
f 7/5/2 8/6/2 5/3/3 4/2/2
f 9/7/4 6/4/5 5/3/5 8/6/5
f 10/8/6 11/9/6 3/1/6 12/10/6
f 11/9/7 13/11/8 4/2/9 3/1/10
f 12/10/11 3/1/11 6/4/11 14/12/11
f 15/13/12 16/14/12 7/5/13 17/15/13
f 16/14/14 18/16/14 8/6/14 7/5/14
f 17/15/15 7/5/15 4/2/9 13/11/8
f 19/17/16 20/18/17 9/7/17 21/19/17
f 20/18/18 14/12/18 6/4/18 9/7/18
f 21/19/19 9/7/20 8/6/19 18/16/20
f 22/20/21 23/21/22 24/22/22 25/23/22
f 26/24/23 27/25/23 24/22/23 23/21/23
f 28/26/24 25/23/24 24/22/25 27/25/24
f 10/27/26 29/28/27 22/20/26 30/29/27
f 29/28/28 31/30/29 23/21/29 22/20/28
f 30/29/30 22/20/31 25/23/32 32/31/32
f 33/32/33 34/33/33 26/24/34 35/34/34
f 34/33/35 36/35/35 27/25/36 26/24/35
f 35/34/37 26/24/37 23/21/29 31/30/29
f 37/36/38 38/37/39 28/26/39 39/38/39
f 38/37/40 32/31/40 25/23/40 28/26/41
f 39/38/42 28/26/42 27/25/42 36/35/42
f 40/39/43 41/40/43 42/41/43 43/42/43
f 41/40/44 44/43/45 45/44/44 42/41/44
f 43/42/46 42/41/46 46/45/46 47/46/46
f 42/41/47 45/44/47 48/47/48 46/45/48
f 49/48/49 50/49/49 40/39/50 51/50/51
f 50/49/52 52/51/52 41/40/52 40/39/52
f 52/51/53 53/52/53 44/43/53 41/40/53
f 53/52/54 54/53/54 55/54/54 44/43/54
f 44/43/55 55/54/55 56/55/55 45/44/55
f 45/44/56 56/55/57 57/56/57 48/47/56
f 48/47/58 57/56/58 58/57/58 59/58/58
f 46/45/59 48/47/60 59/58/59 60/59/60
f 47/46/61 46/45/62 60/59/61 61/60/62
f 62/61/63 47/46/63 61/60/63 63/62/63
f 64/63/64 43/42/64 47/46/64 62/61/64
f 51/50/65 40/39/65 43/42/65 64/63/65
f 65/7/66 66/4/67 67/3/66 68/64/66
f 69/1/68 70/2/68 67/3/68 66/4/68
f 71/65/69 68/64/69 67/3/69 70/2/69
f 72/17/70 73/18/70 65/7/70 74/66/70
f 73/18/71 75/12/71 66/4/71 65/7/71
f 74/66/72 65/7/72 68/64/72 76/67/72
f 10/8/73 77/9/74 69/1/73 78/10/74
f 77/9/75 79/11/76 70/2/77 69/1/78
f 78/10/79 69/1/79 66/4/79 75/12/79
f 80/13/80 81/68/81 71/65/80 82/15/80
f 81/68/82 76/67/82 68/64/82 71/65/82
f 82/15/83 71/65/83 70/2/77 79/11/76
f 83/69/84 84/70/84 85/71/85 86/72/85
f 87/73/86 88/74/86 85/71/86 84/70/86
f 89/75/87 86/72/87 85/71/87 88/74/87
f 72/17/88 90/76/88 83/69/88 73/77/88
f 90/76/89 91/78/89 84/70/89 83/69/89
f 73/77/90 83/69/90 86/72/91 75/79/92
f 33/32/93 35/80/93 87/73/93 92/81/93
f 35/80/94 31/82/94 88/74/94 87/73/95
f 92/81/96 87/73/96 84/70/96 91/78/96
f 10/83/97 78/84/97 89/75/97 29/85/97
f 78/84/98 75/79/92 86/72/91 89/75/98
f 29/85/99 89/75/99 88/74/99 31/82/99
f 93/86/100 94/87/100 95/88/100 96/89/100
f 97/90/101 98/91/101 95/88/101 94/87/101
f 99/92/102 96/89/102 95/88/102 98/91/102
f 100/48/103 101/93/103 93/86/103 102/94/103
f 101/93/104 103/95/104 94/87/104 93/86/104
f 102/94/105 93/86/105 96/89/106 104/96/107
f 105/97/108 106/98/108 97/90/108 107/99/108
f 106/98/109 108/100/110 98/91/110 97/90/109
f 107/99/111 97/90/111 94/87/111 103/95/111
f 10/101/112 109/102/112 99/92/112 110/103/112
f 109/102/113 104/96/107 96/89/106 99/92/113
f 110/103/114 99/92/114 98/91/114 108/100/114
f 111/104/115 112/105/115 113/106/115 114/107/115
f 112/105/116 115/108/116 116/109/116 113/106/116
f 114/107/117 113/106/117 117/110/117 118/111/117
f 113/106/118 116/109/118 119/112/118 117/110/118
f 120/57/119 121/56/119 111/104/119 122/113/119
f 121/56/120 123/55/120 112/105/120 111/104/121
f 123/55/122 124/54/122 115/108/122 112/105/122
f 124/54/123 125/53/124 126/114/124 115/108/124
f 115/108/125 126/114/125 127/115/125 116/109/125
f 116/109/126 127/115/126 128/116/126 119/112/126
f 119/112/127 128/116/127 37/117/127 129/118/127
f 117/110/128 119/112/128 129/118/128 130/119/128
f 118/111/129 117/110/129 130/119/130 131/120/130
f 132/121/131 118/111/131 131/120/131 133/122/131
f 134/123/132 114/107/132 118/111/132 132/121/132
f 122/113/133 111/104/134 114/107/133 134/123/134
f 135/124/135 136/125/135 137/126/135 138/127/135
f 139/128/136 140/129/136 137/126/136 136/125/136
f 141/130/137 138/127/137 137/126/137 140/129/137
f 49/131/138 142/132/138 135/124/138 143/133/138
f 142/132/139 144/134/140 136/125/139 135/124/140
f 143/133/141 135/124/142 138/127/143 145/135/144
f 15/13/145 17/136/145 139/128/145 146/137/145
f 17/136/146 13/138/146 140/129/146 139/128/146
f 146/137/147 139/128/147 136/125/147 144/134/147
f 10/139/148 147/140/148 141/130/148 11/141/148
f 147/140/149 145/135/144 138/127/143 141/130/149
f 11/141/150 141/130/150 140/129/150 13/138/150
f 148/39/151 149/40/151 150/41/151 151/42/151
f 149/40/152 152/43/152 153/44/152 150/41/152
f 151/42/153 150/41/153 154/45/153 155/46/154
f 150/41/155 153/44/155 156/47/155 154/45/155
f 100/48/156 157/49/156 148/39/156 158/50/156
f 157/49/157 159/51/157 149/40/157 148/39/157
f 159/51/158 160/52/159 152/43/158 149/40/158
f 160/52/160 125/53/160 124/54/160 152/43/160
f 152/43/161 124/54/161 123/55/161 153/44/161
f 153/44/162 123/55/162 121/56/162 156/47/162
f 156/47/163 121/56/163 120/57/163 161/58/163
f 154/45/164 156/47/164 161/58/164 162/59/164
f 155/46/165 154/45/165 162/59/165 163/60/165
f 164/61/166 155/46/166 163/60/166 165/62/166
f 166/63/167 151/42/167 155/46/167 164/61/167
f 158/50/168 148/39/168 151/42/168 166/63/168
f 167/142/169 168/143/169 169/144/169 170/145/169
f 168/143/170 171/146/170 172/147/170 169/144/171
f 170/145/172 169/144/172 173/148/172 174/149/172
f 169/144/173 172/147/173 175/150/173 173/148/173
f 176/151/174 177/152/174 167/142/174 178/153/174
f 177/152/175 179/154/176 168/143/175 167/142/176
f 179/154/177 180/155/177 171/146/177 168/143/177
f 180/155/178 133/156/178 131/157/178 171/146/178
f 171/146/179 131/157/179 130/158/180 172/147/181
f 172/147/182 130/158/183 129/159/182 175/150/182
f 175/150/184 129/159/184 37/36/185 39/38/186
f 173/148/187 175/150/188 39/38/187 36/35/187
f 174/149/189 173/148/189 36/35/189 34/33/189
f 181/160/190 174/149/190 34/33/190 33/32/190
f 182/161/191 170/145/192 174/149/192 181/160/192
f 178/153/193 167/142/193 170/145/194 182/161/194
f 183/162/195 184/74/195 185/71/195 186/163/195
f 187/75/196 188/72/196 185/71/196 184/74/196
f 189/69/197 186/163/198 185/71/197 188/72/198
f 190/32/199 191/80/200 183/162/199 192/164/200
f 191/80/201 193/82/201 184/74/201 183/162/201
f 192/164/202 183/162/202 186/163/202 194/165/202
f 10/83/203 12/84/203 187/75/204 195/85/203
f 12/84/205 14/79/206 188/72/206 187/75/205
f 195/85/207 187/75/207 184/74/207 193/82/207
f 19/17/208 196/166/208 189/69/208 20/77/209
f 196/166/210 194/165/210 186/163/210 189/69/210
f 20/77/211 189/69/212 188/72/206 14/79/206
f 197/167/213 198/168/213 199/169/213 200/170/213
f 198/168/214 201/171/215 202/172/215 199/169/214
f 200/170/216 199/169/216 203/173/216 204/174/216
f 199/169/217 202/172/217 205/175/217 203/173/218
f 19/17/219 206/176/219 197/167/219 196/166/219
f 206/176/220 207/177/220 198/168/220 197/167/220
f 207/177/221 208/178/221 201/171/221 198/168/221
f 208/178/222 209/179/222 210/180/222 201/171/222
f 201/171/223 210/180/223 211/181/223 202/172/223
f 202/172/224 211/181/224 212/182/224 205/175/224
f 205/175/225 212/182/226 213/151/225 214/183/226
f 203/173/227 205/175/227 214/183/227 215/184/227
f 204/174/228 203/173/229 215/184/228 216/185/228
f 192/164/230 204/174/230 216/185/230 190/32/230
f 194/165/231 200/170/231 204/174/231 192/164/231
f 196/166/232 197/167/232 200/170/232 194/165/232
f 217/186/233 218/187/233 219/188/233 220/189/233
f 218/187/234 221/190/235 222/191/234 219/188/235
f 220/189/236 219/188/237 223/192/236 224/193/236
f 219/188/238 222/191/239 225/194/238 223/192/240
f 226/179/241 227/178/241 217/186/241 228/195/241
f 227/178/242 229/177/242 218/187/242 217/186/242
f 229/177/243 230/176/243 221/190/243 218/187/243
f 230/176/244 72/17/244 74/66/244 221/190/244
f 221/190/245 74/66/245 76/67/245 222/191/245
f 222/191/246 76/67/246 81/68/247 225/194/246
f 225/194/248 81/68/248 80/13/248 231/196/248
f 223/192/249 225/194/249 231/196/249 232/197/249
f 224/193/250 223/192/250 232/197/251 233/198/250
f 234/199/252 224/193/253 233/198/252 235/200/253
f 236/201/254 220/189/255 224/193/254 234/199/255
f 228/195/256 217/186/256 220/189/256 236/201/256
f 237/202/257 238/203/257 239/204/257 240/205/257
f 238/203/258 241/206/259 242/207/258 239/204/258
f 240/205/260 239/204/260 243/208/260 244/209/260
f 239/204/261 242/207/261 245/210/261 243/208/261
f 15/13/262 246/211/262 237/202/262 16/14/262
f 246/211/263 247/212/263 238/203/264 237/202/263
f 247/212/265 248/213/265 241/206/265 238/203/265
f 248/213/266 249/200/266 250/199/266 241/206/266
f 241/206/267 250/199/267 251/201/267 242/207/267
f 242/207/268 251/201/268 252/195/268 245/210/268
f 245/210/269 252/195/270 209/179/269 208/178/270
f 243/208/271 245/210/271 208/178/271 207/177/271
f 244/209/272 243/208/273 207/177/273 206/176/273
f 21/19/274 244/209/275 206/176/274 19/17/275
f 18/16/276 240/205/277 244/209/277 21/19/278
f 16/14/279 237/202/279 240/205/279 18/16/279
f 253/214/280 254/215/280 255/216/280 256/217/280
f 254/215/281 257/218/281 258/219/281 255/216/281
f 256/217/282 255/216/282 259/220/282 260/221/283
f 255/216/284 258/219/284 261/222/284 259/220/284
f 213/223/285 262/224/285 253/214/285 214/225/285
f 262/224/286 263/226/286 254/215/286 253/214/286
f 263/226/287 264/227/287 257/218/287 254/215/287
f 264/227/288 235/200/289 233/198/288 257/218/289
f 257/218/290 233/198/290 232/197/290 258/219/290
f 258/219/291 232/197/291 231/196/291 261/222/291
f 261/222/292 231/196/292 80/13/292 265/228/292
f 259/220/293 261/222/293 265/228/293 266/229/293
f 260/221/294 259/220/294 266/229/294 267/230/294
f 216/231/295 260/221/296 267/230/295 190/131/295
f 215/232/297 256/217/297 260/221/297 216/231/297
f 214/225/298 253/214/299 256/217/299 215/232/298
f 268/233/300 269/234/300 270/235/300 271/236/300
f 272/237/301 273/238/301 270/235/302 269/234/302
f 274/239/303 271/236/303 270/235/303 273/238/303
f 10/240/304 30/241/304 268/233/304 275/242/304
f 30/241/305 32/243/306 269/234/307 268/233/308
f 275/242/309 268/233/309 271/236/309 276/244/310
f 37/117/311 128/116/311 272/237/311 38/245/311
f 128/116/312 127/115/312 273/238/312 272/237/313
f 38/245/314 272/237/315 269/234/307 32/243/306
f 125/53/316 277/246/316 274/239/316 126/114/316
f 277/246/317 276/244/317 271/236/317 274/239/317
f 126/114/318 274/239/318 273/238/318 127/115/318
f 278/247/319 279/248/319 280/249/319 281/250/319
f 282/251/320 283/252/320 280/249/321 279/248/321
f 284/253/322 281/250/323 280/249/323 283/252/323
f 80/13/324 82/254/324 278/247/324 265/228/324
f 82/254/325 79/255/325 279/248/325 278/247/325
f 265/228/326 278/247/326 281/250/326 266/229/326
f 10/256/327 195/257/327 282/251/328 77/258/327
f 195/257/329 193/259/330 283/252/330 282/251/329
f 77/258/331 282/251/331 279/248/331 79/255/331
f 190/131/332 267/230/333 284/253/332 191/260/332
f 267/230/334 266/229/334 281/250/334 284/253/334
f 191/260/335 284/253/335 283/252/330 193/259/330
f 285/261/336 286/262/336 287/263/336 288/264/336
f 286/262/337 289/265/337 290/266/337 287/263/337
f 288/264/338 287/263/338 291/267/338 292/268/339
f 287/263/340 290/266/340 293/269/340 291/267/341
f 100/48/342 158/270/342 285/261/342 101/271/342
f 158/270/343 166/272/343 286/262/343 285/261/343
f 166/272/344 164/273/344 289/265/344 286/262/344
f 164/273/345 165/274/345 294/275/345 289/265/345
f 289/265/346 294/275/347 295/276/346 290/266/347
f 290/266/348 295/276/348 296/277/348 293/269/348
f 293/269/349 296/277/349 297/122/349 298/278/349
f 291/267/350 293/269/350 298/278/350 299/279/350
f 292/268/351 291/267/352 299/279/351 300/280/351
f 107/281/353 292/268/353 300/280/353 105/117/353
f 103/53/354 288/264/354 292/268/355 107/281/354
f 101/271/356 285/261/356 288/264/357 103/53/357
f 301/233/358 302/234/358 303/235/358 304/236/358
f 305/282/359 306/283/359 303/235/359 302/234/359
f 307/239/360 304/236/360 303/235/360 306/283/360
f 10/240/361 110/241/361 301/233/361 308/242/361
f 110/241/362 108/243/363 302/234/363 301/233/362
f 308/242/364 301/233/364 304/236/365 309/244/365
f 105/117/366 310/284/366 305/282/366 106/245/366
f 310/284/367 311/285/367 306/283/367 305/282/367
f 106/245/368 305/282/369 302/234/363 108/243/363
f 54/53/370 312/246/371 307/239/370 313/286/372
f 312/246/373 309/244/373 304/236/373 307/239/373
f 313/286/374 307/239/374 306/283/374 311/285/374
f 314/287/375 315/288/375 316/289/375 317/290/375
f 315/288/376 318/291/376 319/292/377 316/289/376
f 317/290/378 316/289/378 320/293/378 321/294/378
f 316/289/379 319/292/379 322/295/379 320/293/379
f 226/179/380 323/180/381 314/287/380 227/178/381
f 323/180/382 324/181/382 315/288/382 314/287/382
f 324/181/383 325/182/383 318/291/383 315/288/383
f 325/182/384 176/151/384 178/153/384 318/291/384
f 318/291/385 178/153/385 182/161/385 319/292/385
f 319/292/386 182/161/387 181/160/386 322/295/386
f 322/295/388 181/160/389 33/32/389 92/81/389
f 320/293/390 322/295/390 92/81/390 91/78/390
f 321/294/391 320/293/391 91/78/392 90/76/391
f 230/176/393 321/294/393 90/76/393 72/17/393
f 229/177/394 317/290/394 321/294/394 230/176/394
f 227/178/395 314/287/395 317/290/396 229/177/395
f 326/296/397 327/297/398 328/298/397 329/299/397
f 330/300/399 331/301/399 328/298/399 327/297/399
f 332/302/400 329/299/400 328/298/400 331/301/400
f 49/48/401 143/303/401 326/296/402 50/49/401
f 143/303/403 145/304/403 327/297/403 326/296/403
f 50/49/404 326/296/404 329/299/404 52/51/405
f 10/305/406 308/306/407 330/300/408 147/307/407
f 308/306/409 309/308/410 331/301/410 330/300/409
f 147/307/411 330/300/412 327/297/412 145/304/412
f 54/53/413 53/52/413 332/302/413 312/309/413
f 53/52/414 52/51/414 329/299/414 332/302/414
f 312/309/415 332/302/415 331/301/410 309/308/410
f 333/310/416 334/311/417 335/312/417 336/313/416
f 334/311/418 337/314/418 338/315/418 335/312/418
f 336/313/419 335/312/419 339/316/419 340/317/419
f 335/312/420 338/315/420 341/318/420 339/316/420
f 58/57/421 57/56/421 333/310/421 342/113/421
f 57/56/422 56/55/422 334/311/422 333/310/422
f 56/55/423 55/54/424 337/314/423 334/311/424
f 55/54/425 54/53/425 313/286/425 337/314/425
f 337/314/426 313/286/427 311/285/427 338/315/426
f 338/315/428 311/285/428 310/284/429 341/318/429
f 341/318/430 310/284/430 105/117/430 300/280/430
f 339/316/431 341/318/432 300/280/432 299/279/432
f 340/317/433 339/316/433 299/279/433 298/278/433
f 343/121/434 340/317/435 298/278/434 297/122/434
f 344/123/436 336/313/436 340/317/436 343/121/436
f 342/113/437 333/310/437 336/313/437 344/123/437
f 345/296/438 346/297/438 347/298/438 348/299/438
f 349/300/439 350/301/439 347/298/439 346/297/439
f 351/302/440 348/299/440 347/298/440 350/301/440
f 100/48/441 102/303/442 345/296/441 157/49/442
f 102/303/443 104/304/443 346/297/443 345/296/443
f 157/49/444 345/296/444 348/299/444 159/51/444
f 10/305/445 275/306/445 349/300/445 109/307/445
f 275/306/446 276/308/447 350/301/447 349/300/448
f 109/307/449 349/300/449 346/297/449 104/304/450
f 125/53/451 160/52/451 351/302/451 277/309/451
f 160/52/452 159/51/452 348/299/452 351/302/452
f 277/309/453 351/302/453 350/301/447 276/308/447
f 352/319/454 353/320/454 354/321/455 355/322/455
f 353/320/456 356/323/456 357/324/456 354/321/456
f 355/322/457 354/321/458 358/325/457 359/326/457
f 354/321/459 357/324/459 360/327/459 358/325/459
f 63/223/460 361/328/460 352/319/460 62/225/460
f 361/328/461 362/329/462 353/320/461 352/319/462
f 362/329/463 363/330/463 356/323/464 353/320/463
f 363/330/465 249/331/465 248/332/465 356/323/465
f 356/323/466 248/332/466 247/333/467 357/324/468
f 357/324/469 247/333/469 246/334/469 360/327/469
f 360/327/470 246/334/470 15/13/470 146/137/470
f 358/325/471 360/327/472 146/137/472 144/134/472
f 359/326/473 358/325/474 144/134/473 142/132/473
f 51/231/475 359/326/476 142/132/475 49/131/476
f 64/232/477 355/322/477 359/326/477 51/231/477
f 62/225/478 352/319/478 355/322/479 64/232/479
f 364/1/480 365/2/480 366/3/480 367/4/480
f 368/5/481 369/6/481 366/3/482 365/2/481
f 370/7/483 367/4/484 366/3/484 369/6/484
f 371/8/485 372/9/485 364/1/485 373/10/485
f 372/9/486 374/11/487 365/2/488 364/1/489
f 373/10/490 364/1/490 367/4/490 375/12/490
f 376/13/491 377/14/491 368/5/492 378/15/492
f 377/14/493 379/16/493 369/6/493 368/5/493
f 378/15/494 368/5/494 365/2/488 374/11/487
f 380/17/495 381/18/496 370/7/496 382/19/496
f 381/18/497 375/12/497 367/4/497 370/7/497
f 382/19/498 370/7/499 369/6/498 379/16/499
f 383/20/500 384/21/501 385/22/501 386/23/501
f 387/24/502 388/25/502 385/22/502 384/21/502
f 389/26/503 386/23/504 385/22/504 388/25/504
f 371/27/505 390/28/505 383/20/506 391/29/505
f 390/28/507 392/30/508 384/21/508 383/20/507
f 391/29/509 383/20/510 386/23/511 393/31/511
f 394/32/512 395/33/512 387/24/513 396/34/513
f 395/33/514 397/35/514 388/25/514 387/24/515
f 396/34/516 387/24/516 384/21/508 392/30/508
f 398/36/517 399/37/518 389/26/518 400/38/518
f 399/37/519 393/31/519 386/23/519 389/26/520
f 400/38/521 389/26/521 388/25/521 397/35/521
f 401/39/522 402/40/522 403/41/522 404/42/522
f 402/40/523 405/43/524 406/44/524 403/41/524
f 404/42/525 403/41/526 407/45/526 408/46/525
f 403/41/527 406/44/527 409/47/527 407/45/527
f 410/48/528 411/49/528 401/39/528 412/50/529
f 411/49/530 413/51/530 402/40/530 401/39/530
f 413/51/531 414/52/531 405/43/531 402/40/531
f 414/52/532 415/53/532 416/54/533 405/43/532
f 405/43/534 416/54/534 417/55/534 406/44/534
f 406/44/535 417/55/535 418/56/535 409/47/535
f 409/47/536 418/56/536 419/57/536 420/58/536
f 407/45/537 409/47/537 420/58/537 421/59/537
f 408/46/538 407/45/538 421/59/538 422/60/538
f 423/61/539 408/46/539 422/60/539 424/62/539
f 425/63/540 404/42/540 408/46/540 423/61/540
f 412/50/541 401/39/541 404/42/541 425/63/541
f 426/7/542 427/4/543 428/3/543 429/64/542
f 430/1/544 431/2/544 428/3/544 427/4/544
f 432/65/545 429/64/545 428/3/545 431/2/545
f 433/17/546 434/18/546 426/7/546 435/66/546
f 434/18/547 436/12/547 427/4/547 426/7/547
f 435/66/548 426/7/548 429/64/548 437/67/548
f 371/8/549 438/9/550 430/1/550 439/10/550
f 438/9/551 440/11/552 431/2/553 430/1/554
f 439/10/555 430/1/555 427/4/555 436/12/555
f 441/13/556 442/68/557 432/65/556 443/15/556
f 442/68/558 437/67/558 429/64/558 432/65/558
f 443/15/559 432/65/559 431/2/553 440/11/552
f 444/69/560 445/70/561 446/71/560 447/72/560
f 448/73/562 449/74/562 446/71/562 445/70/562
f 450/75/563 447/72/563 446/71/563 449/74/563
f 433/17/564 451/76/564 444/69/564 434/77/564
f 451/76/565 452/78/565 445/70/565 444/69/565
f 434/77/566 444/69/566 447/72/567 436/79/567
f 394/32/568 396/80/568 448/73/568 453/81/568
f 396/80/569 392/82/569 449/74/569 448/73/570
f 453/81/571 448/73/571 445/70/571 452/78/571
f 371/83/572 439/84/572 450/75/572 390/85/572
f 439/84/573 436/79/567 447/72/567 450/75/573
f 390/85/574 450/75/574 449/74/574 392/82/574
f 454/86/575 455/87/575 456/88/575 457/89/575
f 458/90/576 459/91/576 456/88/576 455/87/576
f 460/92/577 457/89/577 456/88/577 459/91/577
f 461/48/578 462/93/578 454/86/578 463/94/578
f 462/93/579 464/95/579 455/87/579 454/86/579
f 463/94/580 454/86/580 457/89/581 465/96/582
f 466/97/583 467/98/583 458/90/583 468/99/583
f 467/98/584 469/100/584 459/91/584 458/90/584
f 468/99/585 458/90/585 455/87/585 464/95/585
f 371/101/586 470/102/587 460/92/586 471/103/587
f 470/102/588 465/96/582 457/89/581 460/92/589
f 471/103/590 460/92/590 459/91/590 469/100/590
f 472/104/591 473/105/591 474/106/591 475/107/591
f 473/105/592 476/108/592 477/109/593 474/106/593
f 475/107/594 474/106/594 478/110/594 479/111/594
f 474/106/595 477/109/595 480/112/595 478/110/595
f 481/57/596 482/56/596 472/104/596 483/113/596
f 482/56/597 484/55/597 473/105/597 472/104/597
f 484/55/598 485/54/598 476/108/598 473/105/598
f 485/54/599 486/53/599 487/114/600 476/108/600
f 476/108/601 487/114/601 488/115/601 477/109/601
f 477/109/602 488/115/602 489/116/602 480/112/602
f 480/112/603 489/116/604 398/117/604 490/118/604
f 478/110/605 480/112/605 490/118/605 491/119/606
f 479/111/607 478/110/607 491/119/607 492/120/607
f 493/121/608 479/111/608 492/120/608 494/122/608
f 495/123/609 475/107/609 479/111/609 493/121/609
f 483/113/610 472/104/610 475/107/610 495/123/610
f 496/124/611 497/125/611 498/126/611 499/127/611
f 500/128/612 501/129/612 498/126/612 497/125/612
f 502/130/613 499/127/613 498/126/613 501/129/613
f 410/131/614 503/132/614 496/124/614 504/133/614
f 503/132/615 505/134/616 497/125/615 496/124/616
f 504/133/617 496/124/618 499/127/619 506/135/620
f 376/13/621 378/136/621 500/128/621 507/137/621
f 378/136/622 374/138/622 501/129/622 500/128/622
f 507/137/623 500/128/623 497/125/623 505/134/623
f 371/139/624 508/140/624 502/130/624 372/141/624
f 508/140/625 506/135/620 499/127/619 502/130/625
f 372/141/626 502/130/626 501/129/626 374/138/626
f 509/39/627 510/40/627 511/41/627 512/42/627
f 510/40/628 513/43/629 514/44/628 511/41/629
f 512/42/630 511/41/630 515/45/630 516/46/630
f 511/41/631 514/44/632 517/47/632 515/45/631
f 461/48/633 518/49/633 509/39/633 519/50/634
f 518/49/635 520/51/635 510/40/635 509/39/635
f 520/51/636 521/52/636 513/43/636 510/40/636
f 521/52/637 486/53/637 485/54/638 513/43/637
f 513/43/639 485/54/639 484/55/639 514/44/639
f 514/44/640 484/55/640 482/56/640 517/47/640
f 517/47/641 482/56/641 481/57/641 522/58/641
f 515/45/642 517/47/642 522/58/642 523/59/642
f 516/46/643 515/45/644 523/59/643 524/60/644
f 525/61/645 516/46/645 524/60/645 526/62/645
f 527/63/646 512/42/646 516/46/646 525/61/647
f 519/50/648 509/39/649 512/42/648 527/63/648
f 528/142/650 529/143/650 530/144/650 531/145/650
f 529/143/651 532/146/652 533/147/651 530/144/651
f 531/145/653 530/144/653 534/148/653 535/149/653
f 530/144/654 533/147/654 536/150/654 534/148/654
f 537/151/655 538/152/655 528/142/655 539/153/655
f 538/152/656 540/154/656 529/143/656 528/142/656
f 540/154/657 541/155/657 532/146/657 529/143/657
f 541/155/658 494/156/659 492/157/658 532/146/658
f 532/146/660 492/157/661 491/158/662 533/147/662
f 533/147/663 491/158/664 490/159/663 536/150/664
f 536/150/665 490/159/665 398/36/665 400/38/665
f 534/148/666 536/150/666 400/38/666 397/35/666
f 535/149/667 534/148/667 397/35/667 395/33/668
f 542/160/669 535/149/670 395/33/670 394/32/670
f 543/161/671 531/145/671 535/149/671 542/160/671
f 539/153/672 528/142/673 531/145/673 543/161/673
f 544/162/674 545/74/674 546/71/674 547/163/674
f 548/75/675 549/72/675 546/71/675 545/74/675
f 550/69/676 547/163/677 546/71/677 549/72/677
f 551/32/678 552/80/679 544/162/678 553/164/679
f 552/80/680 554/82/680 545/74/680 544/162/680
f 553/164/681 544/162/681 547/163/681 555/165/681
f 371/83/682 373/84/682 548/75/683 556/85/682
f 373/84/684 375/79/685 549/72/685 548/75/684
f 556/85/686 548/75/686 545/74/686 554/82/686
f 380/17/687 557/166/688 550/69/688 381/77/689
f 557/166/690 555/165/690 547/163/690 550/69/690
f 381/77/691 550/69/692 549/72/685 375/79/685
f 558/167/693 559/168/694 560/169/693 561/170/694
f 559/168/695 562/171/695 563/172/695 560/169/695
f 561/170/696 560/169/696 564/173/696 565/174/696
f 560/169/697 563/172/698 566/175/698 564/173/697
f 380/17/699 567/176/699 558/167/699 557/166/699
f 567/176/700 568/177/700 559/168/701 558/167/701
f 568/177/702 569/178/702 562/171/702 559/168/702
f 569/178/703 570/179/703 571/180/703 562/171/703
f 562/171/704 571/180/704 572/181/704 563/172/704
f 563/172/705 572/181/705 573/182/706 566/175/705
f 566/175/707 573/182/707 574/151/707 575/183/707
f 564/173/708 566/175/708 575/183/708 576/184/708
f 565/174/709 564/173/709 576/184/709 577/185/709
f 553/164/710 565/174/710 577/185/710 551/32/711
f 555/165/712 561/170/712 565/174/712 553/164/712
f 557/166/713 558/167/713 561/170/713 555/165/713
f 578/186/714 579/187/714 580/188/714 581/189/714
f 579/187/715 582/190/715 583/191/715 580/188/715
f 581/189/716 580/188/716 584/192/716 585/193/716
f 580/188/717 583/191/718 586/194/717 584/192/718
f 587/179/719 588/178/719 578/186/719 589/195/719
f 588/178/720 590/177/721 579/187/721 578/186/720
f 590/177/722 591/176/722 582/190/722 579/187/722
f 591/176/723 433/17/723 435/66/723 582/190/723
f 582/190/724 435/66/724 437/67/725 583/191/724
f 583/191/726 437/67/726 442/68/727 586/194/727
f 586/194/728 442/68/728 441/13/728 592/196/728
f 584/192/729 586/194/729 592/196/729 593/197/729
f 585/193/730 584/192/730 593/197/730 594/198/730
f 595/199/731 585/193/731 594/198/731 596/200/731
f 597/201/732 581/189/732 585/193/732 595/199/732
f 589/195/733 578/186/733 581/189/733 597/201/734
f 598/202/735 599/203/735 600/204/736 601/205/736
f 599/203/737 602/206/737 603/207/737 600/204/737
f 601/205/738 600/204/739 604/208/738 605/209/739
f 600/204/740 603/207/741 606/210/741 604/208/740
f 376/13/742 607/211/742 598/202/742 377/14/742
f 607/211/743 608/212/743 599/203/743 598/202/743
f 608/212/744 609/213/744 602/206/744 599/203/745
f 609/213/746 610/200/746 611/199/746 602/206/746
f 602/206/747 611/199/747 612/201/747 603/207/747
f 603/207/748 612/201/748 613/195/748 606/210/748
f 606/210/749 613/195/749 570/179/749 569/178/749
f 604/208/750 606/210/750 569/178/750 568/177/750
f 605/209/751 604/208/751 568/177/751 567/176/751
f 382/19/752 605/209/752 567/176/752 380/17/752
f 379/16/753 601/205/753 605/209/753 382/19/754
f 377/14/755 598/202/756 601/205/756 379/16/756
f 614/214/757 615/215/757 616/216/757 617/217/757
f 615/215/758 618/218/758 619/219/759 616/216/760
f 617/217/761 616/216/762 620/220/761 621/221/761
f 616/216/763 619/219/763 622/222/763 620/220/763
f 574/223/764 623/224/764 614/214/764 575/225/764
f 623/224/765 624/226/765 615/215/765 614/214/765
f 624/226/766 625/227/766 618/218/766 615/215/766
f 625/227/767 596/200/767 594/198/767 618/218/767
f 618/218/768 594/198/768 593/197/768 619/219/768
f 619/219/769 593/197/769 592/196/769 622/222/769
f 622/222/770 592/196/770 441/13/771 626/228/771
f 620/220/772 622/222/772 626/228/772 627/229/772
f 621/221/773 620/220/773 627/229/773 628/230/773
f 577/231/774 621/221/774 628/230/775 551/131/775
f 576/232/776 617/217/776 621/221/776 577/231/776
f 575/225/777 614/214/777 617/217/778 576/232/778
f 629/233/779 630/234/779 631/235/779 632/236/779
f 633/237/780 634/238/780 631/235/781 630/234/781
f 635/239/782 632/236/782 631/235/782 634/238/782
f 371/240/783 391/241/783 629/233/783 636/242/783
f 391/241/784 393/243/785 630/234/786 629/233/784
f 636/242/787 629/233/787 632/236/787 637/244/788
f 398/117/789 489/116/789 633/237/789 399/245/789
f 489/116/790 488/115/790 634/238/790 633/237/790
f 399/245/791 633/237/792 630/234/786 393/243/785
f 486/53/793 638/246/793 635/239/793 487/114/793
f 638/246/794 637/244/794 632/236/794 635/239/794
f 487/114/795 635/239/795 634/238/795 488/115/795
f 639/247/796 640/248/796 641/249/796 642/250/796
f 643/251/797 644/252/797 641/249/798 640/248/798
f 645/253/799 642/250/800 641/249/800 644/252/800
f 441/13/801 443/254/801 639/247/801 626/228/801
f 443/254/802 440/255/802 640/248/802 639/247/802
f 626/228/803 639/247/803 642/250/803 627/229/803
f 371/256/804 556/257/804 643/251/805 438/258/804
f 556/257/806 554/259/807 644/252/807 643/251/806
f 438/258/808 643/251/808 640/248/808 440/255/808
f 551/131/809 628/230/810 645/253/809 552/260/809
f 628/230/811 627/229/811 642/250/811 645/253/812
f 552/260/813 645/253/813 644/252/807 554/259/807
f 646/261/814 647/262/814 648/263/815 649/264/814
f 647/262/816 650/265/816 651/266/816 648/263/816
f 649/264/817 648/263/817 652/267/817 653/268/817
f 648/263/818 651/266/818 654/269/818 652/267/818
f 461/48/819 519/270/819 646/261/819 462/271/819
f 519/270/820 527/272/820 647/262/820 646/261/820
f 527/272/821 525/273/821 650/265/821 647/262/821
f 525/273/822 526/274/822 655/275/822 650/265/822
f 650/265/823 655/275/823 656/276/823 651/266/823
f 651/266/824 656/276/824 657/277/824 654/269/824
f 654/269/825 657/277/825 658/122/825 659/278/825
f 652/267/826 654/269/826 659/278/827 660/279/826
f 653/268/828 652/267/828 660/279/828 661/280/828
f 468/281/829 653/268/829 661/280/829 466/117/829
f 464/53/830 649/264/830 653/268/830 468/281/830
f 462/271/831 646/261/831 649/264/831 464/53/831
f 662/233/832 663/234/832 664/235/832 665/236/832
f 666/282/833 667/283/833 664/235/833 663/234/833
f 668/239/834 665/236/834 664/235/835 667/283/834
f 371/240/836 471/241/836 662/233/836 669/242/836
f 471/241/837 469/243/838 663/234/838 662/233/837
f 669/242/839 662/233/840 665/236/840 670/244/840
f 466/117/841 671/284/841 666/282/841 467/245/841
f 671/284/842 672/285/843 667/283/843 666/282/843
f 467/245/844 666/282/845 663/234/838 469/243/838
f 415/53/846 673/246/847 668/239/846 674/286/847
f 673/246/848 670/244/848 665/236/848 668/239/848
f 674/286/849 668/239/849 667/283/849 672/285/849
f 675/287/850 676/288/850 677/289/851 678/290/850
f 676/288/852 679/291/852 680/292/852 677/289/852
f 678/290/853 677/289/853 681/293/853 682/294/853
f 677/289/854 680/292/854 683/295/854 681/293/854
f 587/179/855 684/180/855 675/287/855 588/178/855
f 684/180/856 685/181/856 676/288/856 675/287/856
f 685/181/857 686/182/857 679/291/857 676/288/857
f 686/182/858 537/151/858 539/153/859 679/291/859
f 679/291/860 539/153/861 543/161/860 680/292/860
f 680/292/862 543/161/862 542/160/862 683/295/862
f 683/295/863 542/160/863 394/32/863 453/81/863
f 681/293/864 683/295/864 453/81/865 452/78/864
f 682/294/866 681/293/866 452/78/866 451/76/866
f 591/176/867 682/294/867 451/76/867 433/17/867
f 590/177/868 678/290/869 682/294/868 591/176/869
f 588/178/870 675/287/870 678/290/870 590/177/870
f 687/296/871 688/297/872 689/298/871 690/299/871
f 691/300/873 692/301/873 689/298/873 688/297/873
f 693/302/874 690/299/874 689/298/874 692/301/874
f 410/48/875 504/303/876 687/296/875 411/49/876
f 504/303/877 506/304/877 688/297/877 687/296/877
f 411/49/878 687/296/879 690/299/878 413/51/879
f 371/305/880 669/306/881 691/300/880 508/307/881
f 669/306/882 670/308/883 692/301/883 691/300/882
f 508/307/884 691/300/885 688/297/885 506/304/885
f 415/53/886 414/52/886 693/302/886 673/309/886
f 414/52/887 413/51/887 690/299/887 693/302/887
f 673/309/888 693/302/888 692/301/883 670/308/883
f 694/310/889 695/311/889 696/312/889 697/313/889
f 695/311/890 698/314/890 699/315/890 696/312/890
f 697/313/891 696/312/891 700/316/892 701/317/892
f 696/312/893 699/315/893 702/318/893 700/316/893
f 419/57/894 418/56/895 694/310/894 703/113/895
f 418/56/896 417/55/896 695/311/896 694/310/896
f 417/55/897 416/54/897 698/314/897 695/311/897
f 416/54/898 415/53/898 674/286/898 698/314/898
f 698/314/899 674/286/899 672/285/900 699/315/899
f 699/315/901 672/285/902 671/284/902 702/318/902
f 702/318/903 671/284/903 466/117/903 661/280/903
f 700/316/904 702/318/904 661/280/904 660/279/904
f 701/317/905 700/316/905 660/279/905 659/278/905
f 704/121/906 701/317/906 659/278/906 658/122/906
f 705/123/907 697/313/907 701/317/907 704/121/907
f 703/113/908 694/310/908 697/313/908 705/123/908
f 706/296/909 707/297/909 1/298/909 708/299/909
f 709/300/910 710/301/910 1/298/910 707/297/910
f 711/302/911 708/299/911 1/298/911 710/301/911
f 461/48/912 463/303/913 706/296/912 518/49/913
f 463/303/914 465/304/914 707/297/914 706/296/914
f 518/49/915 706/296/915 708/299/915 520/51/915
f 371/305/916 636/306/916 709/300/916 470/307/916
f 636/306/917 637/308/918 710/301/918 709/300/919
f 470/307/920 709/300/920 707/297/920 465/304/921
f 486/53/922 521/52/922 711/302/922 638/309/922
f 521/52/923 520/51/923 708/299/923 711/302/923
f 638/309/924 711/302/924 710/301/918 637/308/918
f 712/319/925 713/320/925 714/321/925 715/322/925
f 713/320/926 716/323/926 717/324/927 714/321/927
f 715/322/928 714/321/928 718/325/928 719/326/928
f 714/321/929 717/324/929 720/327/929 718/325/929
f 424/223/930 721/328/930 712/319/930 423/225/930
f 721/328/931 722/329/931 713/320/931 712/319/931
f 722/329/932 723/330/932 716/323/932 713/320/932
f 723/330/933 610/331/934 609/332/933 716/323/934
f 716/323/935 609/332/935 608/333/935 717/324/935
f 717/324/936 608/333/936 607/334/936 720/327/936
f 720/327/937 607/334/937 376/13/937 507/137/937
f 718/325/938 720/327/938 507/137/938 505/134/938
f 719/326/939 718/325/939 505/134/939 503/132/939
f 412/231/940 719/326/940 503/132/940 410/131/940
f 425/232/941 715/322/941 719/326/941 412/231/941
f 423/225/942 712/319/942 715/322/942 425/232/942
f 724/335/943 725/336/943 726/337/943 727/338/943
f 725/336/944 728/339/944 729/340/944 726/337/944
f 727/338/945 726/337/945 730/341/945 731/342/945
f 726/337/946 729/340/946 732/343/946 730/341/946
f 733/344/947 734/345/947 724/335/947 735/346/947
f 734/345/948 736/347/948 725/336/948 724/335/948
f 736/347/949 737/348/949 728/339/949 725/336/949
f 737/348/950 738/349/950 739/350/950 728/339/950
f 728/339/951 739/350/951 740/351/951 729/340/951
f 729/340/952 740/351/952 741/352/952 732/343/952
f 732/343/953 741/352/953 742/353/953 743/354/953
f 730/341/954 732/343/954 743/354/954 744/355/954
f 731/342/955 730/341/955 744/355/955 745/356/955
f 746/357/956 731/342/956 745/356/956 747/358/956
f 748/359/957 727/338/957 731/342/957 746/357/957
f 735/346/958 724/335/958 727/338/958 748/359/958
f 749/360/959 750/361/959 751/362/959 752/363/959
f 750/361/960 753/364/960 754/365/960 751/362/960
f 752/363/961 751/362/961 755/366/961 756/367/961
f 751/362/962 754/365/962 757/368/962 755/366/962
f 758/349/963 759/369/963 749/360/963 760/350/963
f 759/369/964 761/370/964 750/361/964 749/360/964
f 761/370/965 762/371/965 753/364/965 750/361/965
f 762/371/966 763/372/966 764/373/966 753/364/966
f 753/364/967 764/373/967 765/374/967 754/365/967
f 754/365/968 765/374/968 766/375/968 757/368/968
f 757/368/969 766/375/969 767/376/969 768/377/969
f 755/366/970 757/368/970 768/377/970 769/378/970
f 756/367/971 755/366/971 769/378/971 770/379/971
f 771/352/972 756/367/972 770/379/972 772/353/972
f 773/351/973 752/363/973 756/367/973 771/352/973
f 760/350/974 749/360/974 752/363/974 773/351/974
f 774/380/975 775/381/975 776/382/975 777/383/975
f 775/381/976 778/384/976 779/385/976 776/382/976
f 777/383/977 776/382/977 780/386/977 781/387/977
f 776/382/978 779/385/978 782/388/978 780/386/978
f 783/389/979 784/390/979 774/380/979 785/391/979
f 784/390/980 786/392/980 775/381/980 774/380/980
f 786/392/981 787/393/981 778/384/981 775/381/981
f 787/393/982 788/394/982 789/395/982 778/384/982
f 778/384/983 789/395/983 790/396/983 779/385/983
f 779/385/984 790/396/984 791/397/984 782/388/984
f 782/388/985 791/397/985 792/398/985 793/399/985
f 780/386/986 782/388/986 793/399/986 794/400/986
f 781/387/987 780/386/987 794/400/987 795/401/987
f 796/402/988 781/387/988 795/401/988 797/403/988
f 798/404/989 777/383/989 781/387/989 796/402/989
f 785/391/990 774/380/990 777/383/990 798/404/990
f 799/405/991 800/406/991 801/407/991 802/408/991
f 800/406/992 803/409/992 804/410/992 801/407/992
f 802/408/993 801/407/993 805/411/993 806/412/993
f 801/407/994 804/410/994 807/413/994 805/411/994
f 808/414/995 809/415/995 799/405/995 810/416/995
f 809/415/996 811/417/996 800/406/996 799/405/996
f 811/417/997 812/418/997 803/409/997 800/406/997
f 812/418/998 813/419/998 814/420/998 803/409/998
f 803/409/999 814/420/999 815/421/999 804/410/999
f 804/410/1000 815/421/1000 816/422/1000 807/413/1000
f 807/413/1001 816/422/1001 817/398/1001 818/397/1001
f 805/411/1002 807/413/1002 818/397/1002 819/396/1002
f 806/412/1003 805/411/1003 819/396/1003 820/395/1003
f 821/423/1004 806/412/1004 820/395/1004 822/394/1004
f 823/424/1005 802/408/1005 806/412/1005 821/423/1005
f 810/416/1006 799/405/1006 802/408/1006 823/424/1006
f 824/425/1007 825/426/1007 826/427/1007 827/428/1007
f 825/426/1008 828/429/1008 829/430/1008 826/427/1008
f 827/428/1009 826/427/1009 830/431/1009 831/432/1009
f 826/427/1010 829/430/1010 832/433/1010 830/431/1010
f 833/434/1011 834/435/1011 824/425/1011 835/436/1011
f 834/435/1012 836/437/1012 825/426/1012 824/425/1012
f 836/437/1013 837/438/1013 828/429/1013 825/426/1013
f 837/438/1014 838/439/1014 839/440/1014 828/429/1014
f 828/429/1015 839/440/1015 840/441/1015 829/430/1015
f 829/430/1016 840/441/1016 841/442/1016 832/433/1016
f 832/433/1017 841/442/1017 842/443/1017 843/444/1017
f 830/431/1018 832/433/1018 843/444/1018 844/445/1018
f 831/432/1019 830/431/1019 844/445/1019 845/446/1019
f 846/447/1020 831/432/1020 845/446/1020 847/448/1020
f 848/449/1021 827/428/1021 831/432/1021 846/447/1021
f 835/436/1022 824/425/1022 827/428/1022 848/449/1022
f 849/450/1023 850/451/1023 851/452/1023 852/453/1023
f 850/451/1024 853/454/1024 854/455/1024 851/452/1024
f 852/453/1025 851/452/1025 855/456/1025 856/457/1025
f 851/452/1026 854/455/1026 857/458/1026 855/456/1026
f 858/459/1027 859/460/1027 849/450/1027 860/461/1027
f 859/460/1028 861/462/1028 850/451/1028 849/450/1028
f 861/462/1029 862/463/1029 853/454/1029 850/451/1029
f 862/463/1030 817/398/1030 816/422/1030 853/454/1030
f 853/454/1031 816/422/1031 815/421/1031 854/455/1031
f 854/455/1032 815/421/1032 814/420/1032 857/458/1032
f 857/458/1033 814/420/1033 813/419/1033 863/464/1033
f 855/456/1034 857/458/1034 863/464/1034 864/465/1034
f 856/457/1035 855/456/1035 864/465/1035 865/466/1035
f 866/467/1036 856/457/1036 865/466/1036 867/468/1036
f 868/469/1037 852/453/1037 856/457/1037 866/467/1037
f 860/461/1038 849/450/1038 852/453/1038 868/469/1038
f 869/470/1039 870/471/1039 871/472/1039 872/473/1039
f 870/471/1040 873/474/1040 874/475/1040 871/472/1040
f 872/473/1041 871/472/1041 875/476/1042 876/477/1042
f 871/472/1043 874/475/1043 877/478/1044 875/476/1045
f 165/479/1046 163/480/1046 869/470/1046 878/481/1046
f 163/480/1047 162/482/1047 870/471/1047 869/470/1047
f 162/482/1048 161/483/1048 873/474/1048 870/471/1048
f 161/483/1049 120/484/1049 879/485/1049 873/474/1049
f 873/474/1050 879/485/1050 880/486/1050 874/475/1050
f 874/475/1051 880/486/1051 881/487/1052 877/478/1052
f 877/478/1052 881/487/1052 813/488/1053 812/489/1053
f 875/476/1045 877/478/1044 812/489/1054 811/490/1054
f 876/477/1042 875/476/1042 811/490/1055 809/491/1055
f 882/492/1056 876/477/1056 809/491/1057 808/493/1057
f 883/494/1058 872/473/1058 876/477/1056 882/492/1056
f 878/481/1059 869/470/1059 872/473/1059 883/494/1059
f 884/495/1060 885/496/1060 886/497/1060 887/498/1060
f 885/496/1061 888/499/1061 889/500/1061 886/497/1061
f 887/498/1062 886/497/1062 890/501/1062 891/502/1062
f 886/497/1063 889/500/1063 892/503/1063 890/501/1063
f 893/504/1064 894/505/1064 884/495/1064 895/506/1064
f 894/505/1065 896/507/1065 885/496/1065 884/495/1065
f 896/507/1066 897/508/1066 888/499/1066 885/496/1066
f 897/508/1067 898/509/1067 899/510/1067 888/499/1067
f 888/499/1068 899/510/1068 900/511/1068 889/500/1068
f 889/500/1069 900/511/1069 901/512/1069 892/503/1069
f 892/503/1070 901/512/1070 902/513/1070 903/514/1070
f 890/501/1071 892/503/1071 903/514/1071 904/515/1071
f 891/502/1072 890/501/1072 904/515/1072 905/516/1072
f 906/517/1073 891/502/1073 905/516/1073 907/518/1073
f 908/519/1074 887/498/1074 891/502/1074 906/517/1074
f 895/506/1075 884/495/1075 887/498/1075 908/519/1075
f 909/520/1076 910/521/1077 911/522/1077 912/523/1076
f 910/521/1078 913/524/1078 914/525/1078 911/522/1078
f 912/523/1079 911/522/1080 915/526/1080 916/527/1079
f 911/522/1081 914/525/1081 917/528/1081 915/526/1081
f 918/529/1082 919/530/1083 909/520/1083 920/531/1082
f 919/530/1083 921/532/1084 910/521/1084 909/520/1083
f 921/532/1085 922/533/1085 913/524/1085 910/521/1085
f 922/533/1086 249/534/1086 363/535/1086 913/524/1086
f 913/524/1087 363/535/1087 362/536/1087 914/525/1087
f 914/525/1088 362/536/1088 361/537/1088 917/528/1088
f 917/528/1089 361/537/1089 63/538/1089 923/539/1089
f 915/526/1090 917/528/1090 923/539/1090 924/540/1090
f 916/527/1091 915/526/1092 924/540/1092 925/541/1091
f 926/542/1093 916/527/1091 925/541/1091 927/543/1093
f 928/544/1094 912/523/1079 916/527/1079 926/542/1094
f 920/531/1095 909/520/1076 912/523/1076 928/544/1095
f 929/545/1096 930/546/1096 931/547/1097 932/548/1097
f 930/546/1098 933/549/1098 934/550/1099 931/547/1099
f 932/548/1100 931/547/1100 935/551/1100 936/552/1100
f 931/547/1101 934/550/1102 937/553/1101 935/551/1102
f 938/554/1103 939/555/1103 929/545/1104 940/556/1104
f 939/555/1105 941/557/1105 930/546/1096 929/545/1096
f 941/557/1106 942/558/1106 933/549/1098 930/546/1098
f 942/558/1107 943/559/1107 944/560/1108 933/549/1108
f 933/549/1108 944/560/1108 945/561/1109 934/550/1109
f 934/550/1110 945/561/1110 946/562/1110 937/553/1110
f 937/553/1111 946/562/1111 424/563/1111 422/564/1112
f 935/551/1113 937/553/1113 422/564/1113 421/565/1113
f 936/552/1114 935/551/1114 421/565/1114 420/566/1114
f 947/567/1115 936/552/1115 420/566/1115 419/568/1115
f 948/569/1116 932/548/1116 936/552/1116 947/567/1116
f 940/556/1104 929/545/1104 932/548/1117 948/569/1118
f 949/570/1119 950/571/1119 951/572/1119 952/573/1119
f 950/571/1120 953/574/1120 954/575/1120 951/572/1120
f 952/573/1121 951/572/1121 955/576/1121 956/577/1121
f 951/572/1122 954/575/1122 957/578/1122 955/576/1122
f 958/579/1123 959/580/1123 949/570/1123 960/581/1123
f 959/580/1124 961/582/1124 950/571/1124 949/570/1124
f 961/582/1125 962/583/1125 953/574/1125 950/571/1125
f 962/583/1126 858/584/1126 860/585/1126 953/574/1126
f 953/574/1127 860/585/1127 868/586/1127 954/575/1127
f 954/575/1128 868/586/1128 866/587/1128 957/578/1128
f 957/578/1129 866/587/1129 867/588/1129 963/589/1129
f 955/576/1130 957/578/1130 963/589/1130 964/590/1130
f 956/577/1131 955/576/1131 964/590/1131 965/591/1131
f 966/592/1132 956/577/1132 965/591/1132 967/593/1132
f 968/594/1133 952/573/1133 956/577/1133 966/592/1133
f 960/581/1134 949/570/1134 952/573/1134 968/594/1134
f 969/595/1135 970/596/1135 971/597/1135 972/598/1135
f 970/596/1136 973/599/1136 974/600/1136 971/597/1136
f 972/598/1137 971/597/1137 975/601/1137 976/602/1137
f 971/597/1138 974/600/1138 977/603/1138 975/601/1138
f 978/604/1139 979/605/1139 969/595/1139 980/606/1139
f 979/605/1140 981/607/1140 970/596/1140 969/595/1140
f 981/607/1141 982/608/1141 973/599/1141 970/596/1141
f 982/608/1142 983/609/1142 984/610/1142 973/599/1142
f 973/599/1143 984/610/1143 985/611/1143 974/600/1143
f 974/600/1144 985/611/1144 986/612/1144 977/603/1144
f 977/603/1145 986/612/1145 987/613/1145 988/614/1145
f 975/601/1146 977/603/1146 988/614/1146 989/615/1146
f 976/602/1147 975/601/1147 989/615/1147 990/616/1147
f 991/617/1148 976/602/1148 990/616/1148 992/618/1148
f 993/619/1149 972/598/1149 976/602/1149 991/617/1149
f 980/606/1150 969/595/1150 972/598/1150 993/619/1150
f 994/620/1151 995/621/1151 996/622/1151 997/623/1151
f 995/621/1152 998/624/1153 999/625/1153 996/622/1152
f 997/623/1154 996/622/1155 2/626/1154 1000/627/1155
f 996/622/1156 999/625/1157 1001/628/1157 2/626/1156
f 494/629/1158 1002/630/1158 994/620/1158 493/631/1158
f 1002/630/1159 1003/632/1160 995/621/1159 994/620/1160
f 1003/632/1161 1004/633/1162 998/624/1162 995/621/1163
f 1004/633/1162 1005/634/1164 1006/635/1164 998/624/1162
f 998/624/1153 1006/635/1165 1007/636/1165 999/625/1153
f 999/625/1157 1007/636/1166 1008/637/1166 1001/628/1157
f 1001/628/1167 1008/637/1168 1009/488/1168 1010/638/1169
f 2/626/1170 1001/628/1167 1010/638/1169 1011/639/1171
f 1000/627/1172 2/626/1172 1011/639/1172 1012/640/1172
f 483/641/1173 1000/627/1174 1012/640/1174 481/642/1174
f 495/643/1175 997/623/1175 1000/627/1175 483/641/1175
f 493/631/1176 994/620/1176 997/623/1176 495/643/1176
f 1013/644/1177 1014/645/1177 1015/646/1177 1016/647/1177
f 1014/645/1178 1017/648/1178 1018/649/1178 1015/646/1178
f 1016/647/1179 1015/646/1179 1019/650/1179 1020/651/1179
f 1015/646/1180 1018/649/1180 1021/652/1180 1019/650/1180
f 1022/653/1181 1023/654/1181 1013/644/1181 1024/655/1181
f 1023/654/1182 1025/656/1182 1014/645/1182 1013/644/1182
f 1025/656/1183 1026/657/1183 1017/648/1183 1014/645/1183
f 1026/657/1184 1027/658/1184 1028/659/1184 1017/648/1184
f 1017/648/1185 1028/659/1185 1029/660/1185 1018/649/1185
f 1018/649/1186 1029/660/1186 1030/661/1186 1021/652/1186
f 1021/652/1187 1030/661/1187 1031/662/1187 1032/663/1187
f 1019/650/1188 1021/652/1188 1032/663/1188 1033/664/1188
f 1020/651/1189 1019/650/1189 1033/664/1189 1034/665/1189
f 1035/666/1190 1020/651/1190 1034/665/1190 1036/667/1190
f 1037/668/1191 1016/647/1191 1020/651/1191 1035/666/1191
f 1024/655/1192 1013/644/1192 1016/647/1192 1037/668/1192
f 1038/669/1193 1039/670/1193 1040/671/1193 1041/672/1193
f 1039/670/1194 1042/673/1194 1043/674/1194 1040/671/1194
f 1041/672/1195 1040/671/1195 1044/675/1195 1045/676/1195
f 1040/671/1196 1043/674/1196 1046/677/1196 1044/675/1196
f 987/613/1197 1047/678/1197 1038/669/1197 988/614/1197
f 1047/678/1198 1048/679/1198 1039/670/1198 1038/669/1198
f 1048/679/1199 1049/680/1199 1042/673/1199 1039/670/1199
f 1049/680/1200 747/358/1200 745/356/1200 1042/673/1200
f 1042/673/1201 745/356/1201 744/355/1201 1043/674/1201
f 1043/674/1202 744/355/1202 743/354/1202 1046/677/1202
f 1046/677/1203 743/354/1203 742/353/1203 1050/681/1203
f 1044/675/1204 1046/677/1204 1050/681/1204 1051/682/1204
f 1045/676/1205 1044/675/1205 1051/682/1205 1052/683/1205
f 990/616/1206 1045/676/1206 1052/683/1206 992/618/1206
f 989/615/1207 1041/672/1207 1045/676/1207 990/616/1207
f 988/614/1208 1038/669/1208 1041/672/1208 989/615/1208
f 1053/684/1209 1054/685/1209 1055/686/1209 1056/687/1209
f 1054/685/1210 1057/688/1210 1058/689/1210 1055/686/1210
f 1056/687/1211 1055/686/1211 1059/690/1211 1060/691/1211
f 1055/686/1212 1058/689/1212 1061/692/1212 1059/690/1212
f 1036/693/1213 1062/694/1213 1053/684/1213 1063/695/1213
f 1062/694/1214 1064/696/1214 1054/685/1214 1053/684/1214
f 1064/696/1215 1065/697/1215 1057/688/1215 1054/685/1215
f 1065/697/1216 1066/698/1216 1067/699/1216 1057/688/1216
f 1057/688/1217 1067/699/1217 1068/700/1217 1058/689/1217
f 1058/689/1218 1068/700/1218 1069/701/1218 1061/692/1218
f 1061/692/1219 1069/701/1219 1070/702/1219 1071/703/1219
f 1059/690/1220 1061/692/1220 1071/703/1220 1072/704/1220
f 1060/691/1221 1059/690/1221 1072/704/1221 1073/705/1221
f 1074/706/1222 1060/691/1222 1073/705/1222 1075/707/1222
f 1076/708/1223 1056/687/1223 1060/691/1223 1074/706/1223
f 1063/695/1224 1053/684/1224 1056/687/1224 1076/708/1224
f 1077/709/1225 1078/710/1225 1079/711/1225 1080/712/1225
f 1078/710/1226 1081/713/1226 1082/714/1226 1079/711/1226
f 1080/712/1227 1079/711/1227 1083/715/1227 1084/716/1227
f 1079/711/1228 1082/714/1228 1085/717/1228 1083/715/1228
f 1086/718/1229 1087/719/1229 1077/709/1229 1088/720/1229
f 1087/719/1230 1089/721/1230 1078/710/1230 1077/709/1230
f 1089/721/1231 1090/722/1231 1081/713/1231 1078/710/1231
f 1090/722/1232 838/723/1232 1091/724/1232 1081/713/1232
f 1081/713/1233 1091/724/1233 1092/725/1233 1082/714/1233
f 1082/714/1234 1092/725/1234 1093/726/1234 1085/717/1234
f 1085/717/1235 1093/726/1235 1094/727/1235 1095/728/1235
f 1083/715/1236 1085/717/1236 1095/728/1236 1096/729/1236
f 1084/716/1237 1083/715/1237 1096/729/1237 1097/730/1237
f 1098/731/1238 1084/716/1238 1097/730/1238 1099/504/1238
f 1100/732/1239 1080/712/1239 1084/716/1239 1098/731/1239
f 1088/720/1240 1077/709/1240 1080/712/1240 1100/732/1240
f 1101/733/1241 1102/734/1241 1103/735/1241 1104/736/1241
f 1102/734/1242 1105/737/1242 1106/738/1242 1103/735/1242
f 1104/736/1243 1103/735/1243 1107/739/1243 1108/740/1243
f 1103/735/1244 1106/738/1244 1109/741/1244 1107/739/1244
f 1110/662/1245 1111/742/1245 1101/733/1245 1112/743/1245
f 1111/742/1246 1113/744/1246 1102/734/1246 1101/733/1246
f 1113/744/1247 1114/745/1247 1105/737/1247 1102/734/1247
f 1114/745/1248 1075/707/1248 1073/705/1248 1105/737/1248
f 1105/737/1249 1073/705/1249 1072/704/1249 1106/738/1249
f 1106/738/1250 1072/704/1250 1071/703/1250 1109/741/1250
f 1109/741/1251 1071/703/1251 1070/702/1251 1115/746/1251
f 1107/739/1252 1109/741/1252 1115/746/1252 1116/747/1252
f 1108/740/1253 1107/739/1253 1116/747/1253 1117/748/1253
f 1118/749/1254 1108/740/1254 1117/748/1254 918/750/1254
f 1119/751/1255 1104/736/1255 1108/740/1255 1118/749/1255
f 1112/743/1256 1101/733/1256 1104/736/1256 1119/751/1256
f 1120/752/1257 1121/753/1257 1122/754/1257 1123/755/1257
f 1121/753/1258 1124/756/1258 1125/757/1258 1122/754/1258
f 1123/755/1259 1122/754/1259 1126/758/1259 1127/759/1259
f 1122/754/1260 1125/757/1260 1128/760/1260 1126/758/1260
f 1110/761/1261 1112/762/1261 1120/752/1261 1129/763/1261
f 1112/762/1262 1119/764/1262 1121/753/1262 1120/752/1262
f 1119/764/1263 1118/765/1263 1124/756/1263 1121/753/1263
f 1118/765/1264 918/529/1264 920/531/1264 1124/756/1264
f 1124/756/1265 920/531/1265 928/544/1265 1125/757/1265
f 1125/757/1266 928/544/1266 926/542/1266 1128/760/1266
f 1128/760/1267 926/542/1267 927/543/1267 1130/766/1267
f 1126/758/1268 1128/760/1268 1130/766/1268 1131/767/1268
f 1127/759/1269 1126/758/1269 1131/767/1269 1132/768/1269
f 1133/769/1270 1127/759/1270 1132/768/1270 788/770/1270
f 1134/771/1271 1123/755/1271 1127/759/1271 1133/769/1271
f 1129/763/1272 1120/752/1272 1123/755/1272 1134/771/1272
f 1135/772/1273 1136/773/1274 1137/774/1274 1138/775/1273
f 1136/773/1275 1139/776/1275 1140/777/1275 1137/774/1275
f 1138/775/1276 1137/774/1277 1141/778/1277 1142/779/1276
f 1137/774/1278 1140/777/1278 1143/780/1278 1141/778/1278
f 1144/781/1279 1145/782/1280 1135/772/1280 1146/783/1279
f 1145/782/1280 1147/784/1281 1136/773/1281 1135/772/1280
f 1147/784/1282 1148/785/1282 1139/776/1282 1136/773/1282
f 1148/785/1283 58/786/1283 342/787/1283 1139/776/1283
f 1139/776/1284 342/787/1284 344/788/1284 1140/777/1284
f 1140/777/1285 344/788/1285 343/789/1285 1143/780/1285
f 1143/780/1286 343/789/1286 297/790/1286 1149/791/1286
f 1141/778/1287 1143/780/1287 1149/791/1287 1150/792/1287
f 1142/779/1288 1141/778/1289 1150/792/1289 1151/793/1290
f 1152/794/1291 1142/779/1288 1151/793/1290 1153/795/1291
f 1154/796/1292 1138/775/1276 1142/779/1276 1152/794/1292
f 1146/783/1293 1135/772/1273 1138/775/1273 1154/796/1293
f 1155/797/1294 1156/600/1294 1157/597/1294 1158/798/1294
f 1156/600/1295 1159/603/1295 1160/601/1295 1157/597/1295
f 1158/798/1296 1157/597/1296 1161/598/1296 1162/595/1296
f 1157/597/1297 1160/601/1297 1163/799/1297 1161/598/1297
f 1164/609/1298 1165/610/1298 1155/797/1298 1166/608/1298
f 1165/610/1299 1167/611/1299 1156/600/1299 1155/797/1299
f 1167/611/1300 1168/612/1300 1159/603/1300 1156/600/1300
f 1168/612/1301 1169/613/1301 1170/800/1301 1159/603/1301
f 1159/603/1302 1170/800/1302 1171/615/1302 1160/601/1302
f 1160/601/1303 1171/615/1303 1172/616/1303 1163/799/1303
f 1163/799/1304 1172/616/1304 1173/801/1304 1174/617/1304
f 1161/598/1305 1163/799/1305 1174/617/1305 1175/619/1305
f 1162/595/1306 1161/598/1306 1175/619/1306 1176/606/1306
f 1177/605/1307 1162/595/1307 1176/606/1307 938/604/1307
f 1178/607/1308 1158/798/1309 1162/595/1308 1177/605/1309
f 1166/608/1310 1155/797/1310 1158/798/1310 1178/607/1310
f 1179/802/1311 1180/803/1311 1181/804/1311 1182/805/1311
f 1180/803/1312 1183/806/1312 1184/807/1312 1181/804/1312
f 1182/805/1313 1181/804/1313 1185/808/1313 1186/809/1313
f 1181/804/1314 1184/807/1314 1187/810/1314 1185/808/1314
f 1188/718/1315 1189/811/1315 1179/802/1315 1190/812/1315
f 1189/811/1316 1191/732/1316 1180/803/1316 1179/802/1316
f 1191/732/1317 1192/731/1317 1183/806/1317 1180/803/1317
f 1192/731/1318 893/504/1318 895/506/1318 1183/806/1318
f 1183/806/1319 895/506/1319 908/519/1319 1184/807/1319
f 1184/807/1320 908/519/1320 906/517/1320 1187/810/1320
f 1187/810/1321 906/517/1321 907/518/1321 1193/813/1321
f 1185/808/1322 1187/810/1322 1193/813/1322 1194/814/1322
f 1186/809/1323 1185/808/1323 1194/814/1323 1195/815/1323
f 1196/816/1324 1186/809/1324 1195/815/1324 1197/817/1324
f 1198/818/1325 1182/805/1325 1186/809/1325 1196/816/1325
f 1190/812/1326 1179/802/1326 1182/805/1326 1198/818/1326
f 1199/819/1327 1200/820/1327 1201/821/1327 1202/822/1327
f 1200/820/1328 1203/823/1328 1204/824/1328 1201/821/1328
f 1202/822/1329 1201/821/1329 1205/825/1329 1206/826/1329
f 1201/821/1330 1204/824/1330 1207/827/1330 1205/825/1330
f 1208/828/1331 1209/829/1331 1199/819/1331 1210/830/1331
f 1209/829/1332 1211/831/1332 1200/820/1332 1199/819/1332
f 1211/831/1333 1212/832/1333 1203/823/1333 1200/820/1333
f 1212/832/1334 738/349/1334 1213/833/1334 1203/823/1334
f 1203/823/1335 1213/833/1335 1214/834/1335 1204/824/1335
f 1204/824/1336 1214/834/1336 1215/835/1336 1207/827/1336
f 1207/827/1337 1215/835/1337 1216/403/1337 1217/836/1337
f 1205/825/1338 1207/827/1338 1217/836/1338 1218/837/1338
f 1206/826/1339 1205/825/1339 1218/837/1339 1219/838/1339
f 1220/839/1340 1206/826/1340 1219/838/1340 1221/840/1340
f 1222/841/1341 1202/822/1341 1206/826/1341 1220/839/1341
f 1210/830/1342 1199/819/1342 1202/822/1342 1222/841/1342
f 1223/842/1343 1224/843/1343 1225/844/1343 1226/845/1343
f 1224/843/1344 1227/846/1344 1228/847/1344 1225/844/1344
f 1226/845/1345 1225/844/1345 1229/848/1345 1230/849/1345
f 1225/844/1346 1228/847/1346 1231/850/1346 1229/848/1346
f 1099/504/1347 1232/851/1347 1223/842/1347 1098/731/1347
f 1232/851/1348 1233/852/1348 1224/843/1348 1223/842/1348
f 1233/852/1349 1234/853/1349 1227/846/1349 1224/843/1349
f 1234/853/1350 1235/854/1350 1236/855/1350 1227/846/1350
f 1227/846/1351 1236/855/1351 1237/856/1351 1228/847/1351
f 1228/847/1352 1237/856/1352 1238/857/1352 1231/850/1352
f 1231/850/1353 1238/857/1353 1239/817/1353 1240/816/1353
f 1229/848/1354 1231/850/1354 1240/816/1354 1241/818/1354
f 1230/849/1355 1229/848/1355 1241/818/1355 1242/812/1355
f 1088/720/1356 1230/849/1356 1242/812/1356 1086/718/1356
f 1100/732/1357 1226/845/1357 1230/849/1357 1088/720/1357
f 1098/731/1358 1223/842/1358 1226/845/1358 1100/732/1358
f 1243/858/1359 1244/859/1359 1245/860/1359 1246/861/1359
f 1244/859/1360 1247/862/1360 1248/863/1360 1245/860/1360
f 1246/861/1361 1245/860/1361 1249/864/1361 1250/865/1361
f 1245/860/1362 1248/863/1362 1251/866/1362 1249/864/1362
f 1252/867/1363 1253/868/1363 1243/858/1363 1254/869/1363
f 1253/868/1364 1255/870/1364 1244/859/1364 1243/858/1364
f 1255/870/1365 1256/871/1365 1247/862/1365 1244/859/1365
f 1256/871/1366 1110/662/1366 1129/663/1366 1247/862/1366
f 1247/862/1367 1129/663/1367 1134/664/1367 1248/863/1367
f 1248/863/1368 1134/664/1368 1133/665/1368 1251/866/1368
f 1251/866/1369 1133/665/1369 788/667/1369 787/666/1369
f 1249/864/1370 1251/866/1370 787/666/1370 786/668/1370
f 1250/865/1371 1249/864/1371 786/668/1371 784/655/1371
f 1257/872/1372 1250/865/1372 784/655/1372 783/653/1372
f 1258/873/1373 1246/861/1373 1250/865/1373 1257/872/1373
f 1254/869/1374 1243/858/1374 1246/861/1374 1258/873/1374
f 1259/874/1375 1260/875/1375 1261/876/1375 1262/877/1375
f 1260/875/1376 1263/878/1377 1264/879/1378 1261/876/1376
f 1262/877/1379 1261/876/1379 1265/880/1379 1266/881/1379
f 1261/876/1380 1264/879/1381 1267/882/1382 1265/880/1380
f 574/883/1383 1268/884/1383 1259/874/1383 623/885/1383
f 1268/884/1384 1269/886/1385 1260/875/1384 1259/874/1385
f 1269/886/1386 1270/887/1387 1263/878/1387 1260/875/1386
f 1270/887/1387 847/448/1388 845/446/1388 1263/878/1387
f 1263/878/1377 845/446/1389 844/445/1389 1264/879/1378
f 1264/879/1381 844/445/1390 843/444/1390 1267/882/1382
f 1267/882/1391 843/444/1392 842/443/1393 1271/888/1394
f 1265/880/1395 1267/882/1391 1271/888/1394 1272/889/1395
f 1266/881/1396 1265/880/1396 1272/889/1396 1273/890/1396
f 625/891/1397 1266/881/1397 1273/890/1397 596/892/1397
f 624/893/1398 1262/877/1398 1266/881/1398 625/891/1398
f 623/885/1399 1259/874/1399 1262/877/1399 624/893/1399
f 1274/894/1400 1275/895/1401 1276/896/1401 1277/897/1402
f 1275/895/1403 1278/898/1403 1279/899/1403 1276/896/1403
f 1277/897/1404 1276/896/1405 1280/900/1405 1281/901/1406
f 1276/896/1407 1279/899/1407 1282/902/1408 1280/900/1407
f 1283/903/1409 1284/904/1410 1274/894/1410 1285/905/1409
f 1284/904/1410 1286/906/1411 1275/895/1411 1274/894/1410
f 1286/906/1412 1287/907/1412 1278/898/1412 1275/895/1412
f 1287/907/1413 526/908/1413 524/909/1413 1278/898/1413
f 1278/898/1414 524/909/1414 523/910/1414 1279/899/1414
f 1279/899/1415 523/910/1415 522/911/1415 1282/902/1415
f 1282/902/1416 522/911/1417 481/642/1416 1012/640/1417
f 1280/900/1418 1282/902/1418 1012/640/1419 1011/639/1418
f 1281/901/1420 1280/900/1421 1011/639/1421 1010/638/1422
f 1288/912/1423 1281/901/1420 1010/638/1422 1009/488/1424
f 1289/913/1425 1277/897/1404 1281/901/1406 1288/912/1425
f 1285/905/1426 1274/894/1400 1277/897/1402 1289/913/1426
f 1290/914/1427 1291/915/1427 1292/916/1427 1293/917/1427
f 1291/915/1428 1294/918/1429 1295/919/1430 1292/916/1428
f 1293/917/1431 1292/916/1431 1296/920/1431 1297/921/1431
f 1292/916/1432 1295/919/1433 1298/922/1433 1296/920/1434
f 537/923/1435 1299/924/1435 1290/914/1435 538/925/1435
f 1299/924/1436 1300/926/1436 1291/915/1436 1290/914/1436
f 1300/926/1437 1301/927/1438 1294/918/1438 1291/915/1437
f 1301/927/1438 1302/928/1439 1303/929/1439 1294/918/1438
f 1294/918/1429 1303/929/1440 1304/930/1440 1295/919/1430
f 1295/919/1433 1304/930/1441 1305/931/1441 1298/922/1433
f 1298/922/1442 1305/931/1443 1005/634/1443 1004/633/1442
f 1296/920/1444 1298/922/1442 1004/633/1442 1003/632/1444
f 1297/921/1445 1296/920/1445 1003/632/1445 1002/630/1445
f 541/932/1446 1297/921/1447 1002/630/1446 494/629/1447
f 540/933/1448 1293/917/1448 1297/921/1448 541/932/1448
f 538/925/1449 1290/914/1450 1293/917/1449 540/933/1450
f 1306/934/1451 1307/935/1451 1308/936/1451 1309/937/1451
f 1307/935/1452 1310/938/1452 1311/939/1452 1308/936/1452
f 1309/937/1453 1308/936/1453 1312/940/1453 1313/941/1453
f 1308/936/1454 1311/939/1454 1314/942/1454 1312/940/1454
f 1302/943/1455 1315/944/1455 1306/934/1455 1316/945/1455
f 1315/944/1456 1317/946/1456 1307/935/1456 1306/934/1456
f 1317/946/1457 1318/947/1457 1310/938/1457 1307/935/1457
f 1318/947/1458 1319/948/1458 1320/949/1458 1310/938/1458
f 1310/938/1459 1320/949/1459 1321/950/1459 1311/939/1459
f 1311/939/1460 1321/950/1460 1322/951/1460 1314/942/1460
f 1314/942/1461 1322/951/1461 1086/718/1461 1242/812/1461
f 1312/940/1462 1314/942/1462 1242/812/1462 1241/818/1462
f 1313/941/1463 1312/940/1463 1241/818/1463 1240/816/1463
f 1323/952/1464 1313/941/1464 1240/816/1464 1239/817/1464
f 1324/953/1465 1309/937/1465 1313/941/1465 1323/952/1465
f 1316/945/1466 1306/934/1466 1309/937/1466 1324/953/1466
f 1325/954/1467 1326/955/1467 1327/956/1467 1328/957/1467
f 1326/955/1468 1329/958/1468 1330/959/1468 1327/956/1468
f 1328/957/1469 1327/956/1469 1331/960/1469 1332/961/1469
f 1327/956/1470 1330/959/1470 1333/962/1470 1331/960/1470
f 1252/867/1471 1334/963/1471 1325/954/1471 1335/964/1471
f 1334/963/1472 1336/965/1472 1326/955/1472 1325/954/1472
f 1336/965/1473 1337/966/1473 1329/958/1473 1326/955/1473
f 1337/966/1474 902/513/1474 901/512/1474 1329/958/1474
f 1329/958/1475 901/512/1475 900/511/1475 1330/959/1475
f 1330/959/1476 900/511/1476 899/510/1476 1333/962/1476
f 1333/962/1477 899/510/1477 898/509/1477 1338/967/1477
f 1331/960/1478 1333/962/1478 1338/967/1478 1339/968/1478
f 1332/961/1479 1331/960/1479 1339/968/1479 1340/969/1479
f 1341/970/1480 1332/961/1480 1340/969/1480 1342/971/1480
f 1343/972/1481 1328/957/1481 1332/961/1481 1341/970/1481
f 1335/964/1482 1325/954/1482 1328/957/1482 1343/972/1482
f 1344/973/1483 1345/974/1484 1346/975/1483 1347/976/1484
f 1345/974/1485 1348/977/1486 1349/978/1487 1346/975/1485
f 1347/976/1488 1346/975/1489 1350/979/1488 1351/980/1489
f 1346/975/1490 1349/978/1491 1352/981/1492 1350/979/1493
f 570/982/1494 1353/983/1495 1344/973/1494 571/984/1494
f 1353/983/1496 1354/985/1497 1345/974/1496 1344/973/1497
f 1354/985/1498 1355/986/1499 1348/977/1499 1345/974/1498
f 1355/986/1499 978/987/1500 1356/988/1500 1348/977/1499
f 1348/977/1486 1356/988/1501 1357/989/1501 1349/978/1487
f 1349/978/1491 1357/989/1502 1358/990/1502 1352/981/1492
f 1352/981/1503 1358/990/1504 847/448/1504 1270/887/1505
f 1350/979/1506 1352/981/1503 1270/887/1505 1269/886/1507
f 1351/980/1508 1350/979/1508 1269/886/1508 1268/884/1508
f 573/991/1509 1351/980/1509 1268/884/1509 574/883/1509
f 572/992/1510 1347/976/1510 1351/980/1510 573/991/1510
f 571/984/1511 1344/973/1512 1347/976/1511 572/992/1512
f 1359/993/1513 1360/994/1514 1361/995/1515 1362/996/1516
f 1360/994/1517 1363/997/1517 1364/998/1517 1361/995/1517
f 1362/996/1518 1361/995/1519 1365/999/1520 1366/1000/1518
f 1361/995/1521 1364/998/1521 1367/1001/1521 1365/999/1521
f 983/1002/1522 1368/1003/1523 1359/993/1523 1369/1004/1522
f 1368/1003/1523 1370/1005/1524 1360/994/1524 1359/993/1523
f 1370/1005/1525 1371/1006/1525 1363/997/1525 1360/994/1525
f 1371/1006/1526 610/1007/1526 723/1008/1526 1363/997/1526
f 1363/997/1527 723/1008/1528 722/1009/1527 1364/998/1528
f 1364/998/1529 722/1009/1530 721/1010/1529 1367/1001/1530
f 1367/1001/1531 721/1010/1532 424/563/1532 946/562/1532
f 1365/999/1533 1367/1001/1534 946/562/1533 945/561/1534
f 1366/1000/1535 1365/999/1536 945/561/1536 944/560/1535
f 1372/1011/1537 1366/1000/1535 944/560/1535 943/559/1537
f 1373/1012/1538 1362/996/1518 1366/1000/1518 1372/1011/1538
f 1369/1004/1539 1359/993/1513 1362/996/1516 1373/1012/1539
f 1374/1013/1540 1375/1014/1540 1376/1015/1540 1377/1016/1540
f 1375/1014/1541 1378/1017/1541 1379/1018/1541 1376/1015/1541
f 1377/1016/1542 1376/1015/1542 1380/1019/1542 1381/1020/1542
f 1376/1015/1543 1379/1018/1543 1382/1021/1543 1380/1019/1543
f 1239/579/1544 1383/580/1544 1374/1013/1544 1323/1022/1544
f 1383/580/1545 1384/582/1545 1375/1014/1545 1374/1013/1545
f 1384/582/1546 1385/583/1546 1378/1017/1546 1375/1014/1546
f 1385/583/1547 1386/584/1547 1387/1023/1547 1378/1017/1547
f 1378/1017/1548 1387/1023/1548 1388/1024/1548 1379/1018/1548
f 1379/1018/1549 1388/1024/1549 1389/1025/1549 1382/1021/1549
f 1382/1021/1550 1389/1025/1550 1005/634/1550 1305/931/1550
f 1380/1019/1551 1382/1021/1551 1305/931/1551 1304/930/1551
f 1381/1020/1552 1380/1019/1552 1304/930/1552 1303/929/1552
f 1316/1026/1553 1381/1020/1553 1303/929/1553 1302/928/1553
f 1324/1027/1554 1377/1016/1554 1381/1020/1554 1316/1026/1554
f 1323/1022/1555 1374/1013/1555 1377/1016/1555 1324/1027/1555
f 1390/1028/1556 1391/1029/1557 1392/1030/1557 1393/1031/1556
f 1391/1029/1558 1394/1032/1558 1395/1033/1558 1392/1030/1558
f 1393/1031/1559 1392/1030/1560 1396/1034/1560 1397/1035/1559
f 1392/1030/1561 1395/1033/1561 1398/1036/1561 1396/1034/1561
f 1399/1037/1562 1400/1038/1563 1390/1028/1563 1401/1039/1562
f 1400/1038/1563 1402/1040/1564 1391/1029/1564 1390/1028/1563
f 1402/1040/1565 1403/1041/1565 1394/1032/1565 1391/1029/1565
f 1403/1041/1566 226/1042/1566 228/1043/1566 1394/1032/1566
f 1394/1032/1567 228/1043/1567 236/1044/1567 1395/1033/1567
f 1395/1033/1568 236/1044/1568 234/1045/1568 1398/1036/1568
f 1398/1036/1569 234/1045/1569 235/1046/1569 1404/1047/1569
f 1396/1034/1570 1398/1036/1570 1404/1047/1570 1405/1048/1570
f 1397/1035/1571 1396/1034/1572 1405/1048/1572 1406/1049/1571
f 1407/1050/1573 1397/1035/1571 1406/1049/1571 1408/1051/1573
f 1409/1052/1574 1393/1031/1559 1397/1035/1559 1407/1050/1574
f 1401/1039/1575 1390/1028/1556 1393/1031/1556 1409/1052/1575
f 1410/938/1576 1411/939/1576 1412/1053/1576 1413/935/1576
f 1411/939/1577 1414/942/1577 1415/940/1577 1412/1053/1577
f 1413/935/1578 1412/1053/1578 1416/937/1578 1417/934/1578
f 1412/1053/1579 1415/940/1579 1418/941/1579 1416/937/1579
f 1009/948/1580 1419/1054/1580 1410/938/1580 1288/947/1580
f 1419/1054/1581 1420/950/1582 1411/939/1581 1410/938/1582
f 1420/950/1583 1421/951/1583 1414/942/1583 1411/939/1583
f 1421/951/1584 1188/718/1584 1190/812/1584 1414/942/1584
f 1414/942/1585 1190/812/1585 1198/818/1585 1415/940/1585
f 1415/940/1586 1198/818/1586 1196/816/1586 1418/941/1586
f 1418/941/1587 1196/816/1587 1197/817/1587 1422/952/1587
f 1416/937/1588 1418/941/1588 1422/952/1588 1423/953/1588
f 1417/934/1589 1416/937/1589 1423/953/1589 1424/945/1589
f 1285/944/1590 1417/934/1590 1424/945/1590 1283/943/1590
f 1289/946/1591 1413/935/1591 1417/934/1591 1285/944/1591
f 1288/947/1592 1410/938/1592 1413/935/1592 1289/946/1592
f 1425/1055/1593 1426/1056/1594 1427/1057/1594 1428/1058/1595
f 1426/1056/1596 1429/1059/1596 1430/1060/1596 1427/1057/1596
f 1428/1058/1597 1427/1057/1598 1431/1061/1598 1432/1062/1599
f 1427/1057/1600 1430/1060/1600 1433/1063/1600 1431/1061/1600
f 1302/928/1601 1301/927/1602 1425/1055/1603 1315/1064/1601
f 1301/927/1602 1300/926/1604 1426/1056/1604 1425/1055/1603
f 1300/926/1605 1299/924/1605 1429/1059/1605 1426/1056/1605
f 1299/924/1606 537/923/1606 686/1065/1606 1429/1059/1606
f 1429/1059/1607 686/1065/1607 685/1066/1607 1430/1060/1607
f 1430/1060/1608 685/1066/1608 684/1067/1608 1433/1063/1608
f 1433/1063/1609 684/1067/1609 587/1068/1609 1434/1069/1609
f 1431/1061/1610 1433/1063/1610 1434/1069/1610 1435/1070/1610
f 1432/1062/1611 1431/1061/1612 1435/1070/1612 1436/1071/1613
f 1318/1072/1614 1432/1062/1611 1436/1071/1613 1319/1037/1614
f 1317/1073/1615 1428/1058/1597 1432/1062/1599 1318/1072/1615
f 1315/1064/1616 1425/1055/1593 1428/1058/1595 1317/1073/1616
f 1437/1074/1617 1438/1075/1617 1439/1076/1617 1440/1077/1617
f 1438/1075/1618 1441/1078/1618 1442/1079/1618 1439/1076/1618
f 1440/1077/1619 1439/1076/1619 1443/1080/1619 1444/1081/1619
f 1439/1076/1620 1442/1079/1620 1445/1082/1620 1443/1080/1620
f 1197/1083/1621 1446/1084/1621 1437/1074/1621 1422/1085/1621
f 1446/1084/1622 1447/1086/1622 1438/1075/1622 1437/1074/1622
f 1447/1086/1623 1448/1087/1623 1441/1078/1623 1438/1075/1623
f 1448/1087/1624 1169/1088/1624 1168/1089/1624 1441/1078/1624
f 1441/1078/1625 1168/1089/1625 1167/1090/1625 1442/1079/1625
f 1442/1079/1626 1167/1090/1626 1165/1091/1626 1445/1082/1626
f 1445/1082/1627 1165/1091/1627 1164/795/1627 1449/1092/1627
f 1443/1080/1628 1445/1082/1628 1449/1092/1628 1450/1093/1628
f 1444/1081/1629 1443/1080/1629 1450/1093/1629 1451/1094/1629
f 1424/1095/1630 1444/1081/1630 1451/1094/1630 1283/903/1630
f 1423/1096/1631 1440/1077/1631 1444/1081/1631 1424/1095/1631
f 1422/1085/1632 1437/1074/1632 1440/1077/1632 1423/1096/1632
f 1452/1097/1633 1453/1098/1633 1454/1099/1633 1455/1100/1633
f 1453/1098/1634 1456/1101/1634 1457/1102/1634 1454/1099/1634
f 1455/1100/1635 1454/1099/1635 1458/1103/1635 1459/1104/1635
f 1454/1099/1636 1457/1102/1636 1460/1105/1636 1458/1103/1636
f 1066/448/1637 1065/447/1637 1452/1097/1637 1461/1106/1637
f 1065/447/1638 1064/449/1638 1453/1098/1638 1452/1097/1638
f 1064/449/1639 1062/436/1639 1456/1101/1639 1453/1098/1639
f 1062/436/1640 1036/434/1640 1034/435/1640 1456/1101/1640
f 1456/1101/1641 1034/435/1641 1033/437/1641 1457/1102/1641
f 1457/1102/1642 1033/437/1642 1032/438/1642 1460/1105/1642
f 1460/1105/1643 1032/438/1643 1031/439/1643 1462/1107/1643
f 1458/1103/1644 1460/1105/1644 1462/1107/1644 1463/1108/1644
f 1459/1104/1645 1458/1103/1645 1463/1108/1645 1464/1109/1645
f 1465/1110/1646 1459/1104/1646 1464/1109/1646 1408/1051/1646
f 1466/1111/1647 1455/1100/1647 1459/1104/1647 1465/1110/1647
f 1461/1106/1648 1452/1097/1648 1455/1100/1648 1466/1111/1648
f 1467/1112/1649 1468/1113/1650 1469/1114/1650 1470/1115/1649
f 1468/1113/1651 1471/1116/1651 1472/1117/1651 1469/1114/1651
f 1470/1115/1652 1469/1114/1653 1473/1118/1653 1474/1119/1652
f 1469/1114/1654 1472/1117/1654 1475/1120/1654 1473/1118/1654
f 1070/1121/1655 1476/1122/1656 1467/1112/1656 1115/1123/1655
f 1476/1122/1656 1477/1124/1657 1468/1113/1657 1467/1112/1656
f 1477/1124/1658 1478/1125/1658 1471/1116/1658 1468/1113/1658
f 1478/1125/1659 209/1126/1659 252/1127/1659 1471/1116/1659
f 1471/1116/1660 252/1127/1660 251/1128/1660 1472/1117/1660
f 1472/1117/1661 251/1128/1661 250/1129/1661 1475/1120/1661
f 1475/1120/1662 250/1129/1662 249/534/1662 922/533/1662
f 1473/1118/1663 1475/1120/1663 922/533/1663 921/532/1663
f 1474/1119/1664 1473/1118/1665 921/532/1665 919/530/1664
f 1117/1130/1666 1474/1119/1664 919/530/1664 918/529/1666
f 1116/1131/1667 1470/1115/1652 1474/1119/1652 1117/1130/1667
f 1115/1123/1668 1467/1112/1649 1470/1115/1649 1116/1131/1668
f 1479/405/1669 1480/406/1669 1481/407/1669 1482/408/1669
f 1480/406/1670 1483/409/1670 1484/410/1670 1481/407/1670
f 1482/408/1671 1481/407/1671 1485/411/1671 1486/412/1671
f 1481/407/1672 1484/410/1672 1487/413/1672 1485/411/1672
f 927/414/1673 1488/415/1673 1479/405/1673 1130/416/1673
f 1488/415/1674 1489/417/1674 1480/406/1674 1479/405/1674
f 1489/417/1675 1490/418/1675 1483/409/1675 1480/406/1675
f 1490/418/1676 1144/419/1676 1491/420/1676 1483/409/1676
f 1483/409/1677 1491/420/1677 1492/421/1677 1484/410/1677
f 1484/410/1678 1492/421/1678 1493/422/1678 1487/413/1678
f 1487/413/1679 1493/422/1679 792/398/1679 791/397/1679
f 1485/411/1680 1487/413/1680 791/397/1680 790/396/1680
f 1486/412/1681 1485/411/1681 790/396/1681 789/395/1681
f 1132/423/1682 1486/412/1682 789/395/1682 788/394/1682
f 1131/424/1683 1482/408/1683 1486/412/1683 1132/423/1683
f 1130/416/1684 1479/405/1684 1482/408/1684 1131/424/1684
f 1494/1132/1685 1495/1133/1685 1496/1134/1685 1497/1135/1685
f 1495/1133/1686 1498/1136/1686 1499/1137/1686 1496/1134/1686
f 1497/1135/1687 1496/1134/1687 1500/1138/1687 1501/1139/1687
f 1496/1134/1688 1499/1137/1688 1502/1140/1688 1500/1138/1688
f 1197/817/1689 1195/815/1689 1494/1132/1689 1446/1141/1689
f 1195/815/1690 1194/814/1690 1495/1133/1690 1494/1132/1690
f 1194/814/1691 1193/813/1691 1498/1136/1691 1495/1133/1691
f 1193/813/1692 907/518/1692 1503/1142/1692 1498/1136/1692
f 1498/1136/1693 1503/1142/1693 1504/1143/1693 1499/1137/1693
f 1499/1137/1694 1504/1143/1694 1505/1144/1694 1502/1140/1694
f 1502/1140/1695 1505/1144/1695 1506/1145/1695 1507/1146/1695
f 1500/1138/1696 1502/1140/1696 1507/1146/1696 1508/1147/1696
f 1501/1139/1697 1500/1138/1697 1508/1147/1697 1509/1148/1697
f 1448/1149/1698 1501/1139/1698 1509/1148/1698 1169/1150/1698
f 1447/1151/1699 1497/1135/1699 1501/1139/1699 1448/1149/1699
f 1446/1141/1700 1494/1132/1700 1497/1135/1700 1447/1151/1700
f 1510/384/1701 1511/385/1701 1512/382/1701 1513/381/1701
f 1511/385/1702 1514/388/1702 1515/386/1702 1512/382/1702
f 1513/381/1703 1512/382/1703 1516/383/1703 1517/380/1703
f 1512/382/1704 1515/386/1704 1518/387/1704 1516/383/1704
f 822/394/1705 820/395/1705 1510/384/1705 1519/393/1705
f 820/395/1706 819/396/1706 1511/385/1706 1510/384/1706
f 819/396/1707 818/397/1707 1514/388/1707 1511/385/1707
f 818/397/1708 817/398/1708 1520/399/1708 1514/388/1708
f 1514/388/1709 1520/399/1709 1521/400/1709 1515/386/1709
f 1515/386/1710 1521/400/1710 1522/401/1710 1518/387/1710
f 1518/387/1711 1522/401/1711 1216/403/1711 1523/402/1711
f 1516/383/1712 1518/387/1712 1523/402/1712 1524/404/1712
f 1517/380/1713 1516/383/1713 1524/404/1713 1525/391/1713
f 1526/390/1714 1517/380/1714 1525/391/1714 1527/389/1714
f 1528/392/1715 1513/381/1715 1517/380/1715 1526/390/1715
f 1519/393/1716 1510/384/1716 1513/381/1716 1528/392/1716
f 1529/1152/1717 1530/1153/1717 1531/1154/1717 1532/1155/1717
f 1530/1153/1718 1533/1156/1718 1534/1157/1718 1531/1154/1718
f 1532/1155/1719 1531/1154/1719 1535/1158/1719 1536/1159/1719
f 1531/1154/1720 1534/1157/1720 1537/1160/1720 1535/1158/1720
f 822/1083/1721 1538/1084/1721 1529/1152/1721 821/1161/1721
f 1538/1084/1722 1539/1086/1722 1530/1153/1722 1529/1152/1722
f 1539/1086/1723 1540/1087/1723 1533/1156/1723 1530/1153/1723
f 1540/1087/1724 1541/1088/1724 1542/1089/1724 1533/1156/1724
f 1533/1156/1725 1542/1089/1725 1543/1090/1725 1534/1157/1725
f 1534/1157/1726 1543/1090/1726 1544/1091/1726 1537/1160/1726
f 1537/1160/1727 1544/1091/1727 1153/795/1727 1545/1162/1727
f 1535/1158/1728 1537/1160/1728 1545/1162/1728 1546/1163/1728
f 1536/1159/1729 1535/1158/1729 1546/1163/1729 1547/1164/1729
f 810/1165/1730 1536/1159/1730 1547/1164/1730 808/493/1730
f 823/1166/1731 1532/1155/1731 1536/1159/1731 810/1165/1731
f 821/1161/1732 1529/1152/1732 1532/1155/1732 823/1166/1732
f 1548/1167/1733 1549/1168/1733 1550/1169/1733 1551/1170/1733
f 1549/1168/1734 1552/1171/1734 1553/1172/1734 1550/1169/1734
f 1551/1170/1735 1550/1169/1735 1554/1173/1735 1555/1174/1735
f 1550/1169/1736 1553/1172/1736 1556/1175/1736 1554/1173/1736
f 1557/1176/1737 1558/1177/1737 1548/1167/1737 1559/1178/1737
f 1558/1177/1738 1560/1179/1738 1549/1168/1738 1548/1167/1738
f 1560/1179/1739 1561/1180/1739 1552/1171/1739 1549/1168/1739
f 1561/1180/1740 1022/1181/1740 1562/1182/1740 1552/1171/1740
f 1552/1171/1741 1562/1182/1741 1563/1183/1741 1553/1172/1741
f 1553/1172/1742 1563/1183/1742 1564/1184/1742 1556/1175/1742
f 1556/1175/1743 1564/1184/1743 1342/971/1743 1340/969/1743
f 1554/1173/1744 1556/1175/1744 1340/969/1744 1339/968/1744
f 1555/1174/1745 1554/1173/1745 1339/968/1745 1338/967/1745
f 1565/1185/1746 1555/1174/1746 1338/967/1746 898/509/1746
f 1566/1186/1747 1551/1170/1747 1555/1174/1747 1565/1185/1747
f 1559/1178/1748 1548/1167/1748 1551/1170/1748 1566/1186/1748
f 1567/669/1749 1568/670/1749 1569/671/1749 1570/672/1749
f 1568/670/1750 1571/673/1750 1572/674/1750 1569/671/1750
f 1570/672/1751 1569/671/1751 1573/675/1751 1574/676/1751
f 1569/671/1752 1572/674/1752 1575/677/1752 1573/675/1752
f 1169/613/1753 1509/678/1753 1567/669/1753 1170/800/1753
f 1509/678/1754 1508/679/1754 1568/670/1754 1567/669/1754
f 1508/679/1755 1507/680/1755 1571/673/1755 1568/670/1755
f 1507/680/1756 1506/358/1756 1576/356/1756 1571/673/1756
f 1571/673/1757 1576/356/1757 1577/1187/1757 1572/674/1757
f 1572/674/1758 1577/1187/1758 1578/354/1758 1575/677/1758
f 1575/677/1759 1578/354/1759 772/353/1759 1579/681/1759
f 1573/675/1760 1575/677/1760 1579/681/1760 1580/682/1760
f 1574/676/1761 1573/675/1761 1580/682/1761 1581/683/1761
f 1172/616/1762 1574/676/1762 1581/683/1762 1173/801/1762
f 1171/615/1763 1570/672/1763 1574/676/1763 1172/616/1763
f 1170/800/1764 1567/669/1764 1570/672/1764 1171/615/1764
f 1582/1188/1765 1583/1189/1765 1584/1190/1765 1585/1191/1765
f 1583/1189/1766 1586/1192/1766 1587/1193/1766 1584/1190/1766
f 1585/1191/1767 1584/1190/1767 1588/1194/1767 1589/1195/1767
f 1584/1190/1768 1587/1193/1768 1590/1196/1768 1588/1194/1768
f 797/403/1769 795/401/1769 1582/1188/1769 1591/1197/1769
f 795/401/1770 794/400/1770 1583/1189/1770 1582/1188/1770
f 794/400/1771 793/399/1771 1586/1192/1771 1583/1189/1771
f 793/399/1772 792/398/1772 1592/463/1772 1586/1192/1772
f 1586/1192/1773 1592/463/1773 1593/1198/1773 1587/1193/1773
f 1587/1193/1774 1593/1198/1774 1594/1199/1774 1590/1196/1774
f 1590/1196/1775 1594/1199/1775 1541/459/1775 1595/1200/1775
f 1588/1194/1776 1590/1196/1776 1595/1200/1776 1596/1201/1776
f 1589/1195/1777 1588/1194/1777 1596/1201/1777 1597/1202/1777
f 1598/1203/1778 1589/1195/1778 1597/1202/1778 1599/840/1778
f 1600/1204/1779 1585/1191/1779 1589/1195/1779 1598/1203/1779
f 1591/1197/1780 1582/1188/1780 1585/1191/1780 1600/1204/1780
f 1601/1205/1781 1602/1206/1781 1603/1207/1781 1604/1208/1781
f 1602/1206/1782 1605/1209/1782 1606/1210/1782 1603/1207/1782
f 1604/1208/1783 1603/1207/1783 1607/1211/1783 1608/1212/1783
f 1603/1207/1784 1606/1210/1784 1609/1213/1784 1607/1211/1784
f 1027/658/1785 1026/657/1785 1601/1205/1785 1610/1214/1785
f 1026/657/1786 1025/656/1786 1602/1206/1786 1601/1205/1786
f 1025/656/1787 1023/654/1787 1605/1209/1787 1602/1206/1787
f 1023/654/1788 1022/653/1788 1561/1215/1788 1605/1209/1788
f 1605/1209/1789 1561/1215/1789 1560/1216/1789 1606/1210/1789
f 1606/1210/1790 1560/1216/1790 1558/1217/1790 1609/1213/1790
f 1609/1213/1791 1558/1217/1791 1557/1218/1791 1611/1219/1791
f 1607/1211/1792 1609/1213/1792 1611/1219/1792 1612/1220/1792
f 1608/1212/1793 1607/1211/1793 1612/1220/1793 1613/1221/1793
f 1614/1222/1794 1608/1212/1794 1613/1221/1794 1615/1223/1794
f 1616/1224/1795 1604/1208/1795 1608/1212/1795 1614/1222/1795
f 1610/1214/1796 1601/1205/1796 1604/1208/1796 1616/1224/1796
f 1617/1225/1797 1618/1226/1797 1619/1227/1797 1620/1228/1797
f 1618/1226/1798 1621/1229/1798 1622/1230/1798 1619/1227/1798
f 1620/1228/1799 1619/1227/1799 1623/1231/1799 1624/1232/1799
f 1619/1227/1800 1622/1230/1800 1625/1233/1800 1623/1231/1800
f 1626/344/1801 1627/346/1801 1617/1225/1801 1628/1234/1801
f 1627/346/1802 1629/359/1802 1618/1226/1802 1617/1225/1802
f 1629/359/1803 1630/357/1803 1621/1229/1803 1618/1226/1803
f 1630/357/1804 1506/358/1804 1505/1235/1804 1621/1229/1804
f 1621/1229/1805 1505/1235/1805 1504/1236/1805 1622/1230/1805
f 1622/1230/1806 1504/1236/1806 1503/1237/1806 1625/1233/1806
f 1625/1233/1807 1503/1237/1807 907/518/1807 905/516/1807
f 1623/1231/1808 1625/1233/1808 905/516/1808 904/515/1808
f 1624/1232/1809 1623/1231/1809 904/515/1809 903/514/1809
f 1631/1238/1810 1624/1232/1810 903/514/1810 902/513/1810
f 1632/1239/1811 1620/1228/1811 1624/1232/1811 1631/1238/1811
f 1628/1234/1812 1617/1225/1812 1620/1228/1812 1632/1239/1812
f 1633/1240/1813 1634/1241/1813 1635/1242/1813 1636/1243/1813
f 1634/1241/1814 1637/1244/1814 1638/1245/1814 1635/1242/1814
f 1636/1243/1815 1635/1242/1815 1639/1246/1815 1640/1247/1815
f 1635/1242/1816 1638/1245/1816 1641/1248/1816 1639/1246/1816
f 1005/1249/1817 1389/1250/1817 1633/1240/1817 1006/1251/1817
f 1389/1250/1818 1388/1252/1818 1634/1241/1818 1633/1240/1818
f 1388/1252/1819 1387/1253/1819 1637/1244/1819 1634/1241/1819
f 1387/1253/1820 1386/723/1820 1642/1254/1820 1637/1244/1820
f 1637/1244/1821 1642/1254/1821 1643/1255/1821 1638/1245/1821
f 1638/1245/1822 1643/1255/1822 1644/1256/1822 1641/1248/1822
f 1641/1248/1823 1644/1256/1823 1188/718/1823 1421/951/1823
f 1639/1246/1824 1641/1248/1824 1421/951/1824 1420/950/1824
f 1640/1247/1825 1639/1246/1825 1420/950/1825 1419/1054/1825
f 1008/1257/1826 1640/1247/1826 1419/1054/1826 1009/948/1826
f 1007/1258/1827 1636/1243/1827 1640/1247/1827 1008/1257/1827
f 1006/1251/1828 1633/1240/1828 1636/1243/1828 1007/1258/1828
f 1645/1259/1829 1646/1260/1829 1647/1261/1829 1648/1262/1829
f 1646/1260/1830 1649/1263/1831 1650/1264/1830 1647/1261/1831
f 1648/1262/1832 1647/1261/1832 1651/1265/1833 1652/1266/1834
f 1647/1261/1835 1650/1264/1835 1653/1267/1836 1651/1265/1837
f 587/1068/1838 589/1268/1838 1645/1259/1838 1434/1069/1838
f 589/1268/1839 597/1269/1839 1646/1260/1839 1645/1259/1839
f 597/1269/1840 595/1270/1840 1649/1263/1840 1646/1260/1840
f 595/1270/1841 596/892/1841 1273/890/1841 1649/1263/1841
f 1649/1263/1842 1273/890/1842 1272/889/1842 1650/1264/1842
f 1650/1264/1843 1272/889/1843 1271/888/1844 1653/1267/1845
f 1653/1267/1845 1271/888/1844 842/443/1846 1654/1271/1846
f 1651/1265/1837 1653/1267/1836 1654/1271/1847 1655/1272/1847
f 1652/1266/1834 1651/1265/1833 1655/1272/1848 1656/1273/1848
f 1436/1071/1849 1652/1266/1850 1656/1273/1851 1319/1037/1851
f 1435/1070/1852 1648/1262/1852 1652/1266/1850 1436/1071/1849
f 1434/1069/1853 1645/1259/1854 1648/1262/1853 1435/1070/1854
f 1657/1274/1855 1658/1275/1856 1659/1276/1856 1660/1277/1855
f 1658/1275/1857 1661/1278/1857 1662/1279/1857 1659/1276/1857
f 1660/1277/1858 1659/1276/1859 1663/1280/1859 1664/1281/1858
f 1659/1276/1860 1662/1279/1860 1665/1282/1860 1663/1280/1860
f 867/588/1861 1666/1283/1862 1657/1274/1862 963/589/1861
f 1666/1283/1862 1667/1284/1863 1658/1275/1863 1657/1274/1862
f 1667/1284/1864 1668/1285/1864 1661/1278/1864 1658/1275/1864
f 1668/1285/1865 133/1286/1865 180/1287/1865 1661/1278/1865
f 1661/1278/1866 180/1287/1866 179/1288/1866 1662/1279/1866
f 1662/1279/1867 179/1288/1867 177/1289/1867 1665/1282/1867
f 1665/1282/1868 177/1289/1868 176/1290/1868 1669/1291/1868
f 1663/1280/1869 1665/1282/1869 1669/1291/1869 1670/1292/1869
f 1664/1281/1870 1663/1280/1871 1670/1292/1871 1671/1293/1870
f 965/591/1872 1664/1281/1870 1671/1293/1870 967/593/1872
f 964/590/1873 1660/1277/1858 1664/1281/1858 965/591/1873
f 963/589/1874 1657/1274/1855 1660/1277/1855 964/590/1874
f 1672/1294/1875 1673/1295/1876 1674/1296/1875 1675/1297/1876
f 1673/1295/1877 1676/1298/1877 1677/1299/1877 1674/1296/1877
f 1675/1297/1878 1674/1296/1878 1678/1300/1879 1679/1301/1879
f 1674/1296/1880 1677/1299/1881 1680/1302/1882 1678/1300/1882
f 658/1303/1883 657/1304/1884 1672/1294/1883 1681/1305/1883
f 657/1304/1885 656/1306/1885 1673/1295/1885 1672/1294/1885
f 656/1306/1886 655/1307/1886 1676/1298/1886 1673/1295/1886
f 655/1307/1887 526/908/1887 1287/907/1887 1676/1298/1887
f 1676/1298/1888 1287/907/1888 1286/906/1888 1677/1299/1888
f 1677/1299/1889 1286/906/1889 1284/904/1890 1680/1302/1891
f 1680/1302/1891 1284/904/1890 1283/903/1892 1451/1094/1892
f 1678/1300/1882 1680/1302/1882 1451/1094/1893 1450/1093/1893
f 1679/1301/1879 1678/1300/1879 1450/1093/1894 1449/1092/1894
f 1682/1308/1895 1679/1301/1895 1449/1092/1896 1164/795/1896
f 1683/1309/1897 1675/1297/1897 1679/1301/1895 1682/1308/1895
f 1681/1305/1898 1672/1294/1898 1675/1297/1898 1683/1309/1898
f 1684/733/1899 1685/734/1899 1686/735/1899 1687/736/1899
f 1685/734/1900 1688/737/1900 1689/1310/1900 1686/735/1900
f 1687/736/1901 1686/735/1901 1690/739/1901 1691/740/1901
f 1686/735/1902 1689/1310/1902 1692/741/1902 1690/739/1902
f 1031/662/1903 1693/742/1903 1684/733/1903 1462/743/1903
f 1693/742/1904 1694/744/1904 1685/734/1904 1684/733/1904
f 1694/744/1905 1695/745/1905 1688/737/1905 1685/734/1905
f 1695/745/1906 1696/707/1906 1697/705/1906 1688/737/1906
f 1688/737/1907 1697/705/1907 1698/704/1907 1689/1310/1907
f 1689/1310/1908 1698/704/1908 1699/703/1908 1692/741/1908
f 1692/741/1909 1699/703/1909 1399/702/1909 1401/746/1909
f 1690/739/1910 1692/741/1910 1401/746/1910 1409/747/1910
f 1691/740/1911 1690/739/1911 1409/747/1911 1407/748/1911
f 1464/749/1912 1691/740/1912 1407/748/1912 1408/750/1912
f 1463/751/1913 1687/736/1913 1691/740/1913 1464/749/1913
f 1462/743/1914 1684/733/1914 1687/736/1914 1463/751/1914
f 1700/1311/1915 1701/1312/1915 1702/1313/1916 1703/1314/1916
f 1701/1312/1917 1704/1315/1917 1705/1316/1918 1702/1313/1918
f 1703/1314/1919 1702/1313/1919 1706/1317/1919 1707/1318/1919
f 1702/1313/1920 1705/1316/1920 1708/1319/1920 1706/1317/1920
f 1399/1037/1921 1709/1320/1921 1700/1311/1922 1400/1038/1922
f 1709/1320/1923 1710/1321/1923 1701/1312/1915 1700/1311/1915
f 1710/1321/1924 1711/1322/1924 1704/1315/1917 1701/1312/1917
f 1711/1322/1925 967/593/1925 1671/1293/1926 1704/1315/1926
f 1704/1315/1926 1671/1293/1926 1670/1292/1927 1705/1316/1927
f 1705/1316/1928 1670/1292/1928 1669/1291/1928 1708/1319/1928
f 1708/1319/1929 1669/1291/1929 176/1290/1929 325/1323/1929
f 1706/1317/1930 1708/1319/1930 325/1323/1930 324/1324/1930
f 1707/1318/1931 1706/1317/1931 324/1324/1931 323/1325/1931
f 1403/1041/1932 1707/1318/1932 323/1325/1932 226/1042/1932
f 1402/1040/1933 1703/1314/1933 1707/1318/1933 1403/1041/1933
f 1400/1038/1922 1700/1311/1922 1703/1314/1934 1402/1040/1934
f 1712/1326/1935 1713/1327/1936 1714/1328/1936 1715/1329/1935
f 1713/1327/1937 1716/1330/1937 1717/1331/1937 1714/1328/1937
f 1715/1329/1938 1714/1328/1939 1718/1332/1939 1719/1333/1938
f 1714/1328/1940 1717/1331/1940 1720/1334/1940 1718/1332/1940
f 927/543/1941 925/541/1942 1712/1326/1942 1488/1335/1941
f 925/541/1942 924/540/1943 1713/1327/1943 1712/1326/1942
f 924/540/1944 923/539/1944 1716/1330/1944 1713/1327/1944
f 923/539/1945 63/538/1945 61/1336/1945 1716/1330/1945
f 1716/1330/1946 61/1336/1946 60/1337/1946 1717/1331/1946
f 1717/1331/1947 60/1337/1947 59/1338/1947 1720/1334/1947
f 1720/1334/1948 59/1338/1948 58/786/1948 1148/785/1948
f 1718/1332/1949 1720/1334/1949 1148/785/1949 1147/784/1949
f 1719/1333/1950 1718/1332/1951 1147/784/1951 1145/782/1950
f 1490/1339/1952 1719/1333/1950 1145/782/1950 1144/781/1952
f 1489/1340/1953 1715/1329/1938 1719/1333/1938 1490/1339/1953
f 1488/1335/1954 1712/1326/1935 1715/1329/1935 1489/1340/1954
f 1721/1341/1955 1722/1342/1955 1723/1343/1955 1724/1344/1955
f 1722/1342/1956 1725/1345/1956 1726/1346/1956 1723/1343/1956
f 1724/1344/1957 1723/1343/1957 1727/1347/1957 1728/1348/1957
f 1723/1343/1958 1726/1346/1958 1729/1349/1958 1727/1347/1958
f 1730/1350/1959 1731/969/1959 1721/1341/1959 1732/1351/1959
f 1731/969/1960 1733/968/1960 1722/1342/1960 1721/1341/1960
f 1733/968/1961 1734/967/1961 1725/1345/1961 1722/1342/1961
f 1734/967/1962 1735/509/1962 1736/1352/1962 1725/1345/1962
f 1725/1345/1963 1736/1352/1963 1737/1353/1963 1726/1346/1963
f 1726/1346/1964 1737/1353/1964 1738/1354/1964 1729/1349/1964
f 1729/1349/1965 1738/1354/1965 1739/1355/1965 1740/1356/1965
f 1727/1347/1966 1729/1349/1966 1740/1356/1966 1741/1357/1966
f 1728/1348/1967 1727/1347/1967 1741/1357/1967 1742/1358/1967
f 1743/1359/1968 1728/1348/1968 1742/1358/1968 1744/1360/1968
f 1745/1361/1969 1724/1344/1969 1728/1348/1969 1743/1359/1969
f 1732/1351/1970 1721/1341/1970 1724/1344/1970 1745/1361/1970
f 1746/335/1971 1747/336/1971 1748/337/1971 1749/338/1971
f 1747/336/1972 1750/339/1972 1751/340/1972 1748/337/1972
f 1749/338/1973 1748/337/1973 1752/341/1973 1753/342/1973
f 1748/337/1974 1751/340/1974 1754/1362/1974 1752/341/1974
f 1626/344/1975 1755/345/1975 1746/335/1975 1627/346/1975
f 1755/345/1976 1756/347/1976 1747/336/1976 1746/335/1976
f 1756/347/1977 1757/348/1977 1750/339/1977 1747/336/1977
f 1757/348/1978 758/349/1978 760/350/1978 1750/339/1978
f 1750/339/1979 760/350/1979 773/351/1979 1751/340/1979
f 1751/340/1980 773/351/1980 771/352/1980 1754/1362/1980
f 1754/1362/1981 771/352/1981 772/353/1981 1578/354/1981
f 1752/341/1982 1754/1362/1982 1578/354/1982 1577/1187/1982
f 1753/342/1983 1752/341/1983 1577/1187/1983 1576/356/1983
f 1630/357/1984 1753/342/1984 1576/356/1984 1506/358/1984
f 1629/359/1985 1749/338/1985 1753/342/1985 1630/357/1985
f 1627/346/1986 1746/335/1986 1749/338/1986 1629/359/1986
f 1758/1363/1987 1759/1364/1987 1760/1365/1987 1761/1366/1987
f 1759/1364/1988 1762/1367/1988 1763/1368/1988 1760/1365/1988
f 1761/1366/1989 1760/1365/1989 1764/1369/1989 1765/1370/1989
f 1760/1365/1990 1763/1368/1990 1766/1371/1990 1764/1369/1990
f 1022/1181/1991 1024/1372/1991 1758/1363/1991 1562/1182/1991
f 1024/1372/1992 1037/1373/1992 1759/1364/1992 1758/1363/1992
f 1037/1373/1993 1035/1374/1993 1762/1367/1993 1759/1364/1993
f 1035/1374/1994 1036/693/1994 1063/695/1994 1762/1367/1994
f 1762/1367/1995 1063/695/1995 1076/708/1995 1763/1368/1995
f 1763/1368/1996 1076/708/1996 1074/706/1996 1766/1371/1996
f 1766/1371/1997 1074/706/1997 1075/707/1997 1767/1375/1997
f 1764/1369/1998 1766/1371/1998 1767/1375/1998 1768/1376/1998
f 1765/1370/1999 1764/1369/1999 1768/1376/1999 1769/1377/1999
f 1564/1184/2000 1765/1370/2000 1769/1377/2000 1342/971/2000
f 1563/1183/2001 1761/1366/2001 1765/1370/2001 1564/1184/2001
f 1562/1182/2002 1758/1363/2002 1761/1366/2002 1563/1183/2002
f 1770/1378/2003 1771/1379/2003 1772/1380/2003 1773/1381/2003
f 1771/1379/2004 1774/1382/2004 1775/1383/2004 1772/1380/2004
f 1773/1381/2005 1772/1380/2005 1776/1384/2005 1777/1385/2005
f 1772/1380/2006 1775/1383/2006 1778/1386/2006 1776/1384/2006
f 958/693/2007 1779/1387/2007 1770/1378/2007 1780/1388/2007
f 1779/1387/2008 1781/1389/2008 1771/1379/2008 1770/1378/2008
f 1781/1389/2009 1782/1390/2009 1774/1382/2009 1771/1379/2009
f 1782/1390/2010 1696/707/2010 1783/1375/2010 1774/1382/2010
f 1774/1382/2011 1783/1375/2011 1784/1376/2011 1775/1383/2011
f 1775/1383/2012 1784/1376/2012 1785/1377/2012 1778/1386/2012
f 1778/1386/2013 1785/1377/2013 1730/1350/2013 1732/1351/2013
f 1776/1384/2014 1778/1386/2014 1732/1351/2014 1745/1361/2014
f 1777/1385/2015 1776/1384/2015 1745/1361/2015 1743/1359/2015
f 1786/1391/2016 1777/1385/2016 1743/1359/2016 1744/1360/2016
f 1787/1392/2017 1773/1381/2017 1777/1385/2017 1786/1391/2017
f 1780/1388/2018 1770/1378/2018 1773/1381/2018 1787/1392/2018
f 1788/1393/2019 1789/1394/2019 1790/1395/2019 1791/1396/2019
f 1789/1394/2020 1792/1397/2020 1793/1398/2020 1790/1395/2020
f 1791/1396/2021 1790/1395/2021 1794/1399/2021 1795/1400/2021
f 1790/1395/2022 1793/1398/2022 1796/1401/2022 1794/1399/2022
f 1541/1402/2023 1540/1403/2023 1788/1393/2023 1595/1404/2023
f 1540/1403/2024 1539/1405/2024 1789/1394/2024 1788/1393/2024
f 1539/1405/2025 1538/1406/2025 1792/1397/2025 1789/1394/2025
f 1538/1406/2026 822/394/2026 1519/1407/2026 1792/1397/2026
f 1792/1397/2027 1519/1407/2027 1528/1408/2027 1793/1398/2027
f 1793/1398/2028 1528/1408/2028 1526/1409/2028 1796/1401/2028
f 1796/1401/2029 1526/1409/2029 1527/1410/2029 1797/1411/2029
f 1794/1399/2030 1796/1401/2030 1797/1411/2030 1798/1412/2030
f 1795/1400/2031 1794/1399/2031 1798/1412/2031 1799/1413/2031
f 1597/1414/2032 1795/1400/2032 1799/1413/2032 1599/840/2032
f 1596/1415/2033 1791/1396/2033 1795/1400/2033 1597/1414/2033
f 1595/1404/2034 1788/1393/2034 1791/1396/2034 1596/1415/2034
f 1800/1416/2035 1801/1417/2035 1802/1418/2035 1803/1419/2035
f 1801/1417/2036 1804/1420/2037 1805/1421/2038 1802/1418/2036
f 1803/1419/2039 1802/1418/2039 1806/1422/2039 1807/1423/2039
f 1802/1418/2040 1805/1421/2041 1808/1424/2041 1806/1422/2040
f 658/1303/2042 1681/1305/2043 1800/1416/2042 704/1425/2043
f 1681/1305/2044 1683/1309/2044 1801/1417/2044 1800/1416/2044
f 1683/1309/2045 1682/1308/2046 1804/1420/2047 1801/1417/2045
f 1682/1308/2046 1164/795/2048 1166/1426/2048 1804/1420/2047
f 1804/1420/2037 1166/1426/2049 1178/1427/2049 1805/1421/2038
f 1805/1421/2041 1178/1427/2050 1177/1428/2050 1808/1424/2041
f 1808/1424/2051 1177/1428/2052 938/554/2053 940/556/2051
f 1806/1422/2054 1808/1424/2051 940/556/2051 948/569/2054
f 1807/1423/2055 1806/1422/2056 948/569/2055 947/567/2056
f 703/1429/2057 1807/1423/2057 947/567/2057 419/568/2057
f 705/1430/2058 1803/1419/2059 1807/1423/2058 703/1429/2059
f 704/1425/2060 1800/1416/2060 1803/1419/2060 705/1430/2060
f 1809/1431/2061 1810/1432/2061 1811/1433/2061 1812/1434/2061
f 1810/1432/2062 1813/1435/2062 1814/1436/2062 1811/1433/2062
f 1812/1434/2063 1811/1433/2063 1815/1437/2063 1816/1438/2063
f 1811/1433/2064 1814/1436/2064 1817/1439/2064 1815/1437/2064
f 1094/727/2065 1818/1440/2065 1809/1431/2065 1819/1441/2065
f 1818/1440/2066 1820/1442/2066 1810/1432/2066 1809/1431/2066
f 1820/1442/2067 1821/1443/2067 1813/1435/2067 1810/1432/2067
f 1821/1443/2068 1822/1444/2068 1823/1445/2068 1813/1435/2068
f 1813/1435/2069 1823/1445/2069 1824/1446/2069 1814/1436/2069
f 1814/1436/2070 1824/1446/2070 1825/1447/2070 1817/1439/2070
f 1817/1439/2071 1825/1447/2071 1208/1448/2071 1826/1449/2071
f 1815/1437/2072 1817/1439/2072 1826/1449/2072 1827/1450/2072
f 1816/1438/2073 1815/1437/2073 1827/1450/2073 1828/1451/2073
f 1829/1452/2074 1816/1438/2074 1828/1451/2074 1739/1355/2074
f 1830/1453/2075 1812/1434/2075 1816/1438/2075 1829/1452/2075
f 1819/1441/2076 1809/1431/2076 1812/1434/2076 1830/1453/2076
f 1831/1454/2077 1832/1455/2078 1833/1456/2078 1834/1457/2077
f 1832/1455/2079 1835/1458/2079 1836/1459/2079 1833/1456/2079
f 1834/1457/2080 1833/1456/2081 1837/1460/2081 1838/1461/2080
f 1833/1456/2082 1836/1459/2082 1839/1462/2082 1837/1460/2082
f 1153/795/2083 1151/793/2084 1831/1454/2084 1545/1162/2083
f 1151/793/2084 1150/792/2085 1832/1455/2085 1831/1454/2084
f 1150/792/2086 1149/791/2086 1835/1458/2086 1832/1455/2086
f 1149/791/2087 297/790/2087 296/1463/2087 1835/1458/2087
f 1835/1458/2088 296/1463/2088 295/1464/2088 1836/1459/2088
f 1836/1459/2089 295/1464/2089 294/1465/2089 1839/1462/2089
f 1839/1462/2090 294/1465/2090 165/479/2090 878/481/2090
f 1837/1460/2091 1839/1462/2091 878/481/2091 883/494/2091
f 1838/1461/2092 1837/1460/2093 883/494/2093 882/492/2092
f 1547/1164/2094 1838/1461/2092 882/492/2092 808/493/2094
f 1546/1163/2095 1834/1457/2080 1838/1461/2080 1547/1164/2095
f 1545/1162/2096 1831/1454/2077 1834/1457/2077 1546/1163/2096
f 1840/1466/2097 1841/1467/2097 1842/1468/2097 1843/1469/2097
f 1841/1467/2098 1844/1470/2098 1845/1471/2098 1842/1468/2098
f 1843/1469/2099 1842/1468/2099 1846/1472/2099 1847/1473/2099
f 1842/1468/2100 1845/1471/2100 1848/1474/2100 1846/1472/2100
f 1221/1475/2101 1849/1476/2101 1840/1466/2101 1220/1477/2101
f 1849/1476/2102 1850/1478/2102 1841/1467/2102 1840/1466/2102
f 1850/1478/2103 1851/1479/2103 1844/1470/2103 1841/1467/2103
f 1851/1479/2104 1744/1360/2104 1742/1358/2104 1844/1470/2104
f 1844/1470/2105 1742/1358/2105 1741/1357/2105 1845/1471/2105
f 1845/1471/2106 1741/1357/2106 1740/1356/2106 1848/1474/2106
f 1848/1474/2107 1740/1356/2107 1739/1355/2107 1828/1451/2107
f 1846/1472/2108 1848/1474/2108 1828/1451/2108 1827/1450/2108
f 1847/1473/2109 1846/1472/2109 1827/1450/2109 1826/1449/2109
f 1210/1480/2110 1847/1473/2110 1826/1449/2110 1208/1448/2110
f 1222/1481/2111 1843/1469/2111 1847/1473/2111 1210/1480/2111
f 1220/1477/2112 1840/1466/2112 1843/1469/2112 1222/1481/2112
f 1852/1482/2113 1853/1483/2113 1854/1484/2113 1855/1485/2113
f 1853/1483/2114 1856/1486/2114 1857/1487/2114 1854/1484/2114
f 1855/1485/2115 1854/1484/2115 1858/1488/2115 1859/1489/2115
f 1854/1484/2116 1857/1487/2116 1860/1490/2116 1858/1488/2116
f 1861/1145/2117 1862/1146/2117 1852/1482/2117 1863/1491/2117
f 1862/1146/2118 1864/1147/2118 1853/1483/2118 1852/1482/2118
f 1864/1147/2119 1865/1148/2119 1856/1486/2119 1853/1483/2119
f 1865/1148/2120 1386/1150/2120 1385/1149/2120 1856/1486/2120
f 1856/1486/2121 1385/1149/2121 1384/1151/2121 1857/1487/2121
f 1857/1487/2122 1384/1151/2122 1383/1141/2122 1860/1490/2122
f 1860/1490/2123 1383/1141/2123 1239/817/2123 1238/857/2123
f 1858/1488/2124 1860/1490/2124 1238/857/2124 1237/856/2124
f 1859/1489/2125 1858/1488/2125 1237/856/2125 1236/855/2125
f 1866/1492/2126 1859/1489/2126 1236/855/2126 1235/854/2126
f 1867/1493/2127 1855/1485/2127 1859/1489/2127 1866/1492/2127
f 1863/1491/2128 1852/1482/2128 1855/1485/2128 1867/1493/2128
f 1868/1494/2129 1869/1495/2129 1870/1496/2129 1871/1497/2129
f 1869/1495/2130 1872/1498/2130 1873/1499/2130 1870/1496/2130
f 1871/1497/2131 1870/1496/2131 1874/1500/2131 1875/1501/2131
f 1870/1496/2132 1873/1499/2132 1876/1502/2132 1874/1500/2132
f 1744/1360/2133 1851/1479/2133 1868/1494/2133 1786/1391/2133
f 1851/1479/2134 1850/1478/2134 1869/1495/2134 1868/1494/2134
f 1850/1478/2135 1849/1476/2135 1872/1498/2135 1869/1495/2135
f 1849/1476/2136 1221/1475/2136 1877/1503/2136 1872/1498/2136
f 1872/1498/2137 1877/1503/2137 1878/1504/2137 1873/1499/2137
f 1873/1499/2138 1878/1504/2138 1879/1505/2138 1876/1502/2138
f 1876/1502/2139 1879/1505/2139 858/1506/2139 962/1507/2139
f 1874/1500/2140 1876/1502/2140 962/1507/2140 961/1508/2140
f 1875/1501/2141 1874/1500/2141 961/1508/2141 959/1509/2141
f 1780/1388/2142 1875/1501/2142 959/1509/2142 958/693/2142
f 1787/1392/2143 1871/1497/2143 1875/1501/2143 1780/1388/2143
f 1786/1391/2144 1868/1494/2144 1871/1497/2144 1787/1392/2144
f 1880/1510/2145 1881/1511/2145 1882/1512/2145 1883/1513/2145
f 1881/1511/2146 1884/1514/2146 1885/1515/2146 1882/1512/2146
f 1883/1513/2147 1882/1512/2147 1886/1516/2147 1887/1517/2147
f 1882/1512/2148 1885/1515/2148 1888/1518/2148 1886/1516/2148
f 797/403/2149 1889/1519/2149 1880/1510/2149 796/402/2149
f 1889/1519/2150 1890/834/2150 1881/1511/2150 1880/1510/2150
f 1890/834/2151 1891/833/2151 1884/1514/2151 1881/1511/2151
f 1891/833/2152 758/349/2152 1757/348/2152 1884/1514/2152
f 1884/1514/2153 1757/348/2153 1756/347/2153 1885/1515/2153
f 1885/1515/2154 1756/347/2154 1755/345/2154 1888/1518/2154
f 1888/1518/2155 1755/345/2155 1626/344/2155 1892/1520/2155
f 1886/1516/2156 1888/1518/2156 1892/1520/2156 1893/1521/2156
f 1887/1517/2157 1886/1516/2157 1893/1521/2157 1894/1522/2157
f 785/391/2158 1887/1517/2158 1894/1522/2158 783/389/2158
f 798/404/2159 1883/1513/2159 1887/1517/2159 785/391/2159
f 796/402/2160 1880/1510/2160 1883/1513/2160 798/404/2160
f 1895/1523/2161 1896/1524/2161 1897/1525/2161 1898/1526/2161
f 1896/1524/2162 1899/1527/2162 1900/1528/2162 1897/1525/2162
f 1898/1526/2163 1897/1525/2163 1901/1529/2163 1902/1530/2163
f 1897/1525/2164 1900/1528/2164 1903/1531/2164 1901/1529/2164
f 1027/658/2165 1904/1532/2165 1895/1523/2165 1028/659/2165
f 1904/1532/2166 1905/1533/2166 1896/1524/2166 1895/1523/2166
f 1905/1533/2167 1906/1534/2167 1899/1527/2167 1896/1524/2167
f 1906/1534/2168 1730/1350/2168 1785/1377/2168 1899/1527/2168
f 1899/1527/2169 1785/1377/2169 1784/1376/2169 1900/1528/2169
f 1900/1528/2170 1784/1376/2170 1783/1375/2170 1903/1531/2170
f 1903/1531/2171 1783/1375/2171 1696/707/2171 1695/745/2171
f 1901/1529/2172 1903/1531/2172 1695/745/2172 1694/744/2172
f 1902/1530/2173 1901/1529/2173 1694/744/2173 1693/742/2173
f 1030/661/2174 1902/1530/2174 1693/742/2174 1031/662/2174
f 1029/660/2175 1898/1526/2175 1902/1530/2175 1030/661/2175
f 1028/659/2176 1895/1523/2176 1898/1526/2176 1029/660/2176
f 1907/1535/2177 1908/1243/2177 1909/1242/2177 1910/1246/2177
f 1908/1243/2178 1911/1240/2178 1912/1241/2178 1909/1242/2178
f 1910/1246/2179 1909/1242/2179 1913/1536/2179 1914/1537/2179
f 1909/1242/2180 1912/1241/2180 1915/1538/2180 1913/1536/2180
f 1319/948/2181 1656/1257/2181 1907/1535/2181 1320/949/2181
f 1656/1257/2182 1655/1258/2182 1908/1243/2182 1907/1535/2182
f 1655/1258/2183 1654/1251/2183 1911/1240/2183 1908/1243/2183
f 1654/1251/2184 842/1249/2184 841/1250/2184 1911/1240/2184
f 1911/1240/2185 841/1250/2185 840/1252/2185 1912/1241/2185
f 1912/1241/2186 840/1252/2186 839/1253/2186 1915/1538/2186
f 1915/1538/2187 839/1253/2187 838/723/2187 1090/722/2187
f 1913/1536/2188 1915/1538/2188 1090/722/2188 1089/721/2188
f 1914/1537/2189 1913/1536/2189 1089/721/2189 1087/719/2189
f 1322/951/2190 1914/1537/2190 1087/719/2190 1086/718/2190
f 1321/950/2191 1910/1246/2191 1914/1537/2191 1322/951/2191
f 1320/949/2192 1907/1535/2192 1910/1246/2192 1321/950/2192
f 1916/1539/2193 1917/1540/2193 1918/1541/2193 1919/1542/2193
f 1917/1540/2194 1920/1543/2194 1921/1544/2194 1918/1541/2194
f 1919/1542/2195 1918/1541/2195 1922/1545/2195 1923/1546/2195
f 1918/1541/2196 1921/1544/2196 1924/1547/2196 1922/1545/2196
f 1173/801/2197 1581/683/2197 1916/1539/2197 1925/1548/2197
f 1581/683/2198 1580/682/2198 1917/1540/2198 1916/1539/2198
f 1580/682/2199 1579/681/2199 1920/1543/2199 1917/1540/2199
f 1579/681/2200 772/353/2200 770/379/2200 1920/1543/2200
f 1920/1543/2201 770/379/2201 769/378/2201 1921/1544/2201
f 1921/1544/2202 769/378/2202 768/377/2202 1924/1547/2202
f 1924/1547/2203 768/377/2203 767/376/2203 1926/1549/2203
f 1922/1545/2204 1924/1547/2204 1926/1549/2204 1927/1550/2204
f 1923/1546/2205 1922/1545/2205 1927/1550/2205 1928/1551/2205
f 1929/1552/2206 1923/1546/2206 1928/1551/2206 1930/1553/2206
f 1931/1554/2207 1919/1542/2207 1923/1546/2207 1929/1552/2207
f 1925/1548/2208 1916/1539/2208 1919/1542/2208 1931/1554/2208
f 1932/450/2209 1933/451/2209 1934/452/2209 1935/453/2209
f 1933/451/2210 1936/454/2210 1937/455/2210 1934/452/2210
f 1935/453/2211 1934/452/2211 1938/456/2211 1939/457/2211
f 1934/452/2212 1937/455/2212 1940/458/2212 1938/456/2212
f 1541/459/2213 1594/1199/2213 1932/450/2213 1542/461/2213
f 1594/1199/2214 1593/1198/2214 1933/451/2214 1932/450/2214
f 1593/1198/2215 1592/463/2215 1936/454/2215 1933/451/2215
f 1592/463/2216 792/398/2216 1493/422/2216 1936/454/2216
f 1936/454/2217 1493/422/2217 1492/421/2217 1937/455/2217
f 1937/455/2218 1492/421/2218 1491/420/2218 1940/458/2218
f 1940/458/2219 1491/420/2219 1144/419/2219 1146/464/2219
f 1938/456/2220 1940/458/2220 1146/464/2220 1154/465/2220
f 1939/457/2221 1938/456/2221 1154/465/2221 1152/466/2221
f 1544/467/2222 1939/457/2222 1152/466/2222 1153/468/2222
f 1543/469/2223 1935/453/2223 1939/457/2223 1544/467/2223
f 1542/461/2224 1932/450/2224 1935/453/2224 1543/469/2224
f 1941/1555/2225 1942/1556/2225 1943/1557/2225 1944/1558/2225
f 1942/1556/2226 1945/1559/2226 1946/1560/2226 1943/1557/2226
f 1944/1558/2227 1943/1557/2227 1947/1561/2227 1948/1562/2227
f 1943/1557/2228 1946/1560/2228 1949/1563/2228 1947/1561/2228
f 898/509/2229 897/508/2229 1941/1555/2229 1565/1185/2229
f 897/508/2230 896/507/2230 1942/1556/2230 1941/1555/2230
f 896/507/2231 894/505/2231 1945/1559/2231 1942/1556/2231
f 894/505/2232 893/504/2232 1950/1564/2232 1945/1559/2232
f 1945/1559/2233 1950/1564/2233 1951/1565/2233 1946/1560/2233
f 1946/1560/2234 1951/1565/2234 1952/1566/2234 1949/1563/2234
f 1949/1563/2235 1952/1566/2235 1861/1567/2235 1953/1568/2235
f 1947/1561/2236 1949/1563/2236 1953/1568/2236 1954/1569/2236
f 1948/1562/2237 1947/1561/2237 1954/1569/2237 1955/1570/2237
f 1559/1178/2238 1948/1562/2238 1955/1570/2238 1557/1176/2238
f 1566/1186/2239 1944/1558/2239 1948/1562/2239 1559/1178/2239
f 1565/1185/2240 1941/1555/2240 1944/1558/2240 1566/1186/2240
f 1956/1571/2241 1957/1572/2241 1958/1190/2241 1959/1194/2241
f 1957/1572/2242 1960/1188/2242 1961/1189/2242 1958/1190/2242
f 1959/1194/2243 1958/1190/2243 1962/1193/2243 1963/1196/2243
f 1958/1190/2244 1961/1189/2244 1964/1192/2244 1962/1193/2244
f 1221/840/2245 1219/838/2245 1956/1571/2245 1877/1202/2245
f 1219/838/2246 1218/837/2246 1957/1572/2246 1956/1571/2246
f 1218/837/2247 1217/836/2247 1960/1188/2247 1957/1572/2247
f 1217/836/2248 1216/403/2248 1522/401/2248 1960/1188/2248
f 1960/1188/2249 1522/401/2249 1521/400/2249 1961/1189/2249
f 1961/1189/2250 1521/400/2250 1520/399/2250 1964/1192/2250
f 1964/1192/2251 1520/399/2251 817/398/2251 862/463/2251
f 1962/1193/2252 1964/1192/2252 862/463/2252 861/462/2252
f 1963/1196/2253 1962/1193/2253 861/462/2253 859/460/2253
f 1879/1200/2254 1963/1196/2254 859/460/2254 858/459/2254
f 1878/1201/2255 1959/1194/2255 1963/1196/2255 1879/1200/2255
f 1877/1202/2256 1956/1571/2256 1959/1194/2256 1878/1201/2256
f 1965/1573/2257 1966/1574/2257 1967/1575/2257 1968/1576/2257
f 1966/1574/2258 1969/1577/2258 1970/1578/2258 1967/1575/2258
f 1968/1576/2259 1967/1575/2259 1971/1579/2259 1972/1580/2259
f 1967/1575/2260 1970/1578/2260 1973/1581/2260 1971/1579/2260
f 1930/770/2261 1974/769/2261 1965/1573/2261 1975/1582/2261
f 1974/769/2262 1976/771/2262 1966/1574/2262 1965/1573/2262
f 1976/771/2263 1977/763/2263 1969/1577/2263 1966/1574/2263
f 1977/763/2264 987/761/2264 986/1583/2264 1969/1577/2264
f 1969/1577/2265 986/1583/2265 985/1584/2265 1970/1578/2265
f 1970/1578/2266 985/1584/2266 984/1585/2266 1973/1581/2266
f 1973/1581/2267 984/1585/2267 983/1002/2267 1369/1004/2267
f 1971/1579/2268 1973/1581/2268 1369/1004/2268 1373/1012/2268
f 1972/1580/2269 1971/1579/2269 1373/1012/2269 1372/1011/2269
f 1978/1586/2270 1972/1580/2270 1372/1011/2270 943/559/2270
f 1979/1587/2271 1968/1576/2271 1972/1580/2271 1978/1586/2271
f 1975/1582/2272 1965/1573/2272 1968/1576/2272 1979/1587/2272
f 1980/1588/2273 1981/1589/2273 1982/1590/2273 1983/1591/2273
f 1981/1589/2274 1984/1592/2274 1985/1593/2274 1982/1590/2274
f 1983/1591/2275 1982/1590/2275 1986/1594/2276 1987/1595/2277
f 1982/1590/2278 1985/1593/2278 1988/1596/2279 1986/1594/2279
f 235/1046/2280 264/1597/2280 1980/1588/2280 1404/1047/2280
f 264/1597/2281 263/1598/2281 1981/1589/2281 1980/1588/2281
f 263/1598/2282 262/1599/2282 1984/1592/2282 1981/1589/2282
f 262/1599/2283 213/1600/2283 1989/1601/2283 1984/1592/2283
f 1984/1592/2284 1989/1601/2284 1990/1602/2284 1985/1593/2284
f 1985/1593/2285 1990/1602/2285 1991/1603/2286 1988/1596/2287
f 1988/1596/2287 1991/1603/2286 1066/448/2288 1461/1106/2288
f 1986/1594/2279 1988/1596/2279 1461/1106/2289 1466/1111/2289
f 1987/1595/2277 1986/1594/2276 1466/1111/2290 1465/1110/2290
f 1406/1049/2291 1987/1595/2291 1465/1110/2292 1408/1051/2292
f 1405/1048/2293 1983/1591/2293 1987/1595/2291 1406/1049/2291
f 1404/1047/2294 1980/1588/2294 1983/1591/2294 1405/1048/2294
f 1992/1604/2295 1993/1605/2295 1994/1606/2295 1995/1607/2295
f 1993/1605/2296 1996/1608/2296 1997/1609/2296 1994/1606/2296
f 1995/1607/2297 1994/1606/2297 1998/1610/2298 1999/1611/2299
f 1994/1606/2300 1997/1609/2300 2000/1612/2301 1998/1610/2301
f 120/484/2302 122/1613/2302 1992/1604/2302 879/485/2302
f 122/1613/2303 134/1614/2303 1993/1605/2303 1992/1604/2303
f 134/1614/2304 132/1615/2304 1996/1608/2304 1993/1605/2304
f 132/1615/2305 133/1286/2305 1668/1285/2305 1996/1608/2305
f 1996/1608/2306 1668/1285/2306 1667/1284/2306 1997/1609/2306
f 1997/1609/2307 1667/1284/2307 1666/1283/2308 2000/1612/2308
f 2000/1612/2308 1666/1283/2308 867/588/2309 865/1616/2309
f 1998/1610/2301 2000/1612/2301 865/1616/2310 864/1617/2310
f 1999/1611/2299 1998/1610/2298 864/1617/2311 863/1618/2311
f 881/487/2312 1999/1611/2312 863/1618/2313 813/488/2313
f 880/486/2314 1995/1607/2314 1999/1611/2312 881/487/2312
f 879/485/2315 1992/1604/2315 1995/1607/2315 880/486/2315
f 2001/1619/2316 2002/1620/2316 2003/1621/2316 2004/1622/2316
f 2002/1620/2317 2005/1623/2317 2006/1624/2317 2003/1621/2317
f 2004/1622/2318 2003/1621/2318 2007/1625/2318 2008/1626/2318
f 2003/1621/2319 2006/1624/2319 2009/1627/2319 2007/1625/2319
f 758/349/2320 1891/833/2320 2001/1619/2320 759/369/2320
f 1891/833/2321 1890/834/2321 2002/1620/2321 2001/1619/2321
f 1890/834/2322 1889/1519/2322 2005/1623/2322 2002/1620/2322
f 1889/1519/2323 797/403/2323 1591/1197/2323 2005/1623/2323
f 2005/1623/2324 1591/1197/2324 1600/1204/2324 2006/1624/2324
f 2006/1624/2325 1600/1204/2325 1598/1203/2325 2009/1627/2325
f 2009/1627/2326 1598/1203/2326 1599/840/2326 2010/1628/2326
f 2007/1625/2327 2009/1627/2327 2010/1628/2327 2011/1629/2327
f 2008/1626/2328 2007/1625/2328 2011/1629/2328 2012/1630/2328
f 762/371/2329 2008/1626/2329 2012/1630/2329 763/372/2329
f 761/370/2330 2004/1622/2330 2008/1626/2330 762/371/2330
f 759/369/2331 2001/1619/2331 2004/1622/2331 761/370/2331
f 2013/1631/2332 2014/1632/2333 2015/1633/2333 2016/1634/2332
f 2014/1632/2334 2017/1635/2334 2018/1636/2334 2015/1633/2334
f 2016/1634/2335 2015/1633/2336 2019/1637/2336 2020/1638/2335
f 2015/1633/2337 2018/1636/2337 2021/1639/2337 2019/1637/2337
f 1066/448/2338 1991/1603/2339 2013/1631/2339 1067/1640/2338
f 1991/1603/2339 1990/1602/2340 2014/1632/2340 2013/1631/2339
f 1990/1602/2341 1989/1601/2341 2017/1635/2341 2014/1632/2341
f 1989/1601/2342 213/1600/2342 212/1641/2342 2017/1635/2342
f 2017/1635/2343 212/1641/2343 211/1642/2343 2018/1636/2343
f 2018/1636/2344 211/1642/2344 210/1643/2344 2021/1639/2344
f 2021/1639/2345 210/1643/2345 209/1126/2345 1478/1125/2345
f 2019/1637/2346 2021/1639/2346 1478/1125/2346 1477/1124/2346
f 2020/1638/2347 2019/1637/2348 1477/1124/2348 1476/1122/2347
f 1069/1644/2349 2020/1638/2347 1476/1122/2347 1070/1121/2349
f 1068/1645/2350 2016/1634/2335 2020/1638/2335 1069/1644/2350
f 1067/1640/2351 2013/1631/2332 2016/1634/2332 1068/1645/2351
f 2022/1646/2352 2023/1647/2352 2024/1648/2352 2025/1649/2352
f 2023/1647/2353 2026/1650/2353 2027/1651/2353 2024/1648/2353
f 2025/1649/2354 2024/1648/2354 2028/1652/2354 2029/1653/2354
f 2024/1648/2355 2027/1651/2355 2030/1654/2355 2028/1652/2355
f 1615/1223/2356 1613/1221/2356 2022/1646/2356 2031/1655/2356
f 1613/1221/2357 1612/1220/2357 2023/1647/2357 2022/1646/2357
f 1612/1220/2358 1611/1219/2358 2026/1650/2358 2023/1647/2358
f 1611/1219/2359 1557/1218/2359 1955/1656/2359 2026/1650/2359
f 2026/1650/2360 1955/1656/2360 1954/1657/2360 2027/1651/2360
f 2027/1651/2361 1954/1657/2361 1953/1658/2361 2030/1654/2361
f 2030/1654/2362 1953/1658/2362 1861/1145/2362 1863/1491/2362
f 2028/1652/2363 2030/1654/2363 1863/1491/2363 1867/1493/2363
f 2029/1653/2364 2028/1652/2364 1867/1493/2364 1866/1492/2364
f 2032/1659/2365 2029/1653/2365 1866/1492/2365 1235/854/2365
f 2033/1660/2366 2025/1649/2366 2029/1653/2366 2032/1659/2366
f 2031/1655/2367 2022/1646/2367 2025/1649/2367 2033/1660/2367
f 2034/1661/2368 2035/1662/2368 2036/1663/2368 2037/1664/2368
f 2035/1662/2369 2038/1665/2369 2039/1666/2369 2036/1663/2369
f 2037/1664/2370 2036/1663/2370 2040/1667/2370 2041/1668/2370
f 2036/1663/2371 2039/1666/2371 2042/1669/2371 2040/1667/2371
f 902/1670/2372 1337/1671/2372 2034/1661/2372 1631/1672/2372
f 1337/1671/2373 1336/1673/2373 2035/1662/2373 2034/1661/2373
f 1336/1673/2374 1334/1674/2374 2038/1665/2374 2035/1662/2374
f 1334/1674/2375 1252/867/2375 1254/869/2375 2038/1665/2375
f 2038/1665/2376 1254/869/2376 1258/873/2376 2039/1666/2376
f 2039/1666/2377 1258/873/2377 1257/872/2377 2042/1669/2377
f 2042/1669/2378 1257/872/2378 783/653/2378 1894/1675/2378
f 2040/1667/2379 2042/1669/2379 1894/1675/2379 1893/1676/2379
f 2041/1668/2380 2040/1667/2380 1893/1676/2380 1892/1677/2380
f 1628/1678/2381 2041/1668/2381 1892/1677/2381 1626/344/2381
f 1632/1679/2382 2037/1664/2382 2041/1668/2382 1628/1678/2382
f 1631/1672/2383 2034/1661/2383 2037/1664/2383 1632/1679/2383
f 2043/1680/2384 2044/1681/2384 2045/1682/2384 2046/1683/2384
f 2044/1681/2385 2047/1684/2385 2048/1685/2385 2045/1682/2385
f 2046/1683/2386 2045/1682/2386 2049/1686/2386 2050/1687/2386
f 2045/1682/2387 2048/1685/2387 2051/1688/2387 2049/1686/2387
f 1173/801/2388 1925/1548/2388 2043/1680/2388 1174/617/2388
f 1925/1548/2389 1931/1554/2389 2044/1681/2389 2043/1680/2389
f 1931/1554/2390 1929/1552/2390 2047/1684/2390 2044/1681/2390
f 1929/1552/2391 1930/1553/2391 1975/1689/2391 2047/1684/2391
f 2047/1684/2392 1975/1689/2392 1979/1690/2392 2048/1685/2392
f 2048/1685/2393 1979/1690/2393 1978/1691/2393 2051/1688/2393
f 2051/1688/2394 1978/1691/2394 943/1692/2394 942/1693/2394
f 2049/1686/2395 2051/1688/2395 942/1693/2395 941/1694/2395
f 2050/1687/2396 2049/1686/2396 941/1694/2396 939/1695/2396
f 1176/606/2397 2050/1687/2397 939/1695/2397 938/604/2397
f 1175/619/2398 2046/1683/2398 2050/1687/2398 1176/606/2398
f 1174/617/2399 2043/1680/2399 2046/1683/2399 1175/619/2399
f 2052/1514/2400 2053/1515/2400 2054/1512/2400 2055/1511/2400
f 2053/1515/2401 2056/1518/2401 2057/1516/2401 2054/1512/2401
f 2055/1511/2402 2054/1512/2402 2058/1513/2402 2059/1510/2402
f 2054/1512/2403 2057/1516/2403 2060/1696/2403 2058/1513/2403
f 738/349/2404 737/348/2404 2052/1514/2404 1213/833/2404
f 737/348/2405 736/347/2405 2053/1515/2405 2052/1514/2405
f 736/347/2406 734/345/2406 2056/1518/2406 2053/1515/2406
f 734/345/2407 733/344/2407 2061/1520/2407 2056/1518/2407
f 2056/1518/2408 2061/1520/2408 2062/1521/2408 2057/1516/2408
f 2057/1516/2409 2062/1521/2409 2063/1522/2409 2060/1696/2409
f 2060/1696/2410 2063/1522/2410 1527/389/2410 1525/391/2410
f 2058/1513/2411 2060/1696/2411 1525/391/2411 1524/404/2411
f 2059/1510/2412 2058/1513/2412 1524/404/2412 1523/402/2412
f 1215/835/2413 2059/1510/2413 1523/402/2413 1216/403/2413
f 1214/834/2414 2055/1511/2414 2059/1510/2414 1215/835/2414
f 1213/833/2415 2052/1514/2415 2055/1511/2415 1214/834/2415
f 2064/1697/2416 2065/1698/2416 2066/1699/2416 2067/1700/2416
f 2065/1698/2417 2068/1701/2417 2069/1702/2417 2066/1699/2417
f 2067/1700/2418 2066/1699/2418 2070/1703/2418 2071/1704/2418
f 2066/1699/2419 2069/1702/2419 2072/1705/2419 2070/1703/2419
f 1386/723/2420 1865/1706/2420 2064/1697/2420 1642/1254/2420
f 1865/1706/2421 1864/1707/2421 2065/1698/2421 2064/1697/2421
f 1864/1707/2422 1862/1708/2422 2068/1701/2422 2065/1698/2422
f 1862/1708/2423 1861/1567/2423 1952/1566/2423 2068/1701/2423
f 2068/1701/2424 1952/1566/2424 1951/1565/2424 2069/1702/2424
f 2069/1702/2425 1951/1565/2425 1950/1564/2425 2072/1705/2425
f 2072/1705/2426 1950/1564/2426 893/504/2426 1192/731/2426
f 2070/1703/2427 2072/1705/2427 1192/731/2427 1191/732/2427
f 2071/1704/2428 2070/1703/2428 1191/732/2428 1189/811/2428
f 1644/1256/2429 2071/1704/2429 1189/811/2429 1188/718/2429
f 1643/1255/2430 2067/1700/2430 2071/1704/2430 1644/1256/2430
f 1642/1254/2431 2064/1697/2431 2067/1700/2431 1643/1255/2431
f 2073/1543/2432 2074/1709/2432 2075/1541/2432 2076/1540/2432
f 2074/1709/2433 2077/1710/2433 2078/1545/2433 2075/1541/2433
f 2076/1540/2434 2075/1541/2434 2079/1542/2434 2080/1539/2434
f 2075/1541/2435 2078/1545/2435 2081/1546/2435 2079/1542/2435
f 742/353/2436 2082/1711/2436 2073/1543/2436 1050/681/2436
f 2082/1711/2437 2083/1712/2437 2074/1709/2437 2073/1543/2437
f 2083/1712/2438 2084/1713/2438 2077/1710/2438 2074/1709/2438
f 2084/1713/2439 1822/376/2439 2085/1549/2439 2077/1710/2439
f 2077/1710/2440 2085/1549/2440 2086/1550/2440 2078/1545/2440
f 2078/1545/2441 2086/1550/2441 2087/1551/2441 2081/1546/2441
f 2081/1546/2442 2087/1551/2442 833/1553/2442 2088/1714/2442
f 2079/1542/2443 2081/1546/2443 2088/1714/2443 2089/1554/2443
f 2080/1539/2444 2079/1542/2444 2089/1554/2444 2090/1548/2444
f 1052/683/2445 2080/1539/2445 2090/1548/2445 992/618/2445
f 1051/682/2446 2076/1540/2446 2080/1539/2446 1052/683/2446
f 1050/681/2447 2073/1543/2447 2076/1540/2447 1051/682/2447
f 2091/1715/2448 2092/1716/2448 2093/1717/2448 2094/1718/2448
f 2092/1716/2449 2095/1719/2449 2096/1720/2449 2093/1717/2449
f 2094/1718/2450 2093/1717/2450 2097/1721/2450 2098/1722/2450
f 2093/1717/2451 2096/1720/2451 2099/1723/2451 2097/1721/2451
f 738/349/2452 1212/832/2452 2091/1715/2452 739/350/2452
f 1212/832/2453 1211/831/2453 2092/1716/2453 2091/1715/2453
f 1211/831/2454 1209/829/2454 2095/1719/2454 2092/1716/2454
f 1209/829/2455 1208/828/2455 1825/1724/2455 2095/1719/2455
f 2095/1719/2456 1825/1724/2456 1824/1725/2456 2096/1720/2456
f 2096/1720/2457 1824/1725/2457 1823/1726/2457 2099/1723/2457
f 2099/1723/2458 1823/1726/2458 1822/376/2458 2084/1713/2458
f 2097/1721/2459 2099/1723/2459 2084/1713/2459 2083/1712/2459
f 2098/1722/2460 2097/1721/2460 2083/1712/2460 2082/1711/2460
f 741/352/2461 2098/1722/2461 2082/1711/2461 742/353/2461
f 740/351/2462 2094/1718/2462 2098/1722/2462 741/352/2462
f 739/350/2463 2091/1715/2463 2094/1718/2463 740/351/2463
f 2100/1727/2464 2101/1728/2464 2102/1729/2464 2103/1730/2464
f 2101/1728/2465 2104/1731/2465 2105/1732/2465 2102/1729/2465
f 2103/1730/2466 2102/1729/2466 2106/1733/2466 2107/1734/2466
f 2102/1729/2467 2105/1732/2467 2108/1735/2467 2106/1733/2467
f 1735/509/2468 1734/967/2468 2100/1727/2468 2109/1736/2468
f 1734/967/2469 1733/968/2469 2101/1728/2469 2100/1727/2469
f 1733/968/2470 1731/969/2470 2104/1731/2470 2101/1728/2470
f 1731/969/2471 1730/1350/2471 1906/1534/2471 2104/1731/2471
f 2104/1731/2472 1906/1534/2472 1905/1533/2472 2105/1732/2472
f 2105/1732/2473 1905/1533/2473 1904/1532/2473 2108/1735/2473
f 2108/1735/2474 1904/1532/2474 1027/658/2474 1610/1214/2474
f 2106/1733/2475 2108/1735/2475 1610/1214/2475 1616/1224/2475
f 2107/1734/2476 2106/1733/2476 1616/1224/2476 1614/1222/2476
f 2110/1737/2477 2107/1734/2477 1614/1222/2477 1615/1223/2477
f 2111/1738/2478 2103/1730/2478 2107/1734/2478 2110/1737/2478
f 2109/1736/2479 2100/1727/2479 2103/1730/2479 2111/1738/2479
f 2112/1739/2480 2113/1740/2480 2114/1741/2480 2115/1742/2480
f 2113/1740/2481 2116/1743/2481 2117/1744/2481 2114/1741/2481
f 2115/1742/2482 2114/1741/2482 2118/1745/2482 2119/1746/2482
f 2114/1741/2483 2117/1744/2483 2120/1747/2483 2118/1745/2483
f 1930/1748/2484 1928/1749/2484 2112/1739/2484 1974/1750/2484
f 1928/1749/2485 1927/1751/2485 2113/1740/2485 2112/1739/2485
f 1927/1751/2486 1926/1752/2486 2116/1743/2486 2113/1740/2486
f 1926/1752/2487 767/1753/2487 2121/1754/2487 2116/1743/2487
f 2116/1743/2488 2121/1754/2488 2122/1755/2488 2117/1744/2488
f 2117/1744/2489 2122/1755/2489 2123/1756/2489 2120/1747/2489
f 2120/1747/2490 2123/1756/2490 747/1757/2490 1049/1758/2490
f 2118/1745/2491 2120/1747/2491 1049/1758/2491 1048/1759/2491
f 2119/1746/2492 2118/1745/2492 1048/1759/2492 1047/1760/2492
f 1977/1761/2493 2119/1746/2493 1047/1760/2493 987/1762/2493
f 1976/1763/2494 2115/1742/2494 2119/1746/2494 1977/1761/2494
f 1974/1750/2495 2112/1739/2495 2115/1742/2495 1976/1763/2495
f 2124/1764/2496 2125/1765/2496 2126/1766/2496 2127/1767/2496
f 2125/1765/2497 2128/1768/2497 2129/1769/2497 2126/1766/2497
f 2127/1767/2498 2126/1766/2498 2130/1770/2498 2131/1771/2498
f 2126/1766/2499 2129/1769/2499 2132/1772/2499 2130/1770/2499
f 763/372/2500 2012/1630/2500 2124/1764/2500 2133/1773/2500
f 2012/1630/2501 2011/1629/2501 2125/1765/2501 2124/1764/2501
f 2011/1629/2502 2010/1628/2502 2128/1768/2502 2125/1765/2502
f 2010/1628/2503 1599/840/2503 1799/1413/2503 2128/1768/2503
f 2128/1768/2504 1799/1413/2504 1798/1412/2504 2129/1769/2504
f 2129/1769/2505 1798/1412/2505 1797/1411/2505 2132/1772/2505
f 2132/1772/2506 1797/1411/2506 1527/1410/2506 2063/1774/2506
f 2130/1770/2507 2132/1772/2507 2063/1774/2507 2062/1775/2507
f 2131/1771/2508 2130/1770/2508 2062/1775/2508 2061/1776/2508
f 2134/1777/2509 2131/1771/2509 2061/1776/2509 733/1778/2509
f 2135/1779/2510 2127/1767/2510 2131/1771/2510 2134/1777/2510
f 2133/1773/2511 2124/1764/2511 2127/1767/2511 2135/1779/2511
f 2136/1780/2512 2137/1781/2512 2138/1782/2512 2139/1783/2512
f 2137/1781/2513 2140/1784/2513 2141/1785/2513 2138/1782/2513
f 2139/1783/2514 2138/1782/2514 2142/1786/2514 2143/1787/2514
f 2138/1782/2515 2141/1785/2515 2144/1788/2515 2142/1786/2515
f 1252/867/2516 1335/964/2516 2136/1780/2516 1253/868/2516
f 1335/964/2517 1343/972/2517 2137/1781/2517 2136/1780/2517
f 1343/972/2518 1341/970/2518 2140/1784/2518 2137/1781/2518
f 1341/970/2519 1342/971/2519 1769/1377/2519 2140/1784/2519
f 2140/1784/2520 1769/1377/2520 1768/1376/2520 2141/1785/2520
f 2141/1785/2521 1768/1376/2521 1767/1375/2521 2144/1788/2521
f 2144/1788/2522 1767/1375/2522 1075/707/2522 1114/745/2522
f 2142/1786/2523 2144/1788/2523 1114/745/2523 1113/744/2523
f 2143/1787/2524 2142/1786/2524 1113/744/2524 1111/742/2524
f 1256/871/2525 2143/1787/2525 1111/742/2525 1110/662/2525
f 1255/870/2526 2139/1783/2526 2143/1787/2526 1256/871/2526
f 1253/868/2527 2136/1780/2527 2139/1783/2527 1255/870/2527
f 2145/1789/2528 2146/1790/2528 2147/1791/2528 2148/1792/2528
f 2146/1790/2529 2149/1793/2529 2150/1794/2529 2147/1791/2529
f 2148/1792/2530 2147/1791/2530 2151/1795/2530 2152/1796/2530
f 2147/1791/2531 2150/1794/2531 2153/1797/2531 2151/1795/2531
f 1822/1444/2532 1821/1443/2532 2145/1789/2532 2085/1798/2532
f 1821/1443/2533 1820/1442/2533 2146/1790/2533 2145/1789/2533
f 1820/1442/2534 1818/1440/2534 2149/1793/2534 2146/1790/2534
f 1818/1440/2535 1094/727/2535 1093/726/2535 2149/1793/2535
f 2149/1793/2536 1093/726/2536 1092/725/2536 2150/1794/2536
f 2150/1794/2537 1092/725/2537 1091/724/2537 2153/1797/2537
f 2153/1797/2538 1091/724/2538 838/723/2538 837/1799/2538
f 2151/1795/2539 2153/1797/2539 837/1799/2539 836/1800/2539
f 2152/1796/2540 2151/1795/2540 836/1800/2540 834/1801/2540
f 2087/1802/2541 2152/1796/2541 834/1801/2541 833/1803/2541
f 2086/1804/2542 2148/1792/2542 2152/1796/2542 2087/1802/2542
f 2085/1798/2543 2145/1789/2543 2148/1792/2543 2086/1804/2543
f 2154/1805/2544 2155/1806/2544 2156/1807/2544 2157/1808/2544
f 2155/1806/2545 2158/1809/2545 2159/1810/2545 2156/1807/2545
f 2157/1808/2546 2156/1807/2546 2160/1811/2546 2161/1812/2546
f 2156/1807/2547 2159/1810/2547 2162/1813/2547 2160/1811/2547
f 747/1757/2548 2123/1814/2548 2154/1805/2548 746/1815/2548
f 2123/1814/2549 2122/1816/2549 2155/1806/2549 2154/1805/2549
f 2122/1816/2550 2121/1817/2550 2158/1809/2550 2155/1806/2550
f 2121/1817/2551 767/376/2551 766/375/2551 2158/1809/2551
f 2158/1809/2552 766/375/2552 765/374/2552 2159/1810/2552
f 2159/1810/2553 765/374/2553 764/373/2553 2162/1813/2553
f 2162/1813/2554 764/373/2554 763/372/2554 2133/1773/2554
f 2160/1811/2555 2162/1813/2555 2133/1773/2555 2135/1779/2555
f 2161/1812/2556 2160/1811/2556 2135/1779/2556 2134/1777/2556
f 735/1818/2557 2161/1812/2557 2134/1777/2557 733/1778/2557
f 748/1819/2558 2157/1808/2558 2161/1812/2558 735/1818/2558
f 746/1815/2559 2154/1805/2559 2157/1808/2559 748/1819/2559
f 2163/1820/2560 2164/1821/2561 2165/1822/2562 2166/1823/2562
f 2164/1821/2563 2167/1824/2564 2168/1825/2565 2165/1822/2566
f 2166/1823/2567 2165/1822/2567 2169/1826/2567 2170/1827/2567
f 2165/1822/2568 2168/1825/2569 2171/1828/2568 2169/1826/2569
f 983/1002/2570 982/1829/2570 2163/1820/2571 1368/1003/2572
f 982/1829/2573 981/1830/2573 2164/1821/2561 2163/1820/2560
f 981/1830/2574 979/1831/2574 2167/1824/2564 2164/1821/2563
f 979/1831/2575 978/987/2575 1355/986/2576 2167/1824/2576
f 2167/1824/2576 1355/986/2576 1354/985/2577 2168/1825/2577
f 2168/1825/2578 1354/985/2578 1353/983/2578 2171/1828/2578
f 2171/1828/2579 1353/983/2579 570/982/2579 613/1832/2579
f 2169/1826/2580 2171/1828/2580 613/1832/2580 612/1833/2580
f 2170/1827/2581 2169/1826/2581 612/1833/2581 611/1834/2581
f 1371/1006/2582 2170/1827/2582 611/1834/2582 610/1007/2582
f 1370/1005/2583 2166/1823/2583 2170/1827/2583 1371/1006/2583
f 1368/1003/2572 2163/1820/2571 2166/1823/2584 1370/1005/2584
f 2172/688/2585 2173/1835/2585 2174/686/2585 2175/685/2585
f 2173/1835/2586 2176/692/2586 2177/690/2586 2174/686/2586
f 2175/685/2587 2174/686/2587 2178/1836/2587 2179/1837/2587
f 2174/686/2588 2177/690/2588 2180/1838/2588 2178/1836/2588
f 967/698/2589 1711/699/2589 2172/688/2589 966/697/2589
f 1711/699/2590 1710/700/2590 2173/1835/2590 2172/688/2590
f 1710/700/2591 1709/701/2591 2176/692/2591 2173/1835/2591
f 1709/701/2592 1399/702/2592 1699/703/2592 2176/692/2592
f 2176/692/2593 1699/703/2593 1698/704/2593 2177/690/2593
f 2177/690/2594 1698/704/2594 1697/705/2594 2180/1838/2594
f 2180/1838/2595 1697/705/2595 1696/707/2595 1782/1390/2595
f 2178/1836/2596 2180/1838/2596 1782/1390/2596 1781/1389/2596
f 2179/1837/2597 2178/1836/2597 1781/1389/2597 1779/1387/2597
f 960/694/2598 2179/1837/2598 1779/1387/2598 958/693/2598
f 968/696/2599 2175/685/2599 2179/1837/2599 960/694/2599
f 966/697/2600 2172/688/2600 2175/685/2600 968/696/2600
f 2181/1839/2601 2182/1840/2601 2183/1841/2601 2184/1842/2601
f 2182/1840/2602 2185/1843/2602 2186/1844/2602 2183/1841/2602
f 2184/1842/2603 2183/1841/2603 2187/1845/2603 2188/1846/2603
f 2183/1841/2604 2186/1844/2604 2189/1847/2604 2187/1845/2604
f 1099/504/2605 1097/730/2605 2181/1839/2605 2190/1848/2605
f 1097/730/2606 1096/729/2606 2182/1840/2606 2181/1839/2606
f 1096/729/2607 1095/728/2607 2185/1843/2607 2182/1840/2607
f 1095/728/2608 1094/727/2608 1819/1441/2608 2185/1843/2608
f 2185/1843/2609 1819/1441/2609 1830/1453/2609 2186/1844/2609
f 2186/1844/2610 1830/1453/2610 1829/1452/2610 2189/1847/2610
f 2189/1847/2611 1829/1452/2611 1739/1355/2611 1738/1354/2611
f 2187/1845/2612 2189/1847/2612 1738/1354/2612 1737/1353/2612
f 2188/1846/2613 2187/1845/2613 1737/1353/2613 1736/1352/2613
f 2191/508/2614 2188/1846/2614 1736/1352/2614 1735/509/2614
f 2192/1849/2615 2184/1842/2615 2188/1846/2615 2191/508/2615
f 2190/1848/2616 2181/1839/2616 2184/1842/2616 2192/1849/2616
f 2193/1680/2617 2194/1681/2617 2195/1682/2617 2196/1683/2617
f 2194/1681/2618 2197/1684/2618 2198/1685/2618 2195/1682/2618
f 2196/1683/2619 2195/1682/2619 2199/1686/2619 2200/1687/2619
f 2195/1682/2620 2198/1685/2620 2201/1688/2620 2199/1686/2620
f 992/618/2621 2090/1548/2621 2193/1680/2621 991/617/2621
f 2090/1548/2622 2089/1554/2622 2194/1681/2622 2193/1680/2622
f 2089/1554/2623 2088/1714/2623 2197/1684/2623 2194/1681/2623
f 2088/1714/2624 833/1553/2624 835/1689/2624 2197/1684/2624
f 2197/1684/2625 835/1689/2625 848/1690/2625 2198/1685/2625
f 2198/1685/2626 848/1690/2626 846/1691/2626 2201/1688/2626
f 2201/1688/2627 846/1691/2627 847/1692/2627 1358/1693/2627
f 2199/1686/2628 2201/1688/2628 1358/1693/2628 1357/1694/2628
f 2200/1687/2629 2199/1686/2629 1357/1694/2629 1356/1695/2629
f 980/606/2630 2200/1687/2630 1356/1695/2630 978/604/2630
f 993/619/2631 2196/1683/2631 2200/1687/2631 980/606/2631
f 991/617/2632 2193/1680/2632 2196/1683/2632 993/619/2632
f 2202/1850/2633 2203/1851/2633 2204/1852/2633 2205/1853/2633
f 2203/1851/2634 2206/1854/2634 2207/1855/2634 2204/1852/2634
f 2205/1853/2635 2204/1852/2635 2208/1856/2635 2209/1857/2635
f 2204/1852/2636 2207/1855/2636 2210/1858/2636 2208/1856/2636
f 1235/854/2637 1234/853/2637 2202/1850/2637 2032/1659/2637
f 1234/853/2638 1233/852/2638 2203/1851/2638 2202/1850/2638
f 1233/852/2639 1232/851/2639 2206/1854/2639 2203/1851/2639
f 1232/851/2640 1099/504/2640 2190/1848/2640 2206/1854/2640
f 2206/1854/2641 2190/1848/2641 2192/1849/2641 2207/1855/2641
f 2207/1855/2642 2192/1849/2642 2191/508/2642 2210/1858/2642
f 2210/1858/2643 2191/508/2643 1735/509/2643 2109/1736/2643
f 2208/1856/2644 2210/1858/2644 2109/1736/2644 2111/1738/2644
f 2209/1857/2645 2208/1856/2645 2111/1738/2645 2110/1737/2645
f 2031/1655/2646 2209/1857/2646 2110/1737/2646 1615/1223/2646
f 2033/1660/2647 2205/1853/2647 2209/1857/2647 2031/1655/2647
f 2032/1659/2648 2202/1850/2648 2205/1853/2648 2033/1660/2648
