# Blender 5.2.0 LTS
# www.blender.org
mtllib void knife white.mtl
o Cube.002
v 0.478739 -0.199228 -0.004716
v 0.311945 -0.580830 -0.036797
v 0.333344 -0.463800 -0.004722
v 0.053520 -1.928563 -0.004721
v 0.209227 -1.513427 0.027648
v 0.088444 -1.745572 0.027648
v 0.210509 -1.640090 -0.004721
v 0.400270 -0.810478 -0.036797
v 0.449694 -0.759997 -0.004722
v 0.400270 -0.810478 0.027648
v 0.157582 -0.746373 -0.036797
v 0.132873 -0.677567 -0.004722
v 0.088444 -1.745572 -0.036797
v 0.097576 -1.453618 -0.036797
v 0.057744 -1.563036 -0.004721
v 0.097576 -1.453618 0.027648
v 0.425463 -0.358399 0.025803
v 0.157582 -0.746373 0.027648
v 0.311945 -0.580830 0.027648
v 0.209227 -1.513427 -0.036797
v 0.425463 -0.358399 -0.034959
v -0.311945 -0.580830 -0.036797
v -0.478739 -0.199228 -0.004716
v -0.333344 -0.463800 -0.004722
v -0.209227 -1.513427 0.027648
v -0.053520 -1.928563 -0.004721
v -0.088444 -1.745572 0.027648
v -0.400270 -0.810478 -0.036797
v -0.210509 -1.640090 -0.004721
v -0.449694 -0.759997 -0.004722
v -0.400270 -0.810478 0.027648
v -0.157582 -0.746373 -0.036797
v -0.132873 -0.677567 -0.004722
v -0.088444 -1.745572 -0.036797
v -0.097576 -1.453618 -0.036797
v -0.057744 -1.563036 -0.004721
v -0.097576 -1.453618 0.027648
v -0.425463 -0.358399 0.025803
v -0.157582 -0.746373 0.027648
v -0.311945 -0.580830 0.027648
v -0.209227 -1.513427 -0.036797
v -0.425463 -0.358399 -0.034959
v 0.311945 0.580830 -0.036798
v 0.478739 0.199228 -0.004716
v 0.333344 0.463800 -0.004722
v 0.209227 1.513427 0.027648
v 0.053520 1.928563 -0.004722
v 0.088444 1.745572 0.027648
v 0.400270 0.810478 -0.036798
v 0.210509 1.640090 -0.004722
v 0.449694 0.759997 -0.004722
v 0.400270 0.810478 0.027648
v 0.157582 0.746373 -0.036798
v 0.132873 0.677567 -0.004722
v 0.088444 1.745572 -0.036798
v 0.097576 1.453618 -0.036798
v 0.057744 1.563036 -0.004722
v 0.097576 1.453618 0.027648
v 0.425463 0.358399 0.025803
v 0.157582 0.746373 0.027648
v 0.311945 0.580830 0.027648
v 0.209227 1.513427 -0.036798
v 0.425463 0.358399 -0.034959
v -0.478739 0.199228 -0.004716
v -0.311945 0.580830 -0.036798
v -0.333344 0.463800 -0.004722
v -0.053520 1.928563 -0.004722
v -0.209227 1.513427 0.027648
v -0.088444 1.745572 0.027648
v -0.210509 1.640090 -0.004722
v -0.400270 0.810478 -0.036798
v -0.449694 0.759997 -0.004722
v -0.400270 0.810478 0.027648
v -0.157582 0.746373 -0.036798
v -0.132873 0.677567 -0.004722
v -0.088444 1.745572 -0.036798
v -0.097576 1.453618 -0.036798
v -0.057744 1.563036 -0.004722
v -0.097576 1.453618 0.027648
v -0.425463 0.358399 0.025803
v -0.157582 0.746373 0.027648
v -0.311945 0.580830 0.027648
v -0.209227 1.513427 -0.036798
v -0.425463 0.358399 -0.034959
vn -0.5687 0.3125 -0.7609
vn 0.4593 -0.2390 0.8555
vn 0.6575 -0.1787 -0.7319
vn 0.6607 -0.1796 0.7288
vn -0.3230 0.3027 -0.8967
vn -0.3260 0.3044 -0.8950
vn -0.3224 0.3024 -0.8970
vn 0.5571 -0.0280 -0.8300
vn 0.5632 -0.0290 -0.8258
vn 0.5650 -0.0293 -0.8246
vn 0.0008 0.0003 -1.0000
vn 0.0060 0.0023 -1.0000
vn -0.0000 -0.0000 -1.0000
vn -0.6394 0.0074 -0.7688
vn -0.7228 0.0613 -0.6883
vn -0.7228 0.0613 -0.6884
vn -0.0000 -0.0000 1.0000
vn 0.0003 0.0006 1.0000
vn 0.0008 0.0015 1.0000
vn 0.5607 -0.0282 0.8276
vn 0.5667 -0.0292 0.8234
vn 0.5579 -0.0277 0.8294
vn -0.7259 0.0616 0.6850
vn -0.7259 0.0616 0.6851
vn -0.3254 0.3049 0.8951
vn -0.3284 0.3066 0.8934
vn -0.3294 0.3072 0.8928
vn 0.4563 -0.2374 -0.8576
vn -0.5717 0.3142 0.7579
vn -0.7423 0.0232 0.6696
vn -0.6738 0.3493 -0.6512
vn 0.4082 -0.2221 0.8854
vn -0.3270 0.3049 -0.8945
vn 0.5544 -0.0275 -0.8318
vn 0.0092 0.0036 -1.0000
vn -0.7393 0.0231 -0.6730
vn -0.0189 0.0051 0.9998
vn 0.0313 -0.0077 0.9995
vn 0.5685 -0.0295 0.8221
vn -0.3248 0.3046 0.8954
vn 0.4053 -0.2206 -0.8872
vn -0.6765 0.3506 0.6477
vn -0.6429 0.0074 0.7660
vn 0.5687 0.3125 -0.7609
vn -0.4593 -0.2390 0.8555
vn -0.6575 -0.1787 -0.7319
vn -0.6607 -0.1796 0.7288
vn 0.3260 0.3044 -0.8950
vn 0.3230 0.3027 -0.8967
vn 0.3224 0.3024 -0.8970
vn -0.5632 -0.0290 -0.8258
vn -0.5571 -0.0280 -0.8300
vn -0.5650 -0.0293 -0.8246
vn -0.0060 0.0023 -1.0000
vn -0.0008 0.0003 -1.0000
vn 0.6394 0.0074 -0.7688
vn 0.7228 0.0613 -0.6884
vn 0.7228 0.0613 -0.6883
vn -0.0003 0.0006 1.0000
vn -0.0008 0.0015 1.0000
vn -0.5667 -0.0292 0.8234
vn -0.5607 -0.0282 0.8276
vn -0.5579 -0.0277 0.8294
vn 0.7259 0.0616 0.6851
vn 0.7259 0.0616 0.6850
vn 0.3284 0.3066 0.8934
vn 0.3254 0.3049 0.8951
vn 0.3294 0.3072 0.8928
vn -0.4563 -0.2374 -0.8576
vn 0.5717 0.3142 0.7579
vn 0.7423 0.0232 0.6696
vn 0.6738 0.3493 -0.6512
vn -0.4082 -0.2221 0.8854
vn 0.3270 0.3049 -0.8945
vn -0.5544 -0.0275 -0.8318
vn -0.0092 0.0036 -1.0000
vn 0.7393 0.0231 -0.6730
vn 0.0189 0.0051 0.9998
vn -0.0313 -0.0077 0.9995
vn -0.5685 -0.0295 0.8221
vn 0.3248 0.3046 0.8954
vn -0.4053 -0.2206 -0.8872
vn 0.6765 0.3506 0.6477
vn 0.6429 0.0074 0.7660
vn -0.5687 -0.3125 -0.7609
vn 0.4594 0.2390 0.8555
vn 0.6575 0.1787 -0.7319
vn 0.6607 0.1796 0.7288
vn -0.3260 -0.3044 -0.8950
vn -0.3230 -0.3027 -0.8967
vn -0.3224 -0.3024 -0.8970
vn 0.5632 0.0290 -0.8258
vn 0.5571 0.0280 -0.8299
vn 0.5650 0.0293 -0.8246
vn 0.0060 -0.0023 -1.0000
vn 0.0008 -0.0003 -1.0000
vn -0.6394 -0.0074 -0.7688
vn -0.7228 -0.0613 -0.6884
vn -0.7228 -0.0613 -0.6883
vn 0.0003 -0.0006 1.0000
vn 0.0008 -0.0015 1.0000
vn 0.5667 0.0292 0.8234
vn 0.5607 0.0282 0.8276
vn 0.5579 0.0277 0.8294
vn -0.7259 -0.0616 0.6850
vn -0.3284 -0.3066 0.8934
vn -0.3254 -0.3049 0.8951
vn -0.3294 -0.3072 0.8928
vn 0.4563 0.2374 -0.8576
vn -0.5717 -0.3142 0.7579
vn -0.7423 -0.0232 0.6696
vn -0.6738 -0.3492 -0.6512
vn 0.4082 0.2222 0.8854
vn -0.3270 -0.3050 -0.8945
vn 0.5544 0.0275 -0.8318
vn 0.0092 -0.0036 -1.0000
vn -0.7393 -0.0231 -0.6730
vn -0.0189 -0.0051 0.9998
vn 0.0313 0.0077 0.9995
vn 0.5685 0.0295 0.8221
vn -0.3248 -0.3046 0.8954
vn 0.4053 0.2206 -0.8872
vn -0.6765 -0.3506 0.6477
vn -0.6429 -0.0074 0.7659
vn 0.5687 -0.3125 -0.7609
vn -0.4594 0.2390 0.8555
vn -0.6575 0.1787 -0.7319
vn -0.6607 0.1796 0.7288
vn 0.3230 -0.3027 -0.8967
vn 0.3260 -0.3044 -0.8950
vn 0.3224 -0.3024 -0.8970
vn -0.5571 0.0280 -0.8299
vn -0.5632 0.0290 -0.8258
vn -0.5650 0.0293 -0.8246
vn -0.0008 -0.0003 -1.0000
vn -0.0060 -0.0023 -1.0000
vn 0.6394 -0.0074 -0.7688
vn 0.7228 -0.0613 -0.6883
vn 0.7228 -0.0613 -0.6884
vn -0.0003 -0.0006 1.0000
vn -0.0008 -0.0015 1.0000
vn -0.5607 0.0282 0.8276
vn -0.5667 0.0292 0.8234
vn -0.5579 0.0277 0.8294
vn 0.7259 -0.0616 0.6850
vn 0.3254 -0.3049 0.8951
vn 0.3284 -0.3066 0.8934
vn 0.3294 -0.3072 0.8928
vn -0.4563 0.2374 -0.8576
vn 0.5717 -0.3142 0.7579
vn 0.7423 -0.0232 0.6696
vn 0.6738 -0.3492 -0.6512
vn -0.4082 0.2222 0.8854
vn 0.3270 -0.3050 -0.8945
vn -0.5544 0.0275 -0.8318
vn -0.0092 -0.0036 -1.0000
vn 0.7393 -0.0231 -0.6730
vn 0.0189 -0.0051 0.9998
vn -0.0313 0.0077 0.9995
vn -0.5685 0.0295 0.8221
vn 0.3248 -0.3046 0.8954
vn -0.4053 0.2206 -0.8872
vn 0.6765 -0.3506 0.6477
vn 0.6429 -0.0074 0.7659
vt 0.426887 0.806059
vt 0.400652 0.691061
vt 0.426887 0.691061
vt 0.973765 0.985467
vt 1.000000 0.909589
vt 1.000000 0.985467
vt 0.973765 0.909589
vt 0.947531 0.599140
vt 0.973765 0.599140
vt 1.000000 0.599140
vt 0.400652 0.563377
vt 0.426887 0.563377
vt 0.973765 0.468478
vt 0.343778 0.049798
vt 0.440562 0.131018
vt 0.288127 0.499278
vt 0.224299 0.124068
vt 0.197413 0.563377
vt 0.118404 0.102499
vt 0.012509 0.080930
vt 0.114322 0.069426
vt 0.223765 0.499278
vt 1.000000 0.468478
vt 0.453121 0.563377
vt 0.453121 0.691061
vt 0.947531 0.909589
vt 0.947531 0.985467
vt 0.223648 0.563377
vt 0.400652 0.806059
vt 0.947531 0.468478
vt 0.223765 0.093975
vt 0.447531 0.000000
vt 0.338087 0.429853
vt 0.171179 0.563377
vt 0.120013 0.449480
vt 0.000000 0.405303
vt 0.064361 0.000000
vt 0.216797 0.368260
vt 0.453121 0.806059
s 1
usemtl none.002
f 1/1/1 2/2/1 3/3/1
f 4/4/2 5/5/2 6/6/2
f 7/7/3 8/8/3 9/9/3
f 10/10/4 7/7/4 9/9/4
f 3/3/5 11/11/6 12/12/7
f 8/8/8 1/13/9 9/9/10
f 2/14/11 8/15/12 13/16/13
f 14/17/14 4/18/14 15/19/14
f 11/11/15 15/19/16 12/12/15
f 16/20/17 5/21/18 17/22/19
f 10/10/20 1/13/21 17/23/22
f 18/24/23 15/19/24 16/20/24
f 3/3/25 18/24/26 19/25/27
f 20/26/28 4/4/28 13/27/28
f 19/25/29 1/1/29 3/3/29
f 16/20/30 4/18/30 6/28/30
f 1/1/31 21/29/31 2/2/31
f 4/4/32 7/7/32 5/5/32
f 7/7/3 20/26/3 8/8/3
f 10/10/4 5/5/4 7/7/4
f 3/3/5 2/2/33 11/11/6
f 8/8/8 21/30/34 1/13/9
f 13/16/13 14/17/13 11/31/13
f 2/14/11 21/32/35 8/15/12
f 13/16/13 11/31/13 2/14/11
f 8/15/12 20/33/13 13/16/13
f 14/17/36 13/34/36 4/18/36
f 11/11/15 14/17/16 15/19/16
f 19/35/17 18/36/17 16/20/17
f 16/20/17 6/37/17 5/21/18
f 5/21/37 10/38/37 17/22/37
f 17/22/38 19/35/38 16/20/38
f 10/10/20 9/9/39 1/13/21
f 18/24/23 12/12/23 15/19/24
f 3/3/25 12/12/40 18/24/26
f 20/26/41 7/7/41 4/4/41
f 19/25/42 17/39/42 1/1/42
f 16/20/43 15/19/43 4/18/43
f 22/2/44 23/1/44 24/3/44
f 25/5/45 26/4/45 27/6/45
f 28/8/46 29/7/46 30/9/46
f 29/7/47 31/10/47 30/9/47
f 32/11/48 24/3/49 33/12/50
f 23/13/51 28/8/52 30/9/53
f 28/15/54 22/14/55 34/16/13
f 26/18/56 35/17/56 36/19/56
f 36/19/57 32/11/58 33/12/58
f 25/21/59 37/20/17 38/22/60
f 23/13/61 31/10/62 38/23/63
f 36/19/64 39/24/65 37/20/64
f 39/24/66 24/3/67 40/25/68
f 26/4/69 41/26/69 34/27/69
f 23/1/70 40/25/70 24/3/70
f 26/18/71 37/20/71 27/28/71
f 42/29/72 23/1/72 22/2/72
f 29/7/73 26/4/73 25/5/73
f 41/26/46 29/7/46 28/8/46
f 25/5/47 31/10/47 29/7/47
f 22/2/74 24/3/49 32/11/48
f 42/30/75 28/8/52 23/13/51
f 35/17/13 34/16/13 32/31/13
f 42/32/76 22/14/55 28/15/54
f 32/31/13 34/16/13 22/14/55
f 41/33/13 28/15/54 34/16/13
f 34/34/77 35/17/77 26/18/77
f 35/17/57 32/11/58 36/19/57
f 39/36/17 40/35/17 37/20/17
f 27/37/17 37/20/17 25/21/59
f 31/38/78 25/21/78 38/22/78
f 40/35/79 38/22/79 37/20/79
f 30/9/80 31/10/62 23/13/61
f 33/12/65 39/24/65 36/19/64
f 33/12/81 24/3/67 39/24/66
f 29/7/82 41/26/82 26/4/82
f 38/39/83 40/25/83 23/1/83
f 36/19/84 37/20/84 26/18/84
f 43/2/85 44/1/85 45/3/85
f 46/5/86 47/4/86 48/6/86
f 49/8/87 50/7/87 51/9/87
f 50/7/88 52/10/88 51/9/88
f 53/11/89 45/3/90 54/12/91
f 44/13/92 49/8/93 51/9/94
f 49/15/95 43/14/96 55/16/13
f 47/18/97 56/17/97 57/19/97
f 57/19/98 53/11/99 54/12/99
f 46/21/100 58/20/17 59/22/101
f 44/13/102 52/10/103 59/23/104
f 57/19/105 60/24/105 58/20/105
f 60/24/106 45/3/107 61/25/108
f 47/4/109 62/26/109 55/27/109
f 44/1/110 61/25/110 45/3/110
f 47/18/111 58/20/111 48/28/111
f 63/29/112 44/1/112 43/2/112
f 50/7/113 47/4/113 46/5/113
f 62/26/87 50/7/87 49/8/87
f 46/5/88 52/10/88 50/7/88
f 43/2/114 45/3/90 53/11/89
f 63/30/115 49/8/93 44/13/92
f 56/17/13 55/16/13 53/31/13
f 63/32/116 43/14/96 49/15/95
f 53/31/13 55/16/13 43/14/96
f 62/33/13 49/15/95 55/16/13
f 55/34/117 56/17/117 47/18/117
f 56/17/98 53/11/99 57/19/98
f 60/36/17 61/35/17 58/20/17
f 48/37/17 58/20/17 46/21/100
f 52/38/118 46/21/118 59/22/118
f 61/35/119 59/22/119 58/20/119
f 51/9/120 52/10/103 44/13/102
f 54/12/105 60/24/105 57/19/105
f 54/12/121 45/3/107 60/24/106
f 50/7/122 62/26/122 47/4/122
f 59/39/123 61/25/123 44/1/123
f 57/19/124 58/20/124 47/18/124
f 64/1/125 65/2/125 66/3/125
f 67/4/126 68/5/126 69/6/126
f 70/7/127 71/8/127 72/9/127
f 73/10/128 70/7/128 72/9/128
f 66/3/129 74/11/130 75/12/131
f 71/8/132 64/13/133 72/9/134
f 65/14/135 71/15/136 76/16/13
f 77/17/137 67/18/137 78/19/137
f 74/11/138 78/19/139 75/12/138
f 79/20/17 68/21/140 80/22/141
f 73/10/142 64/13/143 80/23/144
f 81/24/145 78/19/145 79/20/145
f 66/3/146 81/24/147 82/25/148
f 83/26/149 67/4/149 76/27/149
f 82/25/150 64/1/150 66/3/150
f 79/20/151 67/18/151 69/28/151
f 64/1/152 84/29/152 65/2/152
f 67/4/153 70/7/153 68/5/153
f 70/7/127 83/26/127 71/8/127
f 73/10/128 68/5/128 70/7/128
f 66/3/129 65/2/154 74/11/130
f 71/8/132 84/30/155 64/13/133
f 76/16/13 77/17/13 74/31/13
f 65/14/135 84/32/156 71/15/136
f 76/16/13 74/31/13 65/14/135
f 71/15/136 83/33/13 76/16/13
f 77/17/157 76/34/157 67/18/157
f 74/11/138 77/17/139 78/19/139
f 82/35/17 81/36/17 79/20/17
f 79/20/17 69/37/17 68/21/140
f 68/21/158 73/38/158 80/22/158
f 80/22/159 82/35/159 79/20/159
f 73/10/142 72/9/160 64/13/143
f 81/24/145 75/12/145 78/19/145
f 66/3/146 75/12/161 81/24/147
f 83/26/162 70/7/162 67/4/162
f 82/25/163 80/39/163 64/1/163
f 79/20/164 78/19/164 67/18/164
o RenderMesh_87127434278076.002
v -0.086921 -0.044450 0.290382
v 0.014544 1.191471 -0.061924
v 0.013630 0.992477 -0.066760
v 0.016828 0.917392 -0.067712
v 0.018720 0.992480 -0.065251
v 0.022429 0.774328 -0.070597
v 0.018562 0.755223 -0.072326
v 0.014322 0.774322 -0.072999
v -0.000987 1.674753 -0.013326
v 0.000609 1.296020 -0.061972
v 0.025882 1.296064 -0.054432
v 0.029830 1.035724 -0.059134
v 0.000890 1.035679 -0.067750
v 0.039678 0.587647 -0.072179
v 0.034237 0.791405 -0.064675
v 0.027677 0.580127 -0.078204
v 0.021414 0.572390 -0.080546
v 0.001582 0.587588 -0.083493
v 0.014877 0.580111 -0.081994
v 0.001219 0.791356 -0.074495
v -0.039853 1.191968 0.026745
v -0.041912 0.993024 0.033660
v -0.045330 0.917953 0.033735
v -0.045579 0.993019 0.029802
v -0.051929 0.774924 0.035067
v -0.049483 0.755832 0.038711
v -0.046099 0.774932 0.041197
v -0.027575 1.296552 0.032541
v -0.045724 1.296447 0.013385
v -0.052037 1.036167 0.018511
v -0.031296 1.036268 0.040362
v -0.068028 0.588213 0.029990
v -0.059146 0.791908 0.023895
v -0.060667 0.580786 0.041246
v -0.056428 0.573075 0.046485
v -0.040706 0.588338 0.058746
v -0.051470 0.580814 0.050914
v -0.035477 0.792015 0.048820
v 0.084048 0.445234 -0.035691
v 0.097421 0.363970 -0.041467
v 0.100916 0.363543 -0.029595
v 0.086762 0.442364 -0.026697
v 0.103162 0.364126 -0.017435
v 0.088404 0.445357 -0.017484
v 0.111340 0.320611 -0.047431
v 0.115690 0.320821 -0.032865
v 0.118387 0.320802 -0.017905
v 0.067025 0.587853 -0.043278
v 0.078358 0.448160 -0.048543
v 0.072423 0.580460 -0.030968
v 0.074472 0.572783 -0.024570
v 0.075527 0.580550 -0.018018
v 0.089135 0.448451 -0.003481
v 0.076274 0.588107 -0.004675
v 0.103902 0.364870 -0.002573
v 0.119137 0.320808 -0.001885
v 0.134366 0.295792 -0.019056
v 0.135087 0.295862 -0.001289
v 0.131361 0.295718 -0.036449
v 0.126188 0.295574 -0.053325
v 0.104771 0.320427 -0.062063
v 0.118806 0.295436 -0.069504
v 0.091361 0.364535 -0.055070
v -0.065797 0.774581 -0.022771
v -0.065206 0.755451 -0.026950
v -0.059698 0.917602 -0.026264
v -0.058349 0.992699 -0.023491
v -0.052400 1.191658 -0.025689
v -0.056813 0.992664 -0.028647
v -0.063358 0.774524 -0.030963
v -0.077322 0.587986 -0.008789
v -0.075851 0.580420 -0.022071
v -0.067206 0.791705 -0.009750
v -0.059105 1.035986 -0.011000
v -0.074422 0.572649 -0.028610
v -0.051873 1.296290 -0.012342
v -0.044326 1.296140 -0.037699
v -0.050485 1.035808 -0.039969
v -0.065977 0.587747 -0.046934
v -0.057369 0.791498 -0.042810
v -0.072022 0.580333 -0.034939
v -0.066530 0.774754 0.003569
v -0.059062 0.992868 0.002064
v -0.060580 0.917817 0.005687
v -0.066172 0.755686 0.008019
v -0.064529 0.774806 0.011919
v -0.057798 0.992902 0.007342
v -0.053169 1.191838 0.002216
v -0.076592 0.580593 0.004664
v -0.075522 0.572907 0.011378
v -0.073456 0.580669 0.017754
v 0.042277 0.775012 0.043496
v 0.038238 0.993088 0.035719
v 0.041762 0.918012 0.035942
v 0.045841 0.755898 0.041144
v 0.048443 0.774978 0.037619
v 0.042114 0.993067 0.032024
v 0.036300 1.192018 0.028696
v 0.036127 0.588434 0.060853
v 0.031176 0.792096 0.050632
v 0.047373 0.580908 0.053515
v 0.052596 0.573156 0.049297
v 0.027159 1.036333 0.041933
v 0.064974 0.588279 0.033423
v 0.057083 0.580853 0.044268
v 0.056167 0.791960 0.026858
v 0.049055 1.036213 0.021106
v 0.042685 1.296494 0.015708
v 0.023502 1.296597 0.033928
v -0.019593 0.321372 0.112718
v -0.034345 0.321454 0.109186
v -0.030107 0.364101 0.094418
v -0.018111 0.364640 0.097342
v -0.026062 0.442855 0.080070
v -0.016948 0.445819 0.082213
v -0.048607 0.321304 0.104041
v -0.041726 0.364571 0.090272
v -0.034850 0.445754 0.076848
v -0.004021 0.296428 0.130435
v -0.021693 0.296438 0.128717
v -0.003661 0.321311 0.114374
v -0.003324 0.365328 0.098921
v -0.003004 0.448866 0.083721
v -0.016053 0.580966 0.068652
v -0.002749 0.588477 0.070109
v -0.022579 0.573215 0.067271
v -0.028803 0.580907 0.064828
v -0.047297 0.448719 0.070469
v -0.054917 0.365181 0.083496
v -0.062813 0.321168 0.096703
v -0.055384 0.296369 0.118655
v -0.071101 0.296283 0.110416
v -0.038856 0.296443 0.124746
v 0.050767 0.774473 -0.050607
v 0.044211 0.992603 -0.047968
v 0.044056 0.917505 -0.050983
v 0.048360 0.755346 -0.054021
v 0.044951 0.774422 -0.056762
v 0.040564 0.992571 -0.051827
v 0.038304 1.191569 -0.047318
v 0.057933 0.791587 -0.039633
v 0.059710 0.580297 -0.054459
v 0.055497 0.572531 -0.059618
v 0.050601 1.035882 -0.037188
v 0.050521 0.580221 -0.064179
v 0.044024 1.296196 -0.035275
v 0.029379 0.445846 0.078705
v 0.035682 0.364674 0.092503
v 0.023760 0.364175 0.096008
v 0.020326 0.442954 0.081443
v 0.011557 0.364684 0.098232
v 0.011039 0.445863 0.083058
v 0.041935 0.321413 0.106636
v 0.027335 0.321533 0.110991
v 0.012358 0.321412 0.113665
v 0.042280 0.448830 0.072947
v 0.023785 0.580988 0.066346
v 0.017333 0.573275 0.068458
v 0.010662 0.581007 0.069461
v 0.013729 0.296477 0.129752
v 0.031121 0.296519 0.126772
v 0.048015 0.296483 0.121598
v 0.056607 0.321306 0.100030
v 0.064219 0.296429 0.114184
v 0.049334 0.365307 0.086394
v -0.096699 0.321059 0.065416
v -0.083956 0.364376 0.056933
v -0.075904 0.363916 0.066326
v -0.086859 0.321241 0.076984
v -0.066938 0.364468 0.074812
v -0.075800 0.321193 0.087371
v -0.071515 0.445601 0.048711
v -0.065450 0.442703 0.055897
v -0.058608 0.445657 0.062273
v -0.119360 0.295953 0.059661
v -0.105387 0.320899 0.051933
v -0.109828 0.296074 0.074661
v -0.098507 0.296196 0.088175
v -0.085577 0.296245 0.100148
v -0.079189 0.448560 0.036919
v -0.092063 0.364973 0.044430
v -0.020142 0.774357 -0.071794
v -0.016171 0.755246 -0.073301
v -0.014890 0.917410 -0.068606
v -0.016976 0.992500 -0.066266
v -0.013208 1.191478 -0.062719
v -0.011826 0.992484 -0.067481
v -0.011936 0.774331 -0.073734
v -0.037037 0.587662 -0.074322
v -0.024744 0.580158 -0.079655
v -0.032240 0.791419 -0.066570
v -0.028437 1.035729 -0.060809
v -0.018357 0.572415 -0.081645
v -0.025093 1.296056 -0.055882
v -0.011771 0.580122 -0.082730
v -0.011993 0.444851 -0.094717
v -0.021222 0.441943 -0.093071
v -0.024543 0.363049 -0.106696
v -0.012380 0.363532 -0.108935
v -0.028026 0.320254 -0.121176
v -0.013070 0.320119 -0.123866
v -0.030218 0.444894 -0.090386
v -0.036426 0.363579 -0.103208
v -0.042603 0.320164 -0.116822
v 0.002002 0.447851 -0.095449
v 0.002465 0.364177 -0.109668
v 0.002932 0.320024 -0.124608
v -0.014349 0.295023 -0.139667
v 0.003408 0.294989 -0.140383
v -0.031739 0.295070 -0.136665
v -0.048621 0.295059 -0.131486
v -0.057256 0.320107 -0.110234
v -0.064814 0.295055 -0.124083
v -0.050046 0.364266 -0.097139
v -0.043076 0.447935 -0.084715
v -0.118198 0.320595 -0.024276
v -0.114686 0.320615 -0.039080
v -0.100210 0.363361 -0.035030
v -0.103121 0.363950 -0.022985
v -0.086377 0.442222 -0.031387
v -0.088530 0.445206 -0.022237
v -0.109545 0.320415 -0.053388
v -0.096068 0.363797 -0.046708
v -0.083173 0.445087 -0.040253
v -0.135703 0.295616 -0.008572
v -0.134016 0.295552 -0.026296
v -0.119819 0.320602 -0.008300
v -0.104668 0.364701 -0.008166
v -0.090023 0.448311 -0.008283
v -0.076796 0.448033 -0.052774
v -0.089278 0.364382 -0.059955
v -0.102190 0.320252 -0.067632
v -0.123973 0.295358 -0.060071
v -0.115721 0.295244 -0.075813
v -0.130062 0.295486 -0.043507
v 0.033902 0.444868 -0.088638
v 0.025068 0.441917 -0.091810
v 0.029268 0.363034 -0.105239
v 0.040938 0.363566 -0.101118
v 0.033649 0.320251 -0.119509
v 0.047956 0.320169 -0.114382
v 0.015938 0.444841 -0.093954
v 0.017249 0.363525 -0.108132
v 0.018869 0.320117 -0.122999
v 0.046448 0.447926 -0.082265
v 0.054212 0.364270 -0.094324
v 0.062221 0.320130 -0.107023
v 0.054851 0.295083 -0.128693
v 0.070603 0.295100 -0.120440
v 0.038288 0.295082 -0.134768
v 0.021097 0.295028 -0.138705
v -0.070781 0.320218 -0.101555
v -0.062582 0.363631 -0.089047
v -0.072014 0.363139 -0.080991
v -0.082394 0.320359 -0.091716
v -0.080549 0.363673 -0.072011
v -0.092825 0.320281 -0.080645
v -0.054887 0.444945 -0.077049
v -0.062092 0.442042 -0.070964
v -0.068535 0.444970 -0.064116
v -0.079856 0.295120 -0.114555
v -0.093413 0.295194 -0.103236
v -0.105425 0.295209 -0.090302
v -0.058048 0.580220 -0.057713
v -0.053519 0.572487 -0.062661
v -0.048296 0.580208 -0.066945
v -0.016234 1.192065 0.041266
v -0.015176 0.993144 0.048490
v -0.018327 0.918066 0.050327
v -0.020260 0.993113 0.046965
v -0.023762 0.775025 0.054917
v -0.019910 0.755955 0.056878
v -0.015685 0.775073 0.057339
v -0.002280 1.296626 0.040089
v -0.002459 1.036370 0.048997
v -0.002575 0.792139 0.058675
v -0.049583 0.774413 -0.053403
v -0.046924 0.755311 -0.056719
v -0.042994 0.917472 -0.053457
v -0.043448 0.992556 -0.050416
v -0.037790 1.191538 -0.049468
v -0.039517 0.992554 -0.054133
v -0.043370 0.774411 -0.059281
v 0.054089 0.445770 0.065272
v 0.061287 0.442806 0.059203
v 0.071297 0.364048 0.070205
v 0.061874 0.364603 0.078276
v 0.081744 0.321409 0.081465
v 0.070136 0.321347 0.091324
v 0.067705 0.445695 0.052317
v 0.079819 0.364508 0.061213
v 0.092168 0.321234 0.070390
v 0.079267 0.296420 0.104635
v 0.092826 0.296394 0.093297
v 0.104834 0.296291 0.080356
v 0.101532 0.321082 0.057380
v 0.115130 0.296185 0.065870
v 0.088541 0.365104 0.049156
v 0.075947 0.448650 0.040952
v 0.050821 1.191896 0.004982
v 0.056936 0.992941 0.005187
v 0.058362 0.917882 0.008828
v 0.055421 0.992957 0.010290
v 0.062170 0.774866 0.015203
v 0.064021 0.755759 0.011454
v 0.064578 0.774842 0.007095
v 0.050185 1.296360 -0.009605
v 0.057639 1.036074 -0.007869
v 0.071024 0.580743 0.021517
v 0.073418 0.572997 0.015309
v 0.074824 0.580698 0.008717
v 0.065960 0.791809 -0.006184
v -0.119071 0.320771 0.007746
v -0.103935 0.364125 0.006734
v -0.101680 0.363678 0.018937
v -0.116365 0.320956 0.022727
v -0.098163 0.364246 0.030828
v -0.111992 0.320912 0.037304
v -0.089302 0.445381 0.005783
v -0.087647 0.442523 0.015084
v -0.084917 0.445479 0.024089
v -0.134983 0.295738 0.009217
v -0.131967 0.295854 0.026623
v -0.126772 0.295901 0.043498
v 0.063300 0.774635 -0.027461
v 0.064936 0.755569 -0.023421
v 0.059196 0.917706 -0.023037
v 0.056365 0.992760 -0.025535
v 0.051548 1.191739 -0.022891
v 0.057598 0.992797 -0.020406
v 0.065264 0.774694 -0.019286
v 0.117525 0.320973 0.014070
v 0.114021 0.321154 0.028854
v 0.099465 0.363831 0.024273
v 0.102367 0.364286 0.012242
v 0.085522 0.442619 0.019667
v 0.087660 0.445510 0.010509
v 0.108885 0.321102 0.043146
v 0.095332 0.364385 0.035925
v 0.082325 0.445578 0.028472
v 0.133406 0.295986 0.016407
v 0.123379 0.296142 0.050141
v 0.129461 0.296100 0.033596
v 0.019032 0.775095 0.056148
v 0.014992 0.756011 0.057915
v 0.013566 0.918116 0.051271
v 0.015684 0.993168 0.047997
v 0.011688 1.192101 0.042073
v 0.010377 0.993180 0.049258
v 0.010651 0.775111 0.058138
v 0.096121 0.320423 -0.075576
v 0.083295 0.363794 -0.067588
v 0.075263 0.363223 -0.077016
v 0.086304 0.320461 -0.087195
v 0.066290 0.363672 -0.085564
v 0.075246 0.320277 -0.097637
v 0.070726 0.445065 -0.060319
v 0.064683 0.442087 -0.067497
v 0.057829 0.444968 -0.073956
v 0.109308 0.295366 -0.084541
v 0.098013 0.295310 -0.098106
v 0.085093 0.295197 -0.110130
v 0.014544 -1.204156 0.061924
v 0.013631 -1.005163 0.066761
v 0.016828 -0.930078 0.067712
v 0.018720 -1.005166 0.065251
v 0.022429 -0.787014 0.070597
v 0.018562 -0.767909 0.072327
v 0.014322 -0.787008 0.073000
v -0.000988 -1.687439 0.013326
v 0.000609 -1.308706 0.061972
v 0.025882 -1.308751 0.054433
v 0.029829 -1.048410 0.059135
v 0.000890 -1.048365 0.067750
v 0.039675 -0.600331 0.072181
v 0.034237 -0.804091 0.064675
v 0.027673 -0.592811 0.078206
v 0.021411 -0.585073 0.080547
v 0.001578 -0.600271 0.083494
v 0.014869 -0.592795 0.081997
v 0.001219 -0.804041 0.074495
v -0.039853 -1.204654 -0.026744
v -0.041912 -1.005710 -0.033659
v -0.045330 -0.930639 -0.033735
v -0.045579 -1.005705 -0.029802
v -0.051929 -0.787610 -0.035067
v -0.049482 -0.768517 -0.038711
v -0.046099 -0.787618 -0.041196
v -0.027575 -1.309237 -0.032540
v -0.045724 -1.309133 -0.013385
v -0.052037 -1.048853 -0.018511
v -0.031295 -1.048954 -0.040362
v -0.068026 -0.600900 -0.029993
v -0.059146 -0.804594 -0.023895
v -0.060662 -0.593473 -0.041252
v -0.056426 -0.585763 -0.046487
v -0.040703 -0.601026 -0.058747
v -0.051467 -0.593501 -0.050916
v -0.035477 -0.804701 -0.048820
v 0.084026 -0.457910 0.035748
v 0.097310 -0.376600 0.041695
v 0.100840 -0.376189 0.029843
v 0.086746 -0.455044 0.026758
v 0.103128 -0.376791 0.017676
v 0.088395 -0.458040 0.017541
v 0.111043 -0.333134 0.048004
v 0.115503 -0.333388 0.033477
v 0.118313 -0.333414 0.018528
v 0.067023 -0.600539 0.043282
v 0.078329 -0.460833 0.048585
v 0.072421 -0.593145 0.030975
v 0.074471 -0.585468 0.024573
v 0.075526 -0.593236 0.018025
v 0.089138 -0.461138 0.003527
v 0.076274 -0.600793 0.004679
v 0.103917 -0.377550 0.002803
v 0.119185 -0.333461 0.002507
v 0.134231 -0.308314 0.020293
v 0.135195 -0.308456 0.002538
v 0.130986 -0.308165 0.037647
v 0.125579 -0.307949 0.054454
v 0.104362 -0.332914 0.062579
v 0.117965 -0.307743 0.070537
v 0.091209 -0.377152 0.055262
v -0.065797 -0.787267 0.022771
v -0.065206 -0.768137 0.026950
v -0.059698 -0.930288 0.026264
v -0.058349 -1.005385 0.023492
v -0.052400 -1.204344 0.025689
v -0.056813 -1.005350 0.028648
v -0.063358 -0.787210 0.030963
v -0.077322 -0.600672 0.008785
v -0.075852 -0.593104 0.022065
v -0.067206 -0.804390 0.009750
v -0.059105 -1.048672 0.011001
v -0.074423 -0.585333 0.028607
v -0.051873 -1.308976 0.012342
v -0.044326 -1.308825 0.037700
v -0.050485 -1.048494 0.039969
v -0.065979 -0.600431 0.046931
v -0.057369 -0.804183 0.042810
v -0.072023 -0.593018 0.034935
v -0.066530 -0.787440 -0.003569
v -0.059062 -1.005553 -0.002064
v -0.060580 -0.930503 -0.005686
v -0.066172 -0.768372 -0.008019
v -0.064529 -0.787492 -0.011918
v -0.057798 -1.005588 -0.007341
v -0.053169 -1.204524 -0.002216
v -0.076591 -0.593279 -0.004670
v -0.075522 -0.585593 -0.011381
v -0.073454 -0.593354 -0.017759
v 0.042277 -0.787698 -0.043496
v 0.038238 -1.005774 -0.035719
v 0.041762 -0.930698 -0.035942
v 0.045841 -0.768584 -0.041144
v 0.048443 -0.787664 -0.037619
v 0.042114 -1.005753 -0.032024
v 0.036300 -1.204703 -0.028695
v 0.036130 -0.601123 -0.060851
v 0.031176 -0.804782 -0.050631
v 0.047379 -0.593596 -0.053509
v 0.052598 -0.585845 -0.049295
v 0.027160 -1.049019 -0.041933
v 0.064976 -0.600966 -0.033419
v 0.057086 -0.593541 -0.044265
v 0.056167 -0.804646 -0.026858
v 0.049055 -1.048899 -0.021107
v 0.042685 -1.309180 -0.015708
v 0.023502 -1.309283 -0.033927
v -0.018477 -0.334354 -0.113159
v -0.033229 -0.334432 -0.109767
v -0.029713 -0.376901 -0.094620
v -0.017735 -0.377436 -0.097499
v -0.025984 -0.455558 -0.080105
v -0.016881 -0.458529 -0.082238
v -0.047523 -0.334261 -0.104767
v -0.041345 -0.377365 -0.090522
v -0.034770 -0.458465 -0.076892
v -0.001633 -0.309615 -0.131094
v -0.019281 -0.309615 -0.129687
v -0.002553 -0.334300 -0.114668
v -0.002945 -0.378128 -0.099024
v -0.002936 -0.461576 -0.083735
v -0.016049 -0.593655 -0.068652
v -0.002744 -0.601165 -0.070108
v -0.022576 -0.585905 -0.067271
v -0.028796 -0.593595 -0.064830
v -0.047238 -0.461426 -0.070516
v -0.054578 -0.377958 -0.083790
v -0.061795 -0.334095 -0.097573
v -0.053050 -0.309497 -0.120256
v -0.068876 -0.309370 -0.112330
v -0.036459 -0.309599 -0.126032
v 0.050767 -0.787159 0.050608
v 0.044211 -1.005289 0.047968
v 0.044056 -0.930190 0.050983
v 0.048360 -0.768032 0.054021
v 0.044951 -0.787108 0.056762
v 0.040564 -1.005256 0.051827
v 0.038303 -1.204255 0.047318
v 0.057933 -0.804273 0.039633
v 0.059706 -0.592981 0.054463
v 0.055495 -0.585215 0.059621
v 0.050601 -1.048568 0.037188
v 0.050516 -0.592906 0.064185
v 0.044024 -1.308882 0.035275
v 0.029443 -0.458555 -0.078695
v 0.036026 -0.377467 -0.092472
v 0.024143 -0.376979 -0.096008
v 0.020406 -0.455662 -0.081437
v 0.011951 -0.377491 -0.098276
v 0.011122 -0.458576 -0.083058
v 0.042915 -0.334378 -0.106537
v 0.028387 -0.334519 -0.111001
v 0.013453 -0.334407 -0.113809
v 0.042337 -0.461539 -0.072929
v 0.023789 -0.593676 -0.066345
v 0.017337 -0.585964 -0.068457
v 0.010670 -0.593695 -0.069459
v 0.016058 -0.309662 -0.130108
v 0.033351 -0.309687 -0.126845
v 0.050103 -0.309619 -0.121418
v 0.057509 -0.334250 -0.099819
v 0.066137 -0.309529 -0.113775
v 0.049651 -0.378092 -0.086319
v -0.095940 -0.333907 -0.066660
v -0.083694 -0.377128 -0.057356
v -0.075604 -0.376676 -0.066717
v -0.085990 -0.334120 -0.078120
v -0.066625 -0.377234 -0.075155
v -0.074854 -0.334092 -0.088381
v -0.071461 -0.458303 -0.048788
v -0.065392 -0.455402 -0.055968
v -0.058552 -0.458359 -0.062331
v -0.117992 -0.308846 -0.062610
v -0.104767 -0.333706 -0.053271
v -0.108180 -0.309026 -0.077397
v -0.096622 -0.309197 -0.090666
v -0.083502 -0.309289 -0.102362
v -0.079153 -0.461255 -0.036995
v -0.091858 -0.377702 -0.044876
v -0.020142 -0.787043 0.071794
v -0.016171 -0.767932 0.073301
v -0.014890 -0.930096 0.068606
v -0.016976 -1.005186 0.066267
v -0.013208 -1.204163 0.062719
v -0.011826 -1.005169 0.067481
v -0.011935 -0.787017 0.073734
v -0.037040 -0.600346 0.074321
v -0.024751 -0.592841 0.079654
v -0.032240 -0.804105 0.066571
v -0.028437 -1.048415 0.060810
v -0.018361 -0.585097 0.081645
v -0.025093 -1.308742 0.055882
v -0.011774 -0.592806 0.082730
v -0.012055 -0.457508 0.094695
v -0.021301 -0.454605 0.093038
v -0.024913 -0.375587 0.106503
v -0.012727 -0.376077 0.108787
v -0.029059 -0.332555 0.120626
v -0.014092 -0.332417 0.123450
v -0.030297 -0.457549 0.090345
v -0.036787 -0.376126 0.102968
v -0.043615 -0.332485 0.116128
v 0.001938 -0.460506 0.095437
v 0.002113 -0.376721 0.109570
v 0.001916 -0.332320 0.124331
v -0.016553 -0.307035 0.138744
v 0.001233 -0.306989 0.139760
v -0.033942 -0.307104 0.135439
v -0.050783 -0.307127 0.129947
v -0.058211 -0.332457 0.109393
v -0.066889 -0.307164 0.122230
v -0.050366 -0.376828 0.096853
v -0.043133 -0.460594 0.084671
v -0.118361 -0.333175 0.022771
v -0.115002 -0.333155 0.037609
v -0.100319 -0.375991 0.034527
v -0.103181 -0.376592 0.022476
v -0.086399 -0.454900 0.031295
v -0.088545 -0.457881 0.022144
v -0.109998 -0.332917 0.051983
v -0.096214 -0.376419 0.046237
v -0.083198 -0.457762 0.040172
v -0.135678 -0.308222 0.005230
v -0.134348 -0.308073 0.022980
v -0.119811 -0.333238 0.006788
v -0.104666 -0.377367 0.007663
v -0.090023 -0.460993 0.008198
v -0.076831 -0.460701 0.052702
v -0.089471 -0.376985 0.059515
v -0.102782 -0.332712 0.066312
v -0.124970 -0.307727 0.056973
v -0.117016 -0.307542 0.072893
v -0.130739 -0.307928 0.040272
v 0.033844 -0.457528 0.088649
v 0.024990 -0.454581 0.091820
v 0.028909 -0.375577 0.105248
v 0.040623 -0.376124 0.101155
v 0.032689 -0.332556 0.119512
v 0.047074 -0.332501 0.114491
v 0.015855 -0.457495 0.093958
v 0.016876 -0.376065 0.108094
v 0.017862 -0.332410 0.122871
v 0.046396 -0.460587 0.082284
v 0.053926 -0.376840 0.094401
v 0.061420 -0.332489 0.107238
v 0.052992 -0.307142 0.128891
v 0.068921 -0.307199 0.120859
v 0.036281 -0.307108 0.134718
v 0.018983 -0.307032 0.138378
v -0.071673 -0.332592 0.100575
v -0.062875 -0.376202 0.088714
v -0.072302 -0.375711 0.080607
v -0.083223 -0.332748 0.090606
v -0.080802 -0.376254 0.071591
v -0.093551 -0.332700 0.079421
v -0.054940 -0.457608 0.076993
v -0.062151 -0.454709 0.070893
v -0.068589 -0.457632 0.064039
v -0.081807 -0.307270 0.112396
v -0.095195 -0.307384 0.100790
v -0.106986 -0.307449 0.087602
v -0.058053 -0.592904 0.057708
v -0.053521 -0.585170 0.062659
v -0.048299 -0.592893 0.066942
v -0.016234 -1.204751 -0.041266
v -0.015176 -1.005830 -0.048490
v -0.018327 -0.930752 -0.050326
v -0.020260 -1.005799 -0.046965
v -0.023762 -0.787712 -0.054916
v -0.019910 -0.768641 -0.056878
v -0.015685 -0.787759 -0.057339
v -0.002280 -1.309312 -0.040089
v -0.002458 -1.049056 -0.048997
v -0.002575 -0.804825 -0.058674
v -0.049583 -0.787099 0.053404
v -0.046924 -0.767998 0.056719
v -0.042994 -0.930158 0.053457
v -0.043448 -1.005241 0.050416
v -0.037790 -1.204224 0.049468
v -0.039517 -1.005240 0.054133
v -0.043370 -0.787097 0.059281
v 0.054154 -0.458477 -0.065234
v 0.061343 -0.455505 -0.059162
v 0.071568 -0.376822 -0.070043
v 0.062175 -0.377385 -0.078145
v 0.082471 -0.334304 -0.081058
v 0.070956 -0.334273 -0.091002
v 0.067748 -0.458397 -0.052280
v 0.080045 -0.377263 -0.061043
v 0.092789 -0.334093 -0.069925
v 0.080997 -0.309475 -0.104021
v 0.094350 -0.309397 -0.092510
v 0.106140 -0.309234 -0.079427
v 0.102041 -0.333902 -0.056859
v 0.116204 -0.309063 -0.064826
v 0.088722 -0.377845 -0.048966
v 0.075980 -0.461350 -0.040912
v 0.050821 -1.204582 -0.004982
v 0.056936 -1.005629 -0.005186
v 0.058362 -0.930568 -0.008828
v 0.055421 -1.005643 -0.010290
v 0.062170 -0.787552 -0.015203
v 0.064021 -0.768445 -0.011454
v 0.064578 -0.787528 -0.007094
v 0.050185 -1.309046 0.009605
v 0.057639 -1.048759 0.007870
v 0.071026 -0.593430 -0.021511
v 0.073419 -0.585684 -0.015305
v 0.074825 -0.593384 -0.008712
v 0.065960 -0.804495 0.006184
v -0.118895 -0.333459 -0.009254
v -0.103871 -0.376817 -0.007241
v -0.101567 -0.376379 -0.019444
v -0.116034 -0.333683 -0.024210
v -0.098009 -0.376956 -0.031308
v -0.111517 -0.333675 -0.038725
v -0.089289 -0.458070 -0.005874
v -0.087625 -0.455214 -0.015179
v -0.084890 -0.458169 -0.024176
v -0.134599 -0.308424 -0.012539
v -0.131236 -0.308613 -0.029873
v -0.125714 -0.308728 -0.046622
v 0.063300 -0.787320 0.027461
v 0.064935 -0.768255 0.023421
v 0.059196 -0.930392 0.023038
v 0.056365 -1.005446 0.025536
v 0.051548 -1.204424 0.022891
v 0.057598 -1.005483 0.020406
v 0.065264 -0.787380 0.019286
v 0.117694 -0.333670 -0.013446
v 0.114305 -0.333896 -0.028238
v 0.099572 -0.376545 -0.024024
v 0.102431 -0.376981 -0.012004
v 0.085545 -0.455312 -0.019605
v 0.087674 -0.458199 -0.010455
v 0.109280 -0.333884 -0.042567
v 0.095475 -0.377113 -0.035697
v 0.082353 -0.458275 -0.028415
v 0.133760 -0.308652 -0.015166
v 0.124216 -0.308953 -0.049002
v 0.130059 -0.308839 -0.032389
v 0.019032 -0.787781 -0.056148
v 0.014992 -0.768696 -0.057915
v 0.013566 -0.930802 -0.051271
v 0.015683 -1.005854 -0.047997
v 0.011688 -1.204787 -0.042073
v 0.010377 -1.005866 -0.049257
v 0.010651 -0.787797 -0.058138
v 0.095603 -0.332872 0.076034
v 0.083101 -0.376395 0.067759
v 0.075023 -0.375808 0.077180
v 0.085684 -0.332869 0.087598
v 0.066021 -0.376246 0.085697
v 0.074529 -0.332659 0.097960
v 0.070687 -0.457735 0.060357
v 0.064631 -0.454758 0.067539
v 0.057771 -0.457631 0.073995
v 0.108243 -0.307613 0.085457
v 0.096731 -0.307500 0.098886
v 0.083606 -0.307338 0.110745
v 0.110301 -0.024644 0.284558
v 0.109625 -0.044443 0.282793
v 0.071410 -0.044402 0.294603
v 0.071837 -0.024606 0.296446
v 0.031986 -0.044384 0.301381
v 0.032159 -0.024587 0.303270
v 0.108478 -0.064050 0.279809
v 0.070674 -0.064008 0.291490
v 0.031676 -0.063988 0.298191
v 0.147211 -0.004797 0.268229
v 0.146928 -0.024704 0.267745
v 0.110504 -0.004735 0.285079
v 0.071959 -0.004696 0.296993
v 0.032195 -0.004677 0.303831
v -0.008120 -0.024588 0.304868
v -0.008170 -0.004674 0.305434
v -0.008033 -0.044386 0.302968
v -0.007911 -0.063993 0.299758
v 0.031224 -0.083336 0.293724
v -0.007759 -0.083342 0.295260
v 0.069629 -0.083354 0.287130
v 0.106861 -0.083399 0.275631
v 0.144480 -0.064117 0.263285
v 0.142318 -0.083471 0.259359
v 0.146017 -0.044504 0.266088
v 0.304300 -0.025766 0.045446
v 0.302381 -0.045577 0.045216
v 0.293494 -0.045365 0.084219
v 0.295357 -0.025557 0.084699
v 0.279642 -0.045167 0.121744
v 0.281416 -0.025361 0.122466
v 0.299166 -0.065221 0.044780
v 0.290373 -0.065008 0.083366
v 0.276668 -0.064803 0.120490
v 0.308674 -0.006083 0.005242
v 0.308051 -0.025981 0.005314
v 0.304915 -0.005864 0.045459
v 0.295955 -0.005656 0.084795
v 0.281986 -0.005460 0.122641
v 0.262650 -0.025181 0.158135
v 0.263180 -0.005281 0.158384
v 0.260995 -0.044986 0.157184
v 0.258221 -0.064617 0.155549
v 0.272501 -0.084195 0.118719
v 0.254333 -0.084002 0.153250
v 0.285998 -0.084404 0.082154
v 0.294657 -0.084622 0.044151
v 0.302854 -0.065437 0.005333
v 0.298291 -0.084838 0.005300
v 0.306110 -0.045792 0.005341
v 0.272871 0.091066 -0.108165
v 0.284148 0.091287 -0.071676
v 0.277185 0.109929 -0.070140
v 0.266185 0.109713 -0.105737
v 0.269033 0.128073 -0.068306
v 0.258355 0.127866 -0.102861
v 0.290612 0.091519 -0.034032
v 0.283490 0.110153 -0.033412
v 0.275152 0.128284 -0.032656
v 0.262110 0.071798 -0.145583
v 0.278389 0.071995 -0.110138
v 0.256914 0.090867 -0.142908
v 0.250616 0.109518 -0.139630
v 0.243243 0.127676 -0.135761
v 0.249395 0.145474 -0.099540
v 0.234806 0.145293 -0.131304
v 0.259705 0.145668 -0.066178
v 0.265614 0.145866 -0.031760
v 0.276571 0.128484 0.003537
v 0.266986 0.146051 0.003182
v 0.284953 0.110367 0.003871
v 0.292112 0.091744 0.004182
v 0.296486 0.072456 -0.034513
v 0.298018 0.072687 0.004469
v 0.289893 0.072219 -0.072916
v 0.081781 0.198235 0.209719
v 0.087016 0.181135 0.223405
v 0.056573 0.181164 0.232783
v 0.053154 0.198254 0.218539
v 0.025181 0.181173 0.238143
v 0.023635 0.198256 0.223579
v 0.091532 0.164226 0.235206
v 0.059524 0.164265 0.245066
v 0.026515 0.164282 0.250702
v 0.100999 0.215846 0.182308
v 0.109052 0.198189 0.197213
v 0.075727 0.215882 0.193901
v 0.049201 0.215895 0.202075
v 0.021851 0.215891 0.206743
v -0.006318 0.198243 0.224731
v -0.005901 0.215874 0.207807
v -0.006676 0.181163 0.239370
v -0.006981 0.164280 0.251994
v 0.027675 0.147251 0.261595
v -0.007244 0.147256 0.262944
v 0.062083 0.147222 0.255718
v 0.095447 0.147173 0.245438
v 0.122021 0.164162 0.221228
v 0.127226 0.147102 0.230867
v 0.116017 0.181080 0.210108
v -0.161066 -0.174261 0.196929
v -0.153141 -0.191127 0.187551
v -0.176527 -0.191279 0.165885
v -0.185639 -0.174417 0.174154
v -0.196909 -0.191456 0.141376
v -0.207060 -0.174594 0.148391
v -0.143865 -0.208166 0.176980
v -0.165890 -0.208315 0.156610
v -0.185086 -0.208488 0.133564
v -0.139399 -0.157042 0.225435
v -0.133698 -0.174130 0.216326
v -0.167922 -0.157178 0.205217
v -0.193534 -0.157340 0.181479
v -0.215860 -0.157523 0.154627
v -0.224956 -0.174788 0.120020
v -0.234518 -0.157719 0.125058
v -0.213935 -0.191649 0.114386
v -0.201121 -0.208683 0.108180
v -0.171295 -0.226110 0.124958
v -0.186212 -0.226301 0.101454
v -0.153446 -0.225942 0.146292
v -0.132972 -0.225797 0.165139
v -0.119331 -0.208040 0.194323
v -0.110172 -0.225673 0.181175
v -0.127093 -0.190999 0.206003
v -0.104443 0.164151 0.229847
v -0.099363 0.181031 0.218298
v -0.069474 0.181090 0.229320
v -0.073014 0.164212 0.241432
v -0.038419 0.181135 0.236393
v -0.040359 0.164255 0.248864
v -0.093466 0.198108 0.204908
v -0.065364 0.198167 0.215276
v -0.036164 0.198211 0.221929
v -0.139791 0.147039 0.223606
v -0.134132 0.164069 0.214246
v -0.108842 0.147126 0.239865
v -0.076079 0.147191 0.251939
v -0.042039 0.147235 0.259685
v -0.033553 0.215844 0.205206
v -0.060603 0.215800 0.199038
v -0.086638 0.215741 0.189429
v -0.120013 0.198029 0.190952
v -0.111237 0.215662 0.176496
v -0.127598 0.180953 0.203458
v 0.054697 0.274395 0.138956
v 0.061818 0.253584 0.157566
v 0.040121 0.253589 0.164251
v 0.035469 0.274397 0.144879
v 0.017756 0.253582 0.168060
v 0.015654 0.274389 0.148248
v 0.068938 0.234251 0.176166
v 0.044769 0.234259 0.183614
v 0.019854 0.234252 0.187863
v 0.073035 0.274374 0.130535
v -0.004458 0.274374 0.149000
v -0.004942 0.253564 0.168918
v -0.005433 0.234235 0.188826
v 0.091968 0.234222 0.165598
v 0.082501 0.253561 0.148072
v 0.047836 -0.067180 -0.301693
v 0.086419 -0.067108 -0.292913
v 0.087341 -0.047438 -0.296204
v 0.048337 -0.047518 -0.305085
v 0.087887 -0.027593 -0.298230
v 0.048631 -0.027681 -0.307173
v 0.123544 -0.067009 -0.279217
v 0.124870 -0.047335 -0.282353
v 0.125657 -0.027487 -0.284283
v 0.008282 -0.086607 -0.300635
v 0.047127 -0.086577 -0.297012
v 0.008388 -0.067220 -0.305371
v 0.008460 -0.047571 -0.308806
v 0.008495 -0.027743 -0.310924
v 0.048711 -0.007749 -0.307944
v 0.008493 -0.007821 -0.311710
v 0.088049 -0.007654 -0.298975
v 0.125898 -0.007546 -0.284994
v 0.161328 -0.027369 -0.265503
v 0.161644 -0.007433 -0.266170
v 0.160314 -0.047216 -0.263699
v 0.158608 -0.066888 -0.260771
v 0.121687 -0.086421 -0.274885
v 0.156219 -0.086301 -0.256724
v 0.085124 -0.086514 -0.288369
v 0.121706 0.232445 -0.154790
v 0.140239 0.232559 -0.137595
v 0.125857 0.252047 -0.124135
v 0.109220 0.251946 -0.139570
v 0.111466 0.273024 -0.110675
v 0.096724 0.272936 -0.124351
v 0.156399 0.232690 -0.118146
v 0.140360 0.252166 -0.106673
v 0.124312 0.273130 -0.095201
v 0.110954 0.213828 -0.185388
v 0.133606 0.213932 -0.169303
v 0.101065 0.232353 -0.169444
v 0.090687 0.251865 -0.152725
v 0.080295 0.272864 -0.136006
v 0.135052 0.273246 -0.078147
v 0.152483 0.252297 -0.087430
v 0.169908 0.232832 -0.096718
v 0.171693 0.214195 -0.129087
v 0.186523 0.214346 -0.105578
v 0.153951 0.214055 -0.150432
v 0.191637 -0.245445 0.028739
v 0.172100 -0.264978 0.025781
v 0.167564 -0.264746 0.048028
v 0.186380 -0.245206 0.053482
v 0.160184 -0.264519 0.069516
v 0.177960 -0.244973 0.077348
v 0.152528 -0.286011 0.022870
v 0.148691 -0.285797 0.042617
v 0.142331 -0.285586 0.061712
v 0.212599 -0.227159 0.003879
v 0.193626 -0.245682 0.003500
v 0.210237 -0.226926 0.031566
v 0.204294 -0.226692 0.058685
v 0.194884 -0.226465 0.084817
v 0.166474 -0.244750 0.099957
v 0.182124 -0.226247 0.109540
v 0.150039 -0.264301 0.089902
v 0.133511 -0.285383 0.079859
v 0.153762 -0.286220 0.002765
v 0.173701 -0.265207 0.003107
v -0.207504 0.163703 0.146346
v -0.197374 0.180591 0.138875
v -0.176999 0.180728 0.163367
v -0.186078 0.163842 0.172098
v -0.153626 0.180849 0.185019
v -0.161501 0.163965 0.194861
v -0.185624 0.197663 0.130227
v -0.166466 0.197800 0.153255
v -0.144488 0.197923 0.173613
v -0.234946 0.146491 0.123275
v -0.225408 0.163548 0.117986
v -0.216281 0.146651 0.152835
v -0.193944 0.146796 0.179676
v -0.168322 0.146926 0.203401
v -0.133916 0.215557 0.160433
v -0.154282 0.215432 0.141575
v -0.172035 0.215297 0.120243
v -0.201634 0.197515 0.104865
v -0.186871 0.215153 0.096746
v -0.214399 0.180440 0.111902
v 0.024676 -0.207769 0.226740
v 0.025856 -0.190729 0.240643
v 0.057273 -0.190747 0.235250
v 0.054237 -0.207789 0.221614
v 0.087726 -0.190795 0.225835
v 0.082883 -0.207843 0.212700
v 0.027004 -0.173859 0.252797
v 0.060022 -0.173875 0.247153
v 0.092031 -0.173920 0.237283
v -0.004333 -0.225407 0.212092
v -0.005342 -0.207774 0.227968
v 0.023512 -0.225403 0.210864
v 0.050918 -0.225429 0.206017
v 0.077463 -0.225488 0.197657
v 0.110150 -0.207927 0.200100
v 0.102715 -0.225580 0.185877
v 0.116724 -0.190873 0.212503
v 0.122517 -0.173994 0.223299
v 0.095855 -0.156826 0.247292
v 0.127631 -0.156900 0.232722
v 0.062491 -0.156781 0.257572
v 0.028080 -0.156766 0.263452
v -0.006508 -0.173868 0.254095
v -0.006845 -0.156775 0.264801
v -0.006035 -0.190737 0.241898
v -0.058753 -0.287495 -0.138694
v -0.039798 -0.287575 -0.145106
v -0.043196 -0.266772 -0.165806
v -0.064668 -0.266684 -0.158772
v -0.046589 -0.247387 -0.186608
v -0.070587 -0.247297 -0.178951
v -0.020178 -0.287632 -0.149033
v -0.021002 -0.266833 -0.170022
v -0.021808 -0.247450 -0.191115
v -0.076757 -0.287388 -0.129872
v -0.085086 -0.266568 -0.149004
v -0.093427 -0.247177 -0.168232
v -0.076405 -0.228835 -0.198107
v -0.101553 -0.228718 -0.186455
v -0.049994 -0.228921 -0.206385
v -0.022741 -0.228980 -0.211191
v 0.003381 -0.247483 -0.192369
v 0.004941 -0.229006 -0.212417
v 0.001586 -0.266869 -0.171327
v -0.000177 -0.287668 -0.150386
v -0.171542 0.090194 -0.240309
v -0.167377 0.108858 -0.234645
v -0.196046 0.108947 -0.210806
v -0.200930 0.090287 -0.215866
v -0.221391 0.109058 -0.183456
v -0.226909 0.090404 -0.187826
v -0.162492 0.127030 -0.227987
v -0.190319 0.127115 -0.204857
v -0.214919 0.127220 -0.178318
v -0.141960 0.071027 -0.265787
v -0.139180 0.090111 -0.260726
v -0.174971 0.071112 -0.244957
v -0.204949 0.071212 -0.220018
v -0.231451 0.071335 -0.191412
v -0.249037 0.090552 -0.156605
v -0.254024 0.071487 -0.159563
v -0.242977 0.109201 -0.153001
v -0.235872 0.127358 -0.148760
v -0.207508 0.144840 -0.172414
v -0.227735 0.144971 -0.143884
v -0.183760 0.144737 -0.198024
v -0.156896 0.144653 -0.220344
v -0.131849 0.126949 -0.247308
v -0.127317 0.144571 -0.238992
v -0.135806 0.108777 -0.254557
v 0.099255 -0.139203 0.256102
v 0.064696 -0.139156 0.266756
v 0.066629 -0.120998 0.274748
v 0.102234 -0.121046 0.263766
v 0.068278 -0.102375 0.281544
v 0.104775 -0.102422 0.270278
v 0.029051 -0.139140 0.272849
v 0.029904 -0.120982 0.281036
v 0.030633 -0.102357 0.287999
v 0.132170 -0.139280 0.241008
v 0.136143 -0.121125 0.248212
v 0.139533 -0.102497 0.254332
v -0.007580 -0.102364 0.289497
v -0.007370 -0.120991 0.282489
v -0.007128 -0.139151 0.274252
v -0.091684 0.161622 -0.243512
v -0.059679 0.161545 -0.253403
v -0.056797 0.178561 -0.241310
v -0.087236 0.178622 -0.231892
v -0.053449 0.195787 -0.227265
v -0.082071 0.195829 -0.218404
v -0.026662 0.161494 -0.259072
v -0.025392 0.178525 -0.246712
v -0.023912 0.195771 -0.232351
v -0.095537 0.144480 -0.253569
v -0.122166 0.161708 -0.229523
v -0.116219 0.178696 -0.218584
v -0.109319 0.195888 -0.205886
v -0.076089 0.213616 -0.202801
v -0.101338 0.213661 -0.191201
v -0.049567 0.213593 -0.211012
v -0.022196 0.213592 -0.215723
v 0.006075 0.195780 -0.233530
v 0.005599 0.213608 -0.216816
v 0.006490 0.178524 -0.247963
v 0.006850 0.161484 -0.260381
v -0.027761 0.144336 -0.269762
v 0.007164 0.144323 -0.271116
v -0.062172 0.144395 -0.263866
v -0.274868 -0.140719 0.026398
v -0.283208 -0.122567 0.027161
v -0.276899 -0.122363 0.063883
v -0.268746 -0.140520 0.062046
v -0.265895 -0.122162 0.099479
v -0.258064 -0.140320 0.096602
v -0.290330 -0.103916 0.027790
v -0.283863 -0.103709 0.065427
v -0.272582 -0.103506 0.101910
v -0.266697 -0.158495 -0.009437
v -0.276290 -0.140912 -0.009790
v -0.265326 -0.158310 0.025502
v -0.259417 -0.158115 0.059921
v -0.249106 -0.157918 0.093286
v -0.242951 -0.140120 0.129509
v -0.250325 -0.121960 0.133377
v -0.256623 -0.103307 0.136654
v -0.278100 -0.084431 0.103886
v -0.261820 -0.084236 0.139329
v -0.289606 -0.084635 0.066670
v -0.296204 -0.084847 0.028277
v -0.291833 -0.104127 -0.010418
v -0.297739 -0.085066 -0.010698
v -0.284674 -0.122770 -0.010116
v 0.104308 0.161726 -0.238130
v 0.099188 0.178737 -0.226781
v 0.069314 0.178634 -0.237855
v 0.072894 0.161608 -0.249764
v 0.038254 0.178561 -0.244971
v 0.040239 0.161523 -0.257236
v 0.093250 0.195954 -0.213603
v 0.065161 0.195869 -0.224020
v 0.035953 0.195811 -0.230715
v 0.139683 0.144717 -0.231654
v 0.133978 0.161858 -0.222492
v 0.108748 0.144580 -0.247946
v 0.075998 0.144455 -0.260059
v 0.041962 0.144365 -0.267840
v 0.033290 0.213635 -0.214209
v 0.060355 0.213678 -0.208007
v 0.086381 0.213742 -0.198357
v 0.119770 0.196056 -0.199606
v 0.127398 0.178856 -0.211900
v 0.161330 0.161989 -0.203085
v 0.185897 0.162123 -0.180316
v 0.176766 0.179114 -0.171784
v 0.153405 0.178981 -0.193440
v 0.166182 0.196302 -0.161880
v 0.144219 0.196172 -0.182246
v 0.207318 0.162269 -0.154567
v 0.197136 0.179259 -0.147293
v 0.185333 0.196445 -0.138848
v 0.168201 0.144850 -0.211429
v 0.201339 0.196601 -0.113483
v 0.214160 0.179418 -0.120323
v 0.225218 0.162429 -0.126214
v 0.216145 0.145129 -0.160859
v 0.193815 0.144984 -0.187698
v 0.190842 0.233534 0.025922
v 0.185230 0.233656 0.050563
v 0.166223 0.253052 0.044791
v 0.171262 0.252942 0.022674
v 0.147215 0.273923 0.039009
v 0.151680 0.273827 0.019417
v 0.176478 0.233775 0.074265
v 0.158366 0.253159 0.066065
v 0.140253 0.274015 0.057853
v 0.212094 0.214957 0.001350
v 0.209513 0.215095 0.029014
v 0.193195 0.233405 0.000718
v 0.173375 0.252825 0.000046
v 0.153553 0.273724 -0.000638
v 0.130877 0.274104 0.075666
v 0.147783 0.253260 0.086169
v 0.164690 0.233888 0.096664
v 0.193750 0.215351 0.082089
v 0.180814 0.215474 0.106671
v 0.203356 0.215225 0.056064
v 0.214075 -0.210016 -0.083788
v 0.223013 -0.209817 -0.055228
v 0.237317 -0.192614 -0.058747
v 0.227873 -0.192792 -0.089152
v 0.249573 -0.175634 -0.061781
v 0.239671 -0.175796 -0.093766
v 0.228189 -0.209617 -0.025740
v 0.242753 -0.192436 -0.027365
v 0.255259 -0.175472 -0.028775
v 0.186233 -0.228025 -0.102699
v 0.197996 -0.227812 -0.077577
v 0.201480 -0.210216 -0.110966
v 0.214536 -0.192974 -0.118096
v 0.225669 -0.175966 -0.124217
v 0.249818 -0.158710 -0.097760
v 0.235227 -0.158877 -0.129507
v 0.260137 -0.158550 -0.064417
v 0.266058 -0.158388 -0.030008
v 0.256592 -0.175300 0.004743
v 0.267441 -0.158216 0.004933
v 0.244053 -0.192250 0.004505
v 0.229480 -0.209412 0.004219
v 0.211287 -0.227382 -0.023867
v 0.206381 -0.227598 -0.051159
v 0.043818 -0.142267 -0.275516
v 0.079085 -0.142217 -0.267492
v 0.081447 -0.124148 -0.275622
v 0.045113 -0.124200 -0.283887
v 0.083462 -0.105557 -0.282593
v 0.046218 -0.105614 -0.291065
v 0.113026 -0.142138 -0.254978
v 0.116413 -0.124066 -0.262730
v 0.119303 -0.105469 -0.269378
v 0.007534 -0.159806 -0.269214
v 0.042334 -0.159783 -0.265961
v 0.007771 -0.142287 -0.278886
v 0.007973 -0.124219 -0.287357
v 0.008144 -0.105636 -0.294618
v 0.153156 -0.105353 -0.251578
v 0.149439 -0.123951 -0.245365
v 0.145088 -0.142025 -0.238122
v 0.109153 -0.159656 -0.246134
v 0.140107 -0.159545 -0.229860
v 0.076383 -0.159734 -0.258214
v -0.125364 0.015131 0.278050
v -0.124572 0.034950 0.276103
v -0.087035 0.035022 0.289948
v -0.087582 0.015197 0.291988
v -0.048026 0.035062 0.298818
v -0.048317 0.015235 0.300916
v -0.123242 0.054586 0.272951
v -0.086111 0.054660 0.286642
v -0.047526 0.054703 0.295416
v -0.161369 -0.004887 0.259951
v -0.161046 0.015029 0.259270
v -0.125610 -0.004791 0.278774
v -0.087746 -0.004729 0.292744
v -0.048396 -0.004692 0.301691
v -0.008180 0.015249 0.304650
v -0.008148 0.035076 0.302529
v -0.008080 0.054717 0.299089
v -0.046819 0.074081 0.290730
v -0.007976 0.074094 0.294349
v -0.084816 0.074035 0.282088
v -0.121379 0.073957 0.268608
v -0.158311 0.054472 0.254506
v -0.155915 0.073843 0.250451
v -0.160024 0.034842 0.257450
v -0.288270 -0.104339 -0.048494
v -0.281197 -0.122967 -0.047265
v -0.272914 -0.123159 -0.083601
v -0.279782 -0.104547 -0.085740
v -0.260006 -0.123344 -0.118562
v -0.266552 -0.104748 -0.121577
v -0.272915 -0.141094 -0.045850
v -0.264876 -0.141269 -0.081121
v -0.252346 -0.141438 -0.115055
v -0.294105 -0.085290 -0.049540
v -0.285447 -0.085510 -0.087535
v -0.271952 -0.085721 -0.124093
v -0.248743 -0.104931 -0.155425
v -0.253785 -0.085913 -0.158621
v -0.242633 -0.123518 -0.151582
v -0.235482 -0.141600 -0.147105
v -0.243583 -0.158981 -0.111058
v -0.227302 -0.159135 -0.141994
v -0.255679 -0.158824 -0.078300
v -0.263440 -0.158665 -0.044251
v 0.184054 0.090446 -0.230542
v 0.212073 0.090566 -0.204589
v 0.206872 0.109209 -0.199803
v 0.179537 0.109082 -0.225122
v 0.200783 0.127365 -0.194171
v 0.174250 0.127234 -0.218750
v 0.236501 0.090703 -0.175234
v 0.230702 0.109350 -0.171166
v 0.223914 0.127511 -0.166373
v 0.155962 0.071291 -0.257553
v 0.187788 0.071401 -0.234991
v 0.152855 0.090328 -0.252656
v 0.149098 0.108957 -0.246697
v 0.144705 0.127103 -0.239694
v 0.241286 0.071639 -0.178564
v 0.216369 0.071511 -0.208512
v -0.094045 -0.284836 0.125329
v -0.109190 -0.284941 0.111966
v -0.124250 -0.263884 0.123594
v -0.107297 -0.263761 0.138832
v -0.139271 -0.244382 0.135130
v -0.120518 -0.244246 0.152232
v -0.122460 -0.285069 0.096768
v -0.139069 -0.264031 0.106298
v -0.155635 -0.244542 0.115754
v -0.077232 -0.284743 0.136625
v -0.088449 -0.263652 0.151751
v -0.099647 -0.244127 0.166761
v -0.169334 -0.244728 0.094387
v -0.151508 -0.264204 0.087200
v -0.133639 -0.285223 0.079950
v 0.076896 -0.247370 -0.176545
v 0.053149 -0.247441 -0.184993
v 0.046286 -0.266841 -0.165068
v 0.067652 -0.266783 -0.157656
v 0.039481 -0.287656 -0.145225
v 0.058476 -0.287610 -0.138834
v 0.028520 -0.247479 -0.190302
v 0.024155 -0.266870 -0.169654
v 0.019834 -0.287675 -0.149099
v 0.110234 -0.228760 -0.181815
v 0.085610 -0.228873 -0.194574
v 0.099380 -0.247266 -0.165056
v 0.087913 -0.266692 -0.147499
v 0.076523 -0.287535 -0.129992
v 0.032546 -0.228996 -0.209990
v 0.059574 -0.228951 -0.204002
v -0.121859 -0.286942 -0.090620
v -0.108567 -0.287104 -0.105618
v -0.121245 -0.266262 -0.121948
v -0.136401 -0.266087 -0.105151
v -0.133940 -0.246863 -0.138355
v -0.150964 -0.246683 -0.119749
v -0.093462 -0.287255 -0.118770
v -0.104056 -0.266424 -0.136645
v -0.114666 -0.247028 -0.154607
v -0.133112 -0.286770 -0.073975
v -0.149271 -0.265900 -0.086487
v -0.165448 -0.246491 -0.099051
v -0.164991 -0.228231 -0.133477
v -0.180993 -0.228042 -0.110817
v -0.146205 -0.228410 -0.153833
v -0.124954 -0.228573 -0.171593
v -0.208987 -0.210135 -0.094381
v -0.222180 -0.192992 -0.101033
v -0.233216 -0.192823 -0.071165
v -0.219346 -0.209946 -0.066301
v -0.240296 -0.192651 -0.040112
v -0.225989 -0.209752 -0.037107
v -0.233629 -0.176052 -0.106487
v -0.245235 -0.175896 -0.075070
v -0.252682 -0.175738 -0.042412
v -0.195038 -0.210322 -0.120894
v -0.193868 -0.227841 -0.086241
v -0.203416 -0.227635 -0.060215
v -0.209521 -0.227423 -0.033159
v -0.228772 -0.209548 -0.007249
v -0.212050 -0.227201 -0.005488
v -0.243271 -0.192466 -0.008356
v -0.255808 -0.175569 -0.009018
v -0.218010 -0.176207 -0.136155
v -0.207327 -0.193161 -0.129237
v 0.123350 0.051809 -0.279820
v 0.086241 0.051692 -0.293532
v 0.087220 0.032075 -0.296609
v 0.124737 0.032189 -0.282745
v 0.087825 0.012268 -0.298430
v 0.125589 0.012380 -0.284476
v 0.047677 0.051591 -0.302341
v 0.048231 0.031973 -0.305511
v 0.048577 0.012168 -0.307386
v 0.121438 0.071171 -0.275719
v 0.158405 0.051924 -0.261369
v 0.160174 0.032300 -0.264088
v 0.161257 0.012490 -0.265694
v 0.008451 0.012092 -0.311153
v 0.008371 0.031896 -0.309262
v 0.008253 0.051517 -0.306059
v 0.046920 0.070951 -0.297896
v 0.008100 0.070886 -0.301562
v 0.084894 0.071050 -0.289221
v -0.020127 -0.284545 0.156017
v -0.039929 -0.284589 0.152075
v -0.046519 -0.263480 0.169583
v -0.024201 -0.263432 0.174247
v -0.053121 -0.243945 0.186962
v -0.028308 -0.243893 0.192349
v -0.059065 -0.284657 0.145590
v -0.068051 -0.263555 0.162056
v -0.077032 -0.244024 0.178399
v 0.000048 -0.284528 0.157342
v -0.001435 -0.263411 0.175961
v -0.002973 -0.243868 0.194454
v -0.032099 -0.225434 0.209632
v -0.059277 -0.225486 0.203578
v -0.085444 -0.225567 0.194054
v 0.115828 -0.244193 0.156167
v 0.135115 -0.244353 0.139693
v 0.122178 -0.263911 0.125810
v 0.104980 -0.263754 0.140742
v 0.109128 -0.285022 0.111902
v 0.094018 -0.284874 0.125268
v 0.152092 -0.244540 0.120862
v 0.137280 -0.264095 0.108780
v 0.122364 -0.285193 0.096693
v 0.126180 -0.225703 0.170853
v 0.094512 -0.244064 0.169996
v 0.085933 -0.263625 0.153315
v 0.077243 -0.284752 0.136565
v 0.166199 -0.226041 0.132373
v 0.147444 -0.225857 0.152913
v -0.198611 -0.176358 -0.163503
v -0.188881 -0.193325 -0.155233
v -0.167231 -0.193482 -0.178580
v -0.175839 -0.176502 -0.188063
v -0.142747 -0.193626 -0.198934
v -0.150083 -0.176634 -0.209475
v -0.177714 -0.210501 -0.145332
v -0.157380 -0.210671 -0.167280
v -0.134385 -0.210826 -0.186420
v -0.207080 -0.159281 -0.170512
v -0.183343 -0.159417 -0.196122
v -0.156493 -0.159542 -0.218449
v -0.121722 -0.176744 -0.227366
v -0.126925 -0.159646 -0.237102
v -0.115789 -0.193749 -0.215944
v -0.109070 -0.210962 -0.202421
v -0.191259 0.232889 -0.035026
v -0.185632 0.232767 -0.059706
v -0.166694 0.252248 -0.054170
v -0.171745 0.252362 -0.032019
v -0.147751 0.273217 -0.048644
v -0.152226 0.273323 -0.029024
v -0.176865 0.232652 -0.083445
v -0.158822 0.252143 -0.075475
v -0.140780 0.273118 -0.067514
v -0.212453 0.214556 -0.010195
v -0.209860 0.214411 -0.037891
v -0.193624 0.233017 -0.009783
v -0.173868 0.252478 -0.009356
v -0.154108 0.273430 -0.008940
v -0.131396 0.273029 -0.085345
v -0.148230 0.252045 -0.095602
v -0.165063 0.232544 -0.105869
v -0.194064 0.214149 -0.091043
v -0.181115 0.214031 -0.115650
v -0.203686 0.214276 -0.064982
v 0.035876 -0.211190 -0.227431
v 0.065057 -0.211141 -0.220867
v 0.069569 -0.193872 -0.235321
v 0.038519 -0.193923 -0.242359
v 0.073280 -0.176831 -0.247645
v 0.040619 -0.176882 -0.255069
v 0.093154 -0.211061 -0.210586
v 0.099458 -0.193792 -0.224329
v 0.104714 -0.176753 -0.236061
v 0.006059 -0.211207 -0.230149
v 0.006788 -0.193945 -0.245300
v 0.007240 -0.176906 -0.258185
v 0.134408 -0.176642 -0.220457
v 0.127696 -0.193677 -0.209516
v 0.119709 -0.210945 -0.196713
v -0.177077 -0.246285 -0.076615
v -0.185673 -0.246076 -0.052871
v -0.167134 -0.265502 -0.044907
v -0.159569 -0.265703 -0.066274
v -0.148598 -0.286409 -0.036979
v -0.142073 -0.286591 -0.055975
v -0.191126 -0.245859 -0.028197
v -0.171871 -0.265294 -0.022722
v -0.152608 -0.286221 -0.017278
v -0.154019 -0.286021 0.002832
v -0.173679 -0.265074 -0.000053
v -0.193321 -0.245631 -0.002969
v 0.161779 -0.176493 -0.201065
v 0.153730 -0.193526 -0.191102
v 0.177110 -0.193349 -0.169481
v 0.186353 -0.176322 -0.178300
v 0.197494 -0.193161 -0.145025
v 0.207771 -0.176142 -0.152557
v 0.144202 -0.210792 -0.179458
v 0.166210 -0.210610 -0.159184
v 0.185412 -0.210415 -0.136242
v 0.168638 -0.159399 -0.209636
v 0.194251 -0.159228 -0.185897
v 0.216574 -0.159051 -0.159055
v 0.171264 -0.228231 -0.126047
v 0.153406 -0.228429 -0.147223
v 0.132964 -0.228608 -0.165919
v -0.134676 0.195962 -0.189899
v -0.157708 0.196050 -0.170771
v -0.167692 0.178862 -0.181232
v -0.143192 0.178774 -0.201579
v -0.176300 0.161875 -0.190238
v -0.150534 0.161789 -0.211640
v -0.178075 0.196155 -0.148819
v -0.189354 0.178966 -0.157883
v -0.199081 0.161977 -0.165679
v -0.124830 0.213728 -0.176386
v -0.218485 0.162104 -0.138317
v -0.207809 0.179090 -0.131865
v -0.195428 0.196275 -0.124356
v -0.165037 0.213917 -0.138319
v -0.146167 0.213814 -0.158660
v 0.030300 0.232200 -0.195680
v 0.054961 0.232231 -0.190038
v 0.049291 0.251762 -0.171194
v 0.027155 0.251738 -0.176248
v 0.043609 0.272773 -0.152353
v 0.024004 0.272753 -0.156818
v 0.078676 0.232282 -0.181254
v 0.070580 0.251804 -0.163321
v 0.062470 0.272809 -0.145390
v 0.005065 0.232179 -0.198053
v 0.004504 0.251722 -0.178372
v 0.003940 0.272741 -0.158695
v 0.213856 0.196761 -0.086222
v 0.227472 0.179585 -0.091337
v 0.236879 0.179757 -0.060895
v 0.222699 0.196926 -0.057595
v 0.242271 0.179930 -0.029492
v 0.227767 0.197089 -0.028065
v 0.239215 0.162603 -0.095739
v 0.249107 0.162785 -0.063734
v 0.254776 0.162968 -0.030715
v 0.198117 0.214499 -0.080311
v 0.206308 0.214653 -0.053782
v 0.211002 0.214808 -0.026420
v 0.228948 0.197245 0.001905
v 0.243527 0.180093 0.002385
v 0.256095 0.163141 0.002804
v 0.174638 -0.141878 -0.217175
v 0.201165 -0.141707 -0.192585
v 0.207208 -0.123635 -0.198454
v 0.179879 -0.123803 -0.223786
v 0.212370 -0.105038 -0.203492
v 0.184357 -0.105206 -0.229457
v 0.224287 -0.141529 -0.164782
v 0.231029 -0.123455 -0.169812
v 0.236788 -0.104860 -0.174130
v 0.188047 -0.086154 -0.234157
v 0.216622 -0.085990 -0.207665
v 0.241533 -0.085814 -0.177708
v 0.257196 -0.104674 -0.141807
v 0.262353 -0.085629 -0.144727
v 0.250938 -0.123272 -0.138282
v 0.243611 -0.141351 -0.134176
v 0.098898 0.129643 0.254452
v 0.101918 0.111563 0.262346
v 0.066318 0.111627 0.273328
v 0.064341 0.129700 0.265105
v 0.029597 0.111671 0.279615
v 0.028699 0.129737 0.271199
v 0.104500 0.092984 0.269108
v 0.068009 0.093049 0.280373
v 0.030368 0.093094 0.286830
v 0.131812 0.129566 0.239358
v -0.007473 0.129751 0.272602
v -0.007672 0.111690 0.281070
v -0.007839 0.093114 0.288331
v 0.031004 0.074076 0.292810
v 0.069405 0.074034 0.286213
v 0.106632 0.073973 0.274713
v 0.139253 0.092903 0.253160
v 0.142082 0.073894 0.258442
v 0.135824 0.111484 0.246792
v 0.150397 0.164067 0.203330
v 0.143007 0.180992 0.193084
v 0.167514 0.180883 0.172706
v 0.176161 0.163951 0.181906
v 0.189174 0.180760 0.149334
v 0.198935 0.163824 0.157332
v 0.134433 0.198112 0.181201
v 0.157477 0.198012 0.162038
v 0.177845 0.197899 0.140061
v 0.156801 0.147002 0.212212
v 0.183654 0.146884 0.189881
v 0.207390 0.146758 0.164267
v 0.218331 0.163694 0.129971
v 0.227609 0.146627 0.135747
v 0.207622 0.180633 0.123314
v 0.195192 0.197777 0.115594
v 0.164742 0.215588 0.129340
v 0.145870 0.215690 0.149706
v 0.124519 0.215779 0.167467
v -0.109964 0.012075 -0.290917
v -0.071497 0.012043 -0.302790
v -0.071053 0.031855 -0.300978
v -0.109273 0.031891 -0.289190
v -0.070305 0.051497 -0.297885
v -0.108114 0.051541 -0.286233
v -0.031820 0.012048 -0.309586
v -0.031634 0.031856 -0.307718
v -0.031315 0.051486 -0.304541
v -0.146895 -0.007767 -0.274552
v -0.110183 -0.007832 -0.291402
v -0.146600 0.012139 -0.274106
v -0.145677 0.031958 -0.272489
v -0.144128 0.051613 -0.269713
v -0.106491 0.070949 -0.282052
v -0.069256 0.070893 -0.293523
v -0.030861 0.070868 -0.300072
v -0.031869 -0.007859 -0.310129
v -0.071634 -0.007863 -0.303306
v 0.258726 -0.141177 -0.101293
v 0.269416 -0.141006 -0.066757
v 0.277525 -0.122907 -0.068823
v 0.266512 -0.123089 -0.104403
v 0.284448 -0.104296 -0.070602
v 0.273160 -0.104486 -0.107076
v 0.275550 -0.140834 -0.031118
v 0.283845 -0.122725 -0.032107
v 0.290924 -0.104103 -0.032966
v 0.278637 -0.085438 -0.109292
v 0.290150 -0.085243 -0.072078
v 0.296754 -0.085044 -0.033683
v 0.292434 -0.103900 0.005249
v 0.285319 -0.122530 0.005176
v 0.276982 -0.140651 0.005074
v 0.288549 0.091944 0.042260
v 0.280063 0.092123 0.079500
v 0.273196 0.110722 0.077353
v 0.281476 0.110555 0.041021
v 0.265161 0.128814 0.074868
v 0.273197 0.128659 0.039599
v 0.266837 0.092285 0.115327
v 0.260292 0.110875 0.112307
v 0.252636 0.128958 0.108799
v 0.294386 0.072897 0.043310
v 0.263731 0.146212 0.037998
v 0.255975 0.146355 0.072049
v 0.243884 0.146492 0.104809
v 0.235777 0.129095 0.140844
v 0.242924 0.111017 0.145318
v 0.249033 0.092434 0.149160
v 0.272237 0.073260 0.117844
v 0.254076 0.073417 0.152359
v 0.285730 0.073086 0.081298
v -0.234990 0.051939 -0.194200
v -0.237518 0.032297 -0.196173
v -0.210318 0.032162 -0.225523
v -0.208082 0.051808 -0.223241
v -0.179554 0.032048 -0.251111
v -0.177646 0.051701 -0.248562
v -0.239027 0.012489 -0.197318
v -0.211654 0.012349 -0.226849
v -0.180693 0.012232 -0.252594
v -0.257912 0.052093 -0.161862
v -0.181058 -0.007674 -0.253000
v -0.212082 -0.007555 -0.227208
v -0.239513 -0.007412 -0.197621
v -0.262347 0.012651 -0.164431
v -0.262880 -0.007247 -0.164670
v -0.260688 0.032457 -0.163490
v 0.249446 -0.026967 -0.183809
v 0.223717 -0.027112 -0.214778
v 0.222306 -0.046933 -0.213315
v 0.247871 -0.046774 -0.182550
v 0.219939 -0.066588 -0.210943
v 0.245233 -0.066418 -0.180517
v 0.194202 -0.027246 -0.242168
v 0.192979 -0.047081 -0.240521
v 0.190925 -0.066746 -0.237848
v 0.271495 -0.006917 -0.150127
v 0.249948 -0.007074 -0.184295
v 0.270947 -0.026801 -0.149716
v 0.269238 -0.046600 -0.148682
v 0.266371 -0.066237 -0.147021
v 0.194588 -0.007322 -0.242782
v 0.224165 -0.007205 -0.215334
v -0.081872 -0.211067 -0.214943
v -0.053314 -0.211143 -0.223809
v -0.056418 -0.193902 -0.238643
v -0.086827 -0.193840 -0.229243
v -0.059255 -0.176876 -0.251221
v -0.091249 -0.176824 -0.241347
v -0.023852 -0.211190 -0.228915
v -0.025052 -0.193936 -0.244035
v -0.026255 -0.176903 -0.256874
v -0.095153 -0.159721 -0.251678
v -0.061795 -0.159772 -0.261967
v -0.027388 -0.159800 -0.267855
v -0.152762 -0.285809 0.022963
v -0.172478 -0.264842 0.022670
v -0.168323 -0.264615 0.045012
v -0.148892 -0.285598 0.042723
v -0.161307 -0.264401 0.066636
v -0.142492 -0.285402 0.061816
v -0.192164 -0.245393 0.022341
v -0.187718 -0.245158 0.047261
v -0.180079 -0.244936 0.071406
v -0.197884 -0.226512 0.076190
v -0.206145 -0.226736 0.049660
v -0.210902 -0.226968 0.022291
v -0.122053 0.233932 0.145651
v -0.140610 0.233811 0.128479
v -0.126261 0.253177 0.114749
v -0.109602 0.253289 0.130151
v -0.111909 0.274031 0.101012
v -0.097151 0.274130 0.114644
v -0.156788 0.233681 0.109053
v -0.140787 0.253058 0.097322
v -0.124782 0.273927 0.085583
v -0.101386 0.234035 0.160284
v -0.091052 0.253384 0.143278
v -0.080718 0.274214 0.126268
v -0.135549 0.273822 0.068568
v -0.152933 0.252938 0.078114
v -0.170310 0.233547 0.087650
v 0.121628 -0.287132 -0.090596
v 0.138401 -0.266229 -0.102597
v 0.123574 -0.266406 -0.119700
v 0.108355 -0.287288 -0.105632
v 0.106665 -0.266564 -0.134752
v 0.093251 -0.287424 -0.118839
v 0.155245 -0.246761 -0.114595
v 0.138872 -0.246952 -0.133782
v 0.120159 -0.247124 -0.150699
v 0.132858 -0.286964 -0.073938
v 0.169005 -0.246558 -0.093415
v 0.150901 -0.266040 -0.083685
v -0.234106 0.162252 -0.108619
v -0.222667 0.179229 -0.103622
v -0.233704 0.179385 -0.073710
v -0.245710 0.162424 -0.077169
v -0.240785 0.179556 -0.042618
v -0.253153 0.162612 -0.044479
v -0.209400 0.196404 -0.097800
v -0.219782 0.196544 -0.069672
v -0.226442 0.196697 -0.040436
v -0.244017 0.145130 -0.112926
v -0.256113 0.145315 -0.080143
v -0.263873 0.145517 -0.046070
v -0.256280 0.162808 -0.011062
v -0.267131 0.145726 -0.011237
v -0.243758 0.179736 -0.010835
v -0.229238 0.196859 -0.010547
v -0.192634 0.233145 0.015540
v -0.172981 0.252589 0.013384
v -0.169139 0.252702 0.035769
v -0.188356 0.233275 0.040478
v -0.162431 0.252817 0.057460
v -0.180885 0.233410 0.064643
v -0.153321 0.273527 0.011217
v -0.149917 0.273622 0.031050
v -0.143972 0.273721 0.050267
v -0.211366 0.214701 0.017597
v -0.206670 0.214850 0.044967
v -0.198473 0.215001 0.071492
v 0.180470 0.232975 -0.073688
v 0.187929 0.233120 -0.049515
v 0.168654 0.252562 -0.045052
v 0.161962 0.252428 -0.066753
v 0.149374 0.273486 -0.040598
v 0.143448 0.273365 -0.059822
v 0.192202 0.233265 -0.024588
v 0.172487 0.252697 -0.022672
v 0.152767 0.273608 -0.020773
v -0.300995 0.053118 0.027965
v -0.294293 0.053323 0.066955
v -0.297459 0.033691 0.067803
v -0.304233 0.033482 0.028388
v -0.299349 0.013903 0.068349
v -0.306165 0.013689 0.028679
v -0.282608 0.053529 0.104748
v -0.285650 0.033900 0.106011
v -0.287465 0.014115 0.106807
v -0.297991 0.072308 -0.011587
v -0.296457 0.072518 0.027397
v -0.302553 0.052908 -0.011619
v -0.305809 0.033268 -0.011625
v -0.307753 0.013472 -0.011594
v -0.306788 -0.006182 0.028845
v -0.308379 -0.006404 -0.011512
v -0.299957 -0.005965 0.068601
v -0.288049 -0.005752 0.107143
v -0.270656 0.014324 0.143437
v -0.271206 -0.005547 0.143854
v -0.268945 0.034109 0.142400
v -0.266079 0.053735 0.140740
v -0.278347 0.072922 0.103014
v -0.262064 0.073123 0.138456
v -0.289857 0.072721 0.065797
v 0.287762 -0.026614 -0.113088
v 0.285947 -0.046410 -0.112296
v 0.297759 -0.046210 -0.074088
v 0.299648 -0.026410 -0.074630
v 0.304533 -0.046003 -0.034672
v 0.306465 -0.026198 -0.034959
v 0.282904 -0.066045 -0.111031
v 0.294592 -0.065848 -0.073239
v 0.301295 -0.065645 -0.034250
v 0.288344 -0.006732 -0.113418
v 0.300254 -0.006525 -0.074875
v 0.307085 -0.006305 -0.035116
v -0.104410 0.090030 -0.276669
v -0.067911 0.089960 -0.287910
v -0.066278 0.108613 -0.281079
v -0.101884 0.108691 -0.270110
v -0.064364 0.126774 -0.273060
v -0.098925 0.126859 -0.262404
v -0.030276 0.089922 -0.294330
v -0.029561 0.108562 -0.287347
v -0.028723 0.126716 -0.279153
v 0.007445 0.126704 -0.280548
v 0.007696 0.108555 -0.288776
v 0.007915 0.089925 -0.295790
v -0.258455 0.128747 0.095042
v -0.266239 0.110620 0.098146
v -0.277247 0.110426 0.062550
v -0.269138 0.128555 0.060484
v -0.283556 0.110226 0.025822
v -0.275260 0.128357 0.024829
v -0.272880 0.091986 0.100809
v -0.284164 0.091788 0.064325
v -0.290633 0.091586 0.026681
v -0.243337 0.128931 0.127945
v -0.249541 0.146312 0.091504
v -0.259853 0.146123 0.058139
v -0.265762 0.145928 0.023714
v -0.276681 0.128150 -0.011369
v -0.285021 0.110016 -0.011467
v -0.292136 0.091377 -0.011536
v -0.256916 0.092180 0.135550
v -0.250664 0.110809 0.132041
v 0.214836 0.129226 0.170382
v 0.221349 0.111150 0.175744
v 0.196022 0.111273 0.203068
v 0.190251 0.129351 0.196909
v 0.167373 0.111385 0.226889
v 0.162440 0.129466 0.220036
v 0.226917 0.092570 0.180346
v 0.200956 0.092693 0.208348
v 0.171591 0.092804 0.232761
v 0.175070 0.073797 0.237632
v 0.205027 0.073684 0.212731
v 0.231513 0.073559 0.184168
v 0.141802 -0.286786 -0.055952
v 0.148322 -0.286605 -0.036983
v 0.167971 -0.265633 -0.041809
v 0.160808 -0.265840 -0.063293
v 0.187648 -0.246128 -0.046595
v 0.179860 -0.246346 -0.070604
v 0.152339 -0.286417 -0.017314
v 0.172301 -0.265424 -0.019565
v 0.192272 -0.245908 -0.021768
v -0.244754 -0.064657 0.174890
v -0.247455 -0.045028 0.176703
v -0.221895 -0.044865 0.207477
v -0.219464 -0.064492 0.205323
v -0.192571 -0.044724 0.234694
v -0.190452 -0.064349 0.232235
v -0.249096 -0.025234 0.177752
v -0.223376 -0.025066 0.208734
v -0.193864 -0.024919 0.236138
v -0.265888 -0.064841 0.141389
v -0.241003 -0.084049 0.172317
v -0.216094 -0.083876 0.202280
v -0.187519 -0.083725 0.228776
v -0.158136 -0.064229 0.255162
v -0.155693 -0.083597 0.251345
v -0.159904 -0.044607 0.257880
v -0.160985 -0.024800 0.259483
v -0.194318 -0.005015 0.236552
v -0.223893 -0.005173 0.209085
v -0.249668 -0.005352 0.178031
v -0.270590 -0.025421 0.143650
v -0.268814 -0.045210 0.142829
v 0.150046 0.233993 0.117320
v 0.132852 0.234085 0.135881
v 0.119210 0.253438 0.121377
v 0.134639 0.253354 0.104713
v 0.105566 0.274263 0.106866
v 0.119232 0.274187 0.092099
v 0.113402 0.234164 0.152067
v 0.101748 0.253509 0.135916
v 0.090097 0.274327 0.119753
v -0.190631 0.054319 0.231581
v -0.192694 0.034693 0.234264
v -0.222022 0.034514 0.207048
v -0.219648 0.054138 0.204671
v -0.247584 0.034316 0.176273
v -0.244942 0.053940 0.174240
v -0.193926 0.014889 0.235925
v -0.223440 0.014718 0.208521
v -0.249162 0.014527 0.177537
v -0.187747 0.073691 0.227887
v -0.216327 0.073514 0.201398
v -0.241242 0.073322 0.171440
v -0.171290 -0.105340 -0.239043
v -0.200657 -0.105224 -0.214628
v -0.195722 -0.123806 -0.209344
v -0.167072 -0.123923 -0.233166
v -0.189948 -0.141884 -0.203175
v -0.162137 -0.142005 -0.226301
v -0.226622 -0.105088 -0.186619
v -0.221052 -0.123671 -0.182016
v -0.214535 -0.141750 -0.176647
v -0.141780 -0.086427 -0.264726
v -0.174770 -0.086330 -0.243916
v -0.138951 -0.105438 -0.259445
v -0.135522 -0.124023 -0.253071
v -0.131511 -0.142106 -0.245623
v -0.231217 -0.086077 -0.190442
v -0.204728 -0.086214 -0.219011
v -0.236502 0.092369 0.167879
v -0.230746 0.110988 0.163579
v -0.206912 0.111158 0.192218
v -0.212074 0.092551 0.197238
v -0.179573 0.111314 0.217536
v -0.184053 0.092719 0.223196
v -0.224001 0.129100 0.158560
v -0.200865 0.129256 0.186360
v -0.174325 0.129399 0.210934
v -0.152848 0.092864 0.245306
v -0.149128 0.111448 0.239099
v -0.144772 0.129523 0.231862
v 0.301082 0.053051 -0.034858
v 0.294386 0.052815 -0.073851
v 0.297616 0.033170 -0.074489
v 0.304386 0.033404 -0.035071
v 0.299574 0.013365 -0.074828
v 0.306389 0.013591 -0.035155
v 0.282705 0.052593 -0.111651
v 0.285809 0.032953 -0.112699
v 0.287691 0.013152 -0.113288
v 0.302640 0.053285 0.004724
v 0.305961 0.033636 0.004942
v 0.307976 0.013820 0.005117
v 0.270878 0.012965 -0.149917
v 0.269103 0.032764 -0.149090
v 0.266177 0.052401 -0.147645
v -0.266849 0.090732 -0.122738
v -0.260353 0.109377 -0.119962
v -0.273261 0.109578 -0.084983
v -0.280082 0.090937 -0.086885
v -0.281544 0.109796 -0.048630
v -0.288572 0.091156 -0.049626
v -0.252737 0.127526 -0.116692
v -0.265266 0.127722 -0.082736
v -0.273305 0.127934 -0.047446
v -0.272196 0.071669 -0.125016
v -0.285696 0.071872 -0.088444
v -0.294357 0.072090 -0.050439
v -0.227589 -0.209329 0.022727
v -0.242027 -0.192266 0.023521
v -0.236643 -0.192060 0.054932
v -0.222512 -0.209108 0.052266
v -0.227243 -0.191852 0.085383
v -0.213655 -0.208891 0.080905
v -0.254497 -0.175383 0.024500
v -0.248833 -0.175186 0.057523
v -0.238947 -0.174986 0.089534
v 0.273613 -0.140450 0.041150
v 0.265575 -0.140244 0.076441
v 0.273566 -0.122105 0.078692
v 0.281847 -0.122320 0.042339
v 0.280386 -0.103467 0.080596
v 0.288873 -0.103685 0.043338
v 0.253043 -0.140041 0.110398
v 0.260656 -0.121895 0.113671
v 0.267154 -0.103255 0.116444
v 0.264189 -0.158025 0.039761
v 0.249343 -0.103057 0.150300
v 0.243280 -0.121697 0.146705
v 0.236174 -0.139850 0.142467
v 0.244332 -0.157634 0.106618
v 0.228044 -0.157451 0.137580
v 0.256431 -0.157828 0.073834
v 0.233944 0.163561 0.100293
v 0.222468 0.180503 0.095091
v 0.233496 0.180373 0.065206
v 0.245540 0.163429 0.068868
v 0.240565 0.180239 0.034145
v 0.252977 0.163292 0.036203
v 0.209152 0.197649 0.089059
v 0.219519 0.197520 0.060967
v 0.226164 0.197387 0.031764
v -0.031783 -0.027773 -0.309338
v -0.071461 -0.027769 -0.302522
v -0.070981 -0.047575 -0.300448
v -0.031558 -0.047590 -0.307224
v -0.070194 -0.067200 -0.297102
v -0.031198 -0.067226 -0.303805
v -0.109926 -0.027734 -0.290638
v -0.109197 -0.047533 -0.288638
v -0.107996 -0.067149 -0.285420
v -0.030700 -0.086601 -0.299095
v -0.069101 -0.086564 -0.292500
v -0.106329 -0.086506 -0.280998
v -0.143994 -0.067074 -0.268895
v -0.145588 -0.047462 -0.271932
v -0.146556 -0.027668 -0.273824
v -0.118994 0.092975 0.263097
v -0.116101 0.111553 0.256451
v -0.081139 0.111629 0.269336
v -0.083155 0.093054 0.276308
v -0.044810 0.111675 0.277599
v -0.045912 0.093101 0.284778
v -0.112714 0.129619 0.248702
v -0.078779 0.129689 0.261207
v -0.043517 0.129734 0.269229
v 0.199434 -0.174373 0.159377
v 0.189849 -0.191273 0.151619
v 0.168200 -0.191114 0.175032
v 0.176655 -0.174222 0.183965
v 0.143705 -0.190979 0.195446
v 0.150889 -0.174094 0.205397
v 0.178833 -0.208359 0.142668
v 0.158517 -0.208186 0.164739
v 0.135509 -0.208042 0.183996
v 0.218838 -0.174544 0.131994
v 0.207813 -0.157280 0.166118
v 0.184064 -0.157129 0.191739
v 0.157205 -0.157001 0.214071
v 0.196114 -0.208552 0.118110
v 0.208280 -0.191453 0.125552
v -0.119748 0.272949 -0.101781
v -0.135081 0.251951 -0.114150
v -0.119654 0.251869 -0.130798
v -0.106084 0.272882 -0.116536
v -0.102204 0.251801 -0.145310
v -0.090620 0.272829 -0.129402
v -0.150413 0.232439 -0.126526
v -0.133224 0.232343 -0.145065
v -0.113786 0.232264 -0.161221
v -0.073572 0.272789 -0.140163
v -0.082978 0.251753 -0.157443
v -0.092380 0.232207 -0.174724
v -0.024490 0.274349 0.147094
v -0.027552 0.253537 0.166776
v -0.049660 0.253501 0.161720
v -0.044066 0.274317 0.142607
v -0.070937 0.253452 0.153856
v -0.062904 0.274275 0.135637
v -0.030622 0.234205 0.186450
v -0.055263 0.234165 0.180823
v -0.078975 0.234110 0.172067
v 0.304225 0.014041 0.045245
v 0.295284 0.014249 0.084494
v 0.293351 0.034059 0.083804
v 0.302234 0.033855 0.044811
v 0.290165 0.053700 0.082736
v 0.298952 0.053501 0.044163
v 0.281346 0.014442 0.122256
v 0.279503 0.034249 0.121322
v 0.276465 0.053883 0.119847
v 0.258022 0.054049 0.154894
v 0.260860 0.034424 0.156752
v 0.262581 0.014620 0.157920
v -0.069372 0.232170 -0.185295
v -0.045205 0.232156 -0.192771
v -0.040617 0.251706 -0.173641
v -0.062313 0.251720 -0.166934
v -0.036024 0.272740 -0.154515
v -0.055248 0.272758 -0.148578
v -0.020267 0.232162 -0.197059
v -0.018232 0.251709 -0.177483
v -0.016197 0.272736 -0.157911
v -0.238968 -0.027310 -0.197073
v -0.237399 -0.047105 -0.195684
v -0.210206 -0.047249 -0.225007
v -0.211598 -0.027454 -0.226589
v -0.179453 -0.047367 -0.250570
v -0.180642 -0.027573 -0.252321
v -0.234814 -0.066720 -0.193469
v -0.207915 -0.066860 -0.222476
v -0.177494 -0.066978 -0.247763
v -0.262284 -0.027141 -0.164197
v -0.257730 -0.066552 -0.161158
v -0.260565 -0.046935 -0.163021
v 0.194130 0.012591 -0.242361
v 0.223646 0.012696 -0.214976
v 0.222167 0.032498 -0.213714
v 0.192837 0.032399 -0.240913
v 0.219737 0.052128 -0.211557
v 0.190720 0.052026 -0.238454
v 0.249376 0.012816 -0.184008
v 0.247736 0.032616 -0.182956
v 0.245035 0.052248 -0.181140
v 0.253484 -0.175111 0.038153
v 0.241133 -0.192048 0.036276
v 0.234100 -0.191843 0.067364
v 0.246052 -0.174916 0.070837
v 0.223104 -0.191643 0.097285
v 0.234456 -0.174725 0.102288
v 0.226807 -0.209193 0.034092
v 0.220266 -0.208971 0.063336
v 0.209993 -0.208756 0.091493
v 0.032099 0.015245 0.303050
v 0.031869 0.035067 0.300940
v 0.071289 0.035038 0.294161
v 0.071776 0.015222 0.296227
v 0.109503 0.034989 0.282349
v 0.110238 0.015178 0.284338
v 0.031505 0.054704 0.297520
v 0.070499 0.054668 0.290817
v 0.108300 0.054612 0.279134
v 0.146864 0.015113 0.267524
v 0.145893 0.034919 0.265644
v 0.144298 0.054538 0.262610
v -0.098600 -0.142184 -0.260720
v -0.064045 -0.142240 -0.271378
v -0.066018 -0.124163 -0.279610
v -0.101618 -0.124102 -0.268626
v -0.067707 -0.105580 -0.286659
v -0.104198 -0.105517 -0.275393
v -0.028404 -0.142276 -0.277477
v -0.029298 -0.124205 -0.285901
v -0.030065 -0.105622 -0.293117
v -0.045655 -0.102393 0.285940
v -0.044511 -0.121021 0.279014
v -0.080844 -0.121074 0.270744
v -0.082898 -0.102446 0.277465
v -0.115804 -0.121156 0.257850
v -0.118736 -0.102526 0.264248
v -0.043177 -0.139180 0.270875
v -0.078440 -0.139232 0.262847
v -0.112375 -0.139313 0.250332
v -0.046603 -0.083369 0.291636
v -0.084600 -0.083419 0.282991
v -0.121161 -0.083495 0.269506
v -0.152585 -0.102635 0.246447
v -0.148826 -0.121268 0.240487
v -0.144427 -0.139425 0.233479
v -0.108455 -0.156934 0.241704
v -0.075694 -0.156854 0.253787
v -0.041648 -0.156803 0.261538
v -0.048260 -0.024607 0.301132
v -0.047912 -0.044407 0.299254
v -0.087524 -0.024646 0.292202
v -0.124454 -0.044516 0.276535
v -0.125304 -0.024709 0.278265
v -0.047358 -0.064018 0.296081
v -0.085943 -0.064065 0.287304
v -0.123070 -0.064135 0.273609
v -0.304000 0.013252 -0.051726
v -0.295057 0.013038 -0.090981
v -0.293193 0.032839 -0.090505
v -0.302081 0.033052 -0.051500
v -0.290070 0.052477 -0.089655
v -0.298863 0.052691 -0.051067
v -0.281116 0.012836 -0.128754
v -0.279338 0.032639 -0.128038
v -0.276363 0.052275 -0.126788
v -0.304619 -0.006629 -0.051731
v -0.281688 -0.007058 -0.128921
v -0.295658 -0.006849 -0.091069
v 0.215219 -0.139672 0.172024
v 0.190623 -0.139515 0.198561
v 0.196358 -0.121361 0.204484
v 0.221695 -0.121518 0.177150
v 0.201251 -0.102726 0.209513
v 0.227220 -0.102879 0.181500
v 0.162803 -0.139385 0.221690
v 0.167700 -0.121228 0.228310
v 0.171877 -0.102598 0.233930
v 0.231765 -0.083831 0.185072
v 0.205273 -0.083685 0.213643
v 0.175312 -0.083565 0.238548
v 0.239268 0.014777 0.190789
v 0.211901 0.014911 0.220298
v 0.210507 0.034711 0.218725
v 0.237697 0.034578 0.189406
v 0.208215 0.054329 0.216196
v 0.235110 0.054198 0.187195
v 0.180948 0.015023 0.246025
v 0.179755 0.034825 0.244284
v 0.177795 0.054442 0.241480
v 0.239815 -0.005124 0.191325
v 0.181369 -0.004882 0.246682
v 0.212388 -0.004991 0.220900
v 0.119012 0.090199 -0.270461
v 0.116082 0.108823 -0.264069
v 0.081133 0.108698 -0.276982
v 0.083188 0.090076 -0.283696
v 0.044818 0.108604 -0.285276
v 0.045965 0.089980 -0.292199
v 0.112658 0.126967 -0.256562
v 0.078735 0.126841 -0.269100
v 0.043483 0.126748 -0.277153
v -0.183783 -0.102771 0.224328
v -0.179261 -0.121409 0.218909
v -0.206590 -0.121574 0.193577
v -0.211795 -0.102931 0.198359
v -0.230415 -0.121761 0.164925
v -0.236215 -0.103112 0.168991
v -0.173971 -0.139566 0.212535
v -0.200499 -0.139731 0.187947
v -0.223625 -0.139920 0.160135
v 0.177982 -0.064204 0.242154
v 0.179883 -0.044588 0.244727
v 0.210637 -0.044695 0.219165
v 0.208405 -0.064316 0.216867
v 0.237830 -0.044827 0.189843
v 0.235305 -0.064454 0.187859
v 0.181013 -0.024786 0.246245
v 0.211967 -0.024894 0.220517
v 0.239335 -0.025024 0.191006
v 0.071544 -0.243966 0.180873
v 0.065380 -0.263524 0.163247
v 0.043738 -0.263453 0.170386
v 0.047381 -0.243900 0.188636
v 0.021353 -0.263416 0.174653
v 0.022414 -0.243868 0.193195
v 0.059112 -0.284652 0.145534
v 0.040003 -0.284580 0.152032
v 0.020219 -0.284539 0.155993
v -0.214151 0.197354 0.077607
v -0.227712 0.180272 0.082913
v -0.237119 0.180096 0.052469
v -0.222997 0.197188 0.048980
v -0.242509 0.179916 0.021056
v -0.228065 0.197022 0.019443
v -0.239406 0.163375 0.087506
v -0.249298 0.163191 0.055495
v -0.254966 0.163002 0.022469
v -0.300798 -0.065455 0.028620
v -0.304099 -0.045831 0.028823
v -0.297326 -0.045613 0.068234
v -0.294099 -0.065239 0.067605
v -0.285518 -0.045405 0.106440
v -0.282415 -0.065034 0.105396
v -0.306098 -0.026049 0.028895
v -0.299282 -0.025830 0.068565
v -0.287398 -0.025620 0.107021
v -0.302357 -0.065681 -0.010957
v -0.307685 -0.026276 -0.011375
v -0.305675 -0.046060 -0.011186
v -0.039902 -0.173896 0.250968
v -0.037818 -0.190763 0.238936
v -0.068911 -0.190815 0.231873
v -0.072569 -0.173945 0.243530
v -0.098832 -0.190893 0.220850
v -0.104006 -0.174023 0.231938
v -0.035262 -0.207802 0.225225
v -0.064538 -0.207853 0.218613
v -0.092715 -0.207933 0.208272
v -0.276176 -0.066355 -0.126099
v -0.279212 -0.046737 -0.127581
v -0.293062 -0.046520 -0.090056
v -0.289878 -0.066138 -0.088978
v -0.301948 -0.046292 -0.051057
v -0.298668 -0.065911 -0.050398
v -0.281051 -0.026946 -0.128526
v -0.294991 -0.026731 -0.090757
v -0.303934 -0.026506 -0.051504
vn -0.2392 -0.0225 0.9707
vn -0.2391 -0.0225 0.9707
vn -0.1922 -0.0273 0.9810
vn -0.1923 -0.0273 0.9810
vn -0.2885 -0.0303 0.9570
vn -0.2884 -0.0303 0.9570
vn -0.7036 -0.0935 0.7045
vn -0.7035 -0.0935 0.7045
vn -0.7035 -0.0934 0.7045
vn -0.3905 -0.0236 0.9203
vn -0.3906 -0.0236 0.9203
vn -0.3929 -0.0257 0.9192
vn -0.3929 -0.0259 0.9192
vn -0.1517 -0.0221 0.9882
vn -0.1505 -0.0255 0.9883
vn -0.1504 -0.0253 0.9883
vn -0.3959 -0.0444 0.9172
vn -0.2181 -0.0441 0.9749
vn -0.3964 -0.0280 0.9176
vn -0.3964 -0.0280 0.9177
vn -0.1375 -0.0462 0.9894
vn -0.1376 -0.0462 0.9894
vn -0.1502 -0.0287 0.9882
vn -0.2691 -0.0474 0.9619
vn 0.6920 -0.0322 -0.7212
vn 0.6920 -0.0322 -0.7211
vn 0.6564 -0.0373 -0.7535
vn 0.7273 -0.0397 -0.6852
vn 0.9615 -0.0987 -0.2563
vn 0.9616 -0.0987 -0.2563
vn 0.7975 -0.0322 -0.6024
vn 0.7976 -0.0322 -0.6024
vn 0.7990 -0.0343 -0.6004
vn 0.7989 -0.0345 -0.6005
vn 0.6245 -0.0324 -0.7804
vn 0.6235 -0.0358 -0.7810
vn 0.6234 -0.0356 -0.7811
vn 0.6245 -0.0324 -0.7803
vn 0.8003 -0.0528 -0.5972
vn 0.6755 -0.0538 -0.7354
vn 0.8010 -0.0365 -0.5975
vn 0.6129 -0.0564 -0.7881
vn 0.6232 -0.0390 -0.7811
vn 0.7130 -0.0568 -0.6989
vn 0.7130 -0.0568 -0.6988
vn -0.9462 -0.1751 0.2722
vn -0.9462 -0.1751 0.2723
vn -0.9657 -0.1803 0.1870
vn -0.9039 -0.3279 0.2747
vn -0.9039 -0.3279 0.2746
vn -0.9278 -0.3336 0.1669
vn -0.9278 -0.3336 0.1668
vn -0.9181 -0.0890 0.3862
vn -0.9610 -0.0917 0.2607
vn -0.9742 -0.0951 0.2045
vn -0.9742 -0.0951 0.2046
vn -0.9929 -0.0943 0.0727
vn -0.9929 -0.0943 0.0726
vn -0.9823 -0.1784 0.0578
vn -0.9424 -0.3316 0.0443
vn -0.8414 -0.5392 0.0363
vn -0.8298 -0.5388 0.1457
vn -0.8054 -0.5368 0.2515
vn -0.7664 -0.5359 0.3542
vn -0.8616 -0.3239 0.3909
vn -0.9026 -0.1712 0.3950
vn 0.9565 -0.0337 0.2896
vn 0.9565 -0.0337 0.2897
vn 0.9701 -0.0263 0.2414
vn 0.9803 -0.0315 0.1951
vn 0.9891 -0.0507 0.1384
vn 0.9880 -0.0332 0.1507
vn 0.9881 -0.0298 0.1509
vn 0.9881 -0.0300 0.1510
vn 0.9613 -0.0509 0.2706
vn 0.7060 -0.0931 0.7020
vn 0.7061 -0.0931 0.7020
vn 0.9202 -0.0262 0.3906
vn 0.9191 -0.0282 0.3931
vn 0.9191 -0.0285 0.3930
vn 0.9880 -0.0267 0.1522
vn 0.9169 -0.0468 0.3965
vn 0.9168 -0.0468 0.3965
vn 0.9742 -0.0480 0.2206
vn 0.9175 -0.0305 0.3967
vn 0.9174 -0.0305 0.3967
vn 0.9466 -0.0346 -0.3206
vn 0.9727 -0.0368 -0.2291
vn 0.9605 -0.0295 -0.2769
vn 0.9923 -0.0498 -0.1137
vn 0.9923 -0.0498 -0.1138
vn 0.9539 -0.0511 -0.2957
vn 0.9929 -0.0335 -0.1139
vn 0.9924 -0.0316 -0.1188
vn 0.9925 -0.0313 -0.1186
vn 0.9247 -0.0538 -0.3770
vn 0.9246 -0.0538 -0.3770
vn 0.9299 -0.0364 -0.3660
vn 0.9301 -0.0330 -0.3659
vn 0.9301 -0.0332 -0.3658
vn 0.9673 -0.0540 -0.2476
vn 0.9673 -0.0540 -0.2477
vn 0.9621 -0.0958 0.2554
vn 0.9621 -0.0957 0.2554
vn 0.9921 -0.0293 -0.1218
vn 0.9306 -0.0298 -0.3648
vn 0.9306 -0.0298 -0.3647
vn -0.7542 -0.0374 -0.6556
vn -0.6863 -0.0406 -0.7262
vn -0.7224 -0.0327 -0.6907
vn -0.5981 -0.0547 -0.7996
vn -0.7359 -0.0542 -0.6749
vn -0.7359 -0.0542 -0.6750
vn -0.7358 -0.0542 -0.6750
vn -0.5985 -0.0383 -0.8002
vn -0.6015 -0.0363 -0.7980
vn -0.6015 -0.0361 -0.7981
vn -0.7887 -0.0561 -0.6122
vn -0.7887 -0.0561 -0.6123
vn -0.7819 -0.0387 -0.6222
vn -0.7819 -0.0352 -0.6224
vn -0.7819 -0.0354 -0.6224
vn -0.6995 -0.0576 -0.7123
vn -0.2587 -0.1036 -0.9604
vn -0.6035 -0.0340 -0.7966
vn -0.7813 -0.0320 -0.6233
vn 0.2173 -0.3386 -0.9155
vn 0.2406 -0.1859 -0.9527
vn 0.2405 -0.1859 -0.9527
vn 0.3230 -0.3333 -0.8858
vn 0.3231 -0.3333 -0.8858
vn 0.3240 -0.1810 -0.9286
vn 0.0809 -0.5431 -0.8358
vn 0.0961 -0.3362 -0.9369
vn 0.1128 -0.1836 -0.9765
vn 0.1285 -0.0999 -0.9867
vn 0.2588 -0.1012 -0.9606
vn 0.3139 -0.0980 -0.9444
vn 0.4358 -0.0957 -0.8949
vn 0.4432 -0.1774 -0.8787
vn 0.4432 -0.1775 -0.8787
vn 0.4358 -0.3295 -0.8376
vn 0.3929 -0.5407 -0.7438
vn 0.2928 -0.5415 -0.7881
vn 0.1891 -0.5431 -0.8181
vn -0.6575 -0.0289 0.7529
vn -0.7294 -0.0322 0.6833
vn -0.6939 -0.0242 0.7197
vn -0.8017 -0.0464 0.5959
vn -0.6775 -0.0458 0.7341
vn -0.8023 -0.0300 0.5962
vn -0.7997 -0.0280 0.5997
vn -0.7998 -0.0277 0.5996
vn -0.6140 -0.0477 0.7879
vn -0.6244 -0.0302 0.7805
vn -0.6246 -0.0268 0.7805
vn -0.6246 -0.0270 0.7805
vn -0.7152 -0.0493 0.6972
vn -0.9606 -0.0964 0.2606
vn -0.9606 -0.0965 0.2606
vn -0.7981 -0.0257 0.6020
vn -0.6256 -0.0236 0.7798
vn -0.2703 -0.1817 -0.9455
vn -0.2704 -0.1817 -0.9455
vn -0.1837 -0.1864 -0.9651
vn -0.2719 -0.3341 -0.9025
vn -0.2719 -0.3341 -0.9024
vn -0.1627 -0.3392 -0.9265
vn -0.3870 -0.0965 -0.9170
vn -0.2591 -0.0986 -0.9608
vn -0.2013 -0.1017 -0.9742
vn -0.0683 -0.1001 -0.9926
vn -0.0534 -0.1838 -0.9815
vn -0.0396 -0.3363 -0.9409
vn -0.0395 -0.3363 -0.9409
vn -0.0308 -0.5431 -0.8391
vn -0.1405 -0.5434 -0.8276
vn -0.2472 -0.5422 -0.8031
vn -0.3511 -0.5419 -0.7636
vn -0.3512 -0.5419 -0.7636
vn -0.3895 -0.3308 -0.8596
vn -0.3894 -0.3308 -0.8596
vn -0.3950 -0.1784 -0.9012
vn 0.7085 -0.3305 -0.6235
vn 0.6580 -0.3371 -0.6733
vn 0.7155 -0.1780 -0.6756
vn 0.7155 -0.1800 -0.6750
vn 0.7115 -0.1842 -0.6781
vn 0.7115 -0.1842 -0.6782
vn 0.7113 -0.5384 -0.4519
vn 0.6456 -0.5393 -0.5407
vn 0.6456 -0.5393 -0.5406
vn 0.5743 -0.5415 -0.6140
vn 0.4898 -0.5418 -0.6830
vn 0.5648 -0.3346 -0.7544
vn 0.6088 -0.1817 -0.7722
vn 0.6294 -0.0980 -0.7709
vn 0.7445 -0.0992 -0.6602
vn 0.7006 -0.0953 -0.7071
vn 0.7007 -0.0953 -0.7071
vn 0.8039 -0.0934 -0.5873
vn 0.8046 -0.1749 -0.5675
vn 0.7857 -0.3269 -0.5251
vn 0.2253 -0.0300 0.9738
vn 0.2744 -0.0223 0.9613
vn 0.3212 -0.0273 0.9466
vn 0.3736 -0.0464 0.9264
vn 0.3617 -0.0289 0.9318
vn 0.3617 -0.0289 0.9319
vn 0.3614 -0.0255 0.9321
vn 0.3613 -0.0257 0.9321
vn 0.2446 -0.0471 0.9685
vn -0.2551 -0.0919 0.9625
vn -0.2551 -0.0920 0.9625
vn 0.1198 -0.0229 0.9925
vn 0.1197 -0.0229 0.9925
vn 0.1173 -0.0250 0.9928
vn 0.1173 -0.0252 0.9928
vn 0.3600 -0.0223 0.9327
vn 0.1139 -0.0436 0.9925
vn 0.2956 -0.0440 0.9543
vn 0.2956 -0.0439 0.9543
vn 0.1136 -0.0273 0.9932
vn 0.2261 -0.1750 0.9583
vn 0.2311 -0.1703 0.9579
vn 0.2260 -0.1750 0.9583
vn 0.1836 -0.3284 0.9265
vn 0.2307 -0.1687 0.9583
vn 0.2534 -0.3221 0.9122
vn 0.1058 -0.0879 0.9905
vn 0.0882 -0.1720 0.9812
vn 0.0882 -0.1720 0.9811
vn 0.0608 -0.3255 0.9436
vn 0.0607 -0.3255 0.9436
vn 0.0360 -0.5338 0.8449
vn 0.1450 -0.5337 0.8331
vn 0.2453 -0.5321 0.8104
vn 0.3490 -0.5318 0.7716
vn 0.3723 -0.3192 0.8715
vn 0.3722 -0.3192 0.8715
vn 0.3647 -0.1664 0.9161
vn 0.3527 -0.0846 0.9319
vn 0.2004 -0.0855 0.9760
vn 0.2634 -0.0899 0.9605
vn 0.9181 -0.3315 0.2174
vn 0.9181 -0.3315 0.2173
vn 0.9544 -0.1785 0.2394
vn 0.8883 -0.3258 0.3237
vn 0.8883 -0.3258 0.3238
vn 0.9302 -0.1733 0.3234
vn 0.9302 -0.1732 0.3235
vn 0.9302 -0.1733 0.3235
vn 0.8396 -0.5370 0.0818
vn 0.9393 -0.3295 0.0955
vn 0.9393 -0.3295 0.0954
vn 0.9780 -0.1766 0.1110
vn 0.9780 -0.1766 0.1111
vn 0.9876 -0.0928 0.1263
vn 0.9619 -0.0936 0.2569
vn 0.9456 -0.0902 0.3125
vn 0.9456 -0.0902 0.3126
vn 0.8959 -0.0876 0.4356
vn 0.8958 -0.0876 0.4356
vn 0.8801 -0.1694 0.4436
vn 0.8398 -0.3218 0.4373
vn 0.7474 -0.5338 0.3956
vn 0.7918 -0.5347 0.2952
vn 0.8220 -0.5366 0.1909
vn -0.2802 -0.1756 0.9437
vn -0.2758 -0.1715 0.9458
vn -0.2758 -0.1716 0.9458
vn -0.3010 -0.3293 0.8949
vn -0.2764 -0.1694 0.9460
vn -0.2339 -0.3228 0.9171
vn -0.4019 -0.0888 0.9114
vn -0.4122 -0.1730 0.8945
vn -0.4169 -0.3267 0.8482
vn -0.4168 -0.3267 0.8483
vn -0.3885 -0.5348 0.7503
vn -0.2878 -0.5347 0.7945
vn -0.1898 -0.5331 0.8245
vn -0.0819 -0.5324 0.8425
vn -0.1118 -0.3196 0.9409
vn -0.1119 -0.3196 0.9409
vn -0.1407 -0.1666 0.9759
vn -0.1585 -0.0846 0.9837
vn -0.3114 -0.0861 0.9464
vn -0.3113 -0.0861 0.9464
vn -0.2491 -0.0902 0.9643
vn 0.6244 -0.3229 0.7113
vn 0.6244 -0.3228 0.7113
vn 0.6746 -0.3293 0.6607
vn 0.6749 -0.1698 0.7181
vn 0.6745 -0.1719 0.7180
vn 0.6745 -0.1720 0.7180
vn 0.6783 -0.1760 0.7134
vn 0.4542 -0.5321 0.7146
vn 0.5433 -0.5326 0.6489
vn 0.6170 -0.5346 0.5776
vn 0.6865 -0.5347 0.4928
vn 0.7563 -0.3267 0.5668
vn 0.7732 -0.1735 0.6100
vn 0.7714 -0.0896 0.6300
vn 0.6598 -0.0908 0.7459
vn 0.7054 -0.0869 0.7034
vn 0.5849 -0.0853 0.8066
vn 0.5662 -0.1670 0.8072
vn 0.5252 -0.3196 0.7886
vn 0.5253 -0.3196 0.7886
vn 0.2429 -0.0339 -0.9695
vn 0.1954 -0.0389 -0.9800
vn 0.2919 -0.0415 -0.9555
vn 0.2919 -0.0415 -0.9556
vn 0.7034 -0.1018 -0.7035
vn 0.7033 -0.1018 -0.7035
vn 0.3917 -0.0343 -0.9195
vn 0.3942 -0.0363 -0.9183
vn 0.3941 -0.0366 -0.9184
vn 0.1546 -0.0339 -0.9874
vn 0.1535 -0.0373 -0.9874
vn 0.1534 -0.0370 -0.9875
vn 0.3972 -0.0548 -0.9161
vn 0.2211 -0.0555 -0.9737
vn 0.2212 -0.0555 -0.9737
vn 0.3977 -0.0386 -0.9167
vn 0.1409 -0.0579 -0.9883
vn 0.1532 -0.0404 -0.9874
vn 0.2728 -0.0586 -0.9603
vn 0.6842 -0.0312 0.7286
vn 0.7194 -0.0238 0.6941
vn 0.7194 -0.0238 0.6942
vn 0.7509 -0.0288 0.6598
vn 0.7883 -0.0480 0.6134
vn 0.7813 -0.0305 0.6234
vn 0.7812 -0.0271 0.6237
vn 0.7811 -0.0273 0.6238
vn 0.6980 -0.0484 0.7145
vn 0.6979 -0.0484 0.7145
vn 0.2614 -0.0918 0.9609
vn 0.2614 -0.0917 0.9609
vn 0.6008 -0.0239 0.7991
vn 0.5981 -0.0259 0.8010
vn 0.5982 -0.0263 0.8009
vn 0.7805 -0.0239 0.6247
vn 0.5940 -0.0445 0.8032
vn 0.5941 -0.0445 0.8032
vn 0.7331 -0.0454 0.6786
vn 0.7331 -0.0454 0.6787
vn 0.5942 -0.0282 0.8038
vn -0.6769 -0.1855 -0.7123
vn -0.6810 -0.1817 -0.7094
vn -0.6770 -0.1855 -0.7123
vn -0.6235 -0.3388 -0.7046
vn -0.6810 -0.1794 -0.7100
vn -0.6760 -0.3324 -0.6577
vn -0.5894 -0.0990 -0.8017
vn -0.5894 -0.0990 -0.8018
vn -0.5686 -0.1830 -0.8020
vn -0.5687 -0.1830 -0.8020
vn -0.5250 -0.3361 -0.7819
vn -0.4531 -0.5434 -0.7067
vn -0.4532 -0.5434 -0.7067
vn -0.5418 -0.5434 -0.6413
vn -0.5418 -0.5434 -0.6412
vn -0.6164 -0.5414 -0.5717
vn -0.6165 -0.5414 -0.5717
vn -0.6858 -0.5407 -0.4872
vn -0.7574 -0.3289 -0.5641
vn -0.7745 -0.1764 -0.6075
vn -0.7731 -0.0946 -0.6272
vn -0.6649 -0.0964 -0.7407
vn -0.7110 -0.1003 -0.6960
vn -0.7109 -0.1003 -0.6961
vn -0.9703 -0.0301 -0.2399
vn -0.9808 -0.0347 -0.1921
vn -0.9808 -0.0347 -0.1922
vn -0.9566 -0.0381 -0.2889
vn -0.7052 -0.1022 -0.7016
vn -0.7052 -0.1023 -0.7016
vn -0.9205 -0.0317 -0.3894
vn -0.9193 -0.0337 -0.3921
vn -0.9194 -0.0340 -0.3919
vn -0.9882 -0.0293 -0.1500
vn -0.9883 -0.0327 -0.1490
vn -0.9883 -0.0325 -0.1489
vn -0.9170 -0.0524 -0.3955
vn -0.9170 -0.0524 -0.3954
vn -0.9745 -0.0516 -0.2184
vn -0.9176 -0.0360 -0.3959
vn -0.9892 -0.0533 -0.1366
vn -0.9882 -0.0359 -0.1488
vn -0.9614 -0.0551 -0.2695
vn 0.9268 -0.3278 -0.1833
vn 0.9079 -0.3345 -0.2526
vn 0.9586 -0.1753 -0.2244
vn 0.9583 -0.1772 -0.2242
vn 0.9561 -0.1814 -0.2303
vn 0.8436 -0.5359 -0.0337
vn 0.8314 -0.5369 -0.1435
vn 0.8063 -0.5389 -0.2436
vn 0.7673 -0.5394 -0.3469
vn 0.8671 -0.3322 -0.3711
vn 0.9136 -0.1792 -0.3649
vn 0.9304 -0.0955 -0.3539
vn 0.9753 -0.0963 -0.1987
vn 0.9614 -0.0925 -0.2591
vn 0.9905 -0.0904 -0.1035
vn 0.9813 -0.1720 -0.0861
vn 0.9813 -0.1720 -0.0862
vn 0.9441 -0.3242 -0.0590
vn -0.9728 -0.0350 0.2288
vn -0.9728 -0.0350 0.2289
vn -0.9600 -0.0269 0.2785
vn -0.9601 -0.0269 0.2785
vn -0.9448 -0.0315 0.3262
vn -0.9448 -0.0315 0.3261
vn -0.9254 -0.0503 0.3756
vn -0.9306 -0.0328 0.3646
vn -0.9307 -0.0294 0.3647
vn -0.9307 -0.0296 0.3645
vn -0.9675 -0.0520 0.2474
vn -0.9617 -0.0996 -0.2553
vn -0.9617 -0.0996 -0.2554
vn -0.9617 -0.0995 -0.2554
vn -0.9919 -0.0286 0.1236
vn -0.9922 -0.0307 0.1210
vn -0.9922 -0.0310 0.1211
vn -0.9312 -0.0262 0.3636
vn -0.9312 -0.0262 0.3637
vn -0.9919 -0.0494 0.1172
vn -0.9919 -0.0494 0.1171
vn -0.9529 -0.0484 0.2995
vn -0.9926 -0.0330 0.1172
vn -0.9175 -0.3358 -0.2133
vn -0.9174 -0.3358 -0.2133
vn -0.9542 -0.1827 -0.2371
vn -0.8875 -0.3313 -0.3202
vn -0.8875 -0.3313 -0.3201
vn -0.9300 -0.1785 -0.3214
vn -0.8383 -0.5399 -0.0758
vn -0.9387 -0.3324 -0.0914
vn -0.9778 -0.1794 -0.1084
vn -0.9877 -0.0954 -0.1242
vn -0.9619 -0.0978 -0.2554
vn -0.9619 -0.0978 -0.2555
vn -0.9455 -0.0951 -0.3113
vn -0.8957 -0.0938 -0.4346
vn -0.8957 -0.0938 -0.4347
vn -0.8796 -0.1760 -0.4419
vn -0.8389 -0.3286 -0.4338
vn -0.7458 -0.5402 -0.3898
vn -0.7904 -0.5401 -0.2891
vn -0.8207 -0.5407 -0.1847
vn -0.2277 -0.0419 -0.9728
vn -0.2753 -0.0341 -0.9607
vn -0.2753 -0.0341 -0.9608
vn -0.3193 -0.0390 -0.9468
vn -0.3193 -0.0390 -0.9469
vn -0.3766 -0.0578 -0.9246
vn -0.3658 -0.0404 -0.9298
vn -0.3658 -0.0369 -0.9300
vn -0.3657 -0.0371 -0.9300
vn -0.2462 -0.0590 -0.9674
vn 0.2542 -0.1037 -0.9616
vn -0.1212 -0.0350 -0.9920
vn -0.1213 -0.0350 -0.9920
vn -0.1175 -0.0370 -0.9924
vn -0.1178 -0.0374 -0.9923
vn -0.3648 -0.0337 -0.9305
vn -0.1119 -0.0556 -0.9922
vn -0.2940 -0.0557 -0.9542
vn -0.1120 -0.0393 -0.9929
vn -0.7101 -0.3250 0.6246
vn -0.6595 -0.3309 0.6749
vn -0.7175 -0.1714 0.6751
vn -0.7175 -0.1735 0.6746
vn -0.7134 -0.1775 0.6779
vn -0.7114 -0.5352 0.4556
vn -0.6463 -0.5349 0.5443
vn -0.5749 -0.5359 0.6183
vn -0.4899 -0.5352 0.6882
vn -0.5653 -0.3273 0.7571
vn -0.6098 -0.1739 0.7733
vn -0.6304 -0.0898 0.7711
vn -0.7466 -0.0924 0.6588
vn -0.7027 -0.0878 0.7061
vn -0.7027 -0.0878 0.7060
vn -0.8055 -0.0874 0.5861
vn -0.8061 -0.1696 0.5670
vn -0.7869 -0.3226 0.5261
vn -0.7868 -0.3226 0.5261
vn -0.2396 0.0225 -0.9706
vn -0.1922 0.0273 -0.9810
vn -0.1923 0.0273 -0.9810
vn -0.2885 0.0303 -0.9570
vn -0.7036 0.0935 -0.7045
vn -0.7035 0.0935 -0.7045
vn -0.7036 0.0934 -0.7045
vn -0.3905 0.0236 -0.9203
vn -0.3929 0.0257 -0.9192
vn -0.3928 0.0259 -0.9192
vn -0.1516 0.0221 -0.9882
vn -0.1504 0.0255 -0.9883
vn -0.1503 0.0253 -0.9883
vn -0.1517 0.0221 -0.9882
vn -0.3959 0.0444 -0.9172
vn -0.2183 0.0441 -0.9749
vn -0.3964 0.0280 -0.9177
vn -0.1375 0.0462 -0.9894
vn -0.1374 0.0462 -0.9894
vn -0.1501 0.0287 -0.9882
vn -0.2692 0.0474 -0.9619
vn 0.6919 0.0322 0.7213
vn 0.6564 0.0373 0.7535
vn 0.7273 0.0397 0.6852
vn 0.9615 0.0987 0.2563
vn 0.7975 0.0322 0.6024
vn 0.7989 0.0342 0.6004
vn 0.7989 0.0345 0.6005
vn 0.6245 0.0324 0.7803
vn 0.6236 0.0358 0.7810
vn 0.6235 0.0356 0.7810
vn 0.8003 0.0528 0.5972
vn 0.6754 0.0538 0.7355
vn 0.8010 0.0365 0.5975
vn 0.6129 0.0564 0.7882
vn 0.6233 0.0390 0.7810
vn 0.7129 0.0568 0.6989
vn 0.7129 0.0568 0.6990
vn -0.9453 0.1746 -0.2755
vn -0.9651 0.1799 -0.1904
vn -0.9021 0.3261 -0.2826
vn -0.9021 0.3260 -0.2827
vn -0.9268 0.3324 -0.1748
vn -0.9178 0.0890 -0.3870
vn -0.9608 0.0917 -0.2615
vn -0.9741 0.0951 -0.2052
vn -0.9928 0.0942 -0.0735
vn -0.9821 0.1782 -0.0612
vn -0.9422 0.3309 -0.0522
vn -0.8419 0.5374 -0.0501
vn -0.8293 0.5355 -0.1597
vn -0.8040 0.5321 -0.2655
vn -0.8040 0.5320 -0.2655
vn -0.7641 0.5295 -0.3685
vn -0.7641 0.5294 -0.3685
vn -0.8590 0.3213 -0.3986
vn -0.9013 0.1705 -0.3983
vn -0.9012 0.1705 -0.3984
vn 0.9565 0.0337 -0.2897
vn 0.9565 0.0337 -0.2896
vn 0.9700 0.0263 -0.2415
vn 0.9803 0.0315 -0.1951
vn 0.9803 0.0315 -0.1950
vn 0.9891 0.0507 -0.1384
vn 0.9880 0.0332 -0.1506
vn 0.9881 0.0298 -0.1509
vn 0.9881 0.0300 -0.1510
vn 0.9614 0.0509 -0.2705
vn 0.7060 0.0931 -0.7020
vn 0.7061 0.0931 -0.7020
vn 0.9202 0.0262 -0.3906
vn 0.9191 0.0282 -0.3931
vn 0.9191 0.0285 -0.3930
vn 0.9880 0.0267 -0.1522
vn 0.9168 0.0468 -0.3965
vn 0.9742 0.0480 -0.2206
vn 0.9174 0.0305 -0.3967
vn 0.9466 0.0346 0.3207
vn 0.9727 0.0368 0.2292
vn 0.9604 0.0295 0.2769
vn 0.9923 0.0498 0.1138
vn 0.9923 0.0498 0.1137
vn 0.9539 0.0511 0.2957
vn 0.9929 0.0335 0.1139
vn 0.9924 0.0316 0.1188
vn 0.9925 0.0313 0.1186
vn 0.9246 0.0539 0.3770
vn 0.9246 0.0538 0.3770
vn 0.9299 0.0364 0.3660
vn 0.9301 0.0330 0.3659
vn 0.9301 0.0331 0.3657
vn 0.9673 0.0540 0.2478
vn 0.9673 0.0540 0.2479
vn 0.9621 0.0958 -0.2554
vn 0.9621 0.0957 -0.2554
vn 0.9921 0.0293 0.1218
vn 0.9306 0.0298 0.3647
vn -0.7542 0.0374 0.6556
vn -0.6863 0.0406 0.7262
vn -0.7224 0.0327 0.6907
vn -0.5980 0.0547 0.7996
vn -0.5981 0.0547 0.7996
vn -0.7359 0.0542 0.6750
vn -0.7359 0.0542 0.6749
vn -0.5985 0.0383 0.8002
vn -0.6016 0.0363 0.7980
vn -0.6015 0.0361 0.7981
vn -0.7887 0.0561 0.6122
vn -0.7819 0.0387 0.6222
vn -0.7819 0.0352 0.6224
vn -0.7818 0.0354 0.6225
vn -0.6995 0.0576 0.7123
vn -0.2586 0.1036 0.9604
vn -0.6035 0.0340 0.7966
vn -0.6036 0.0340 0.7966
vn -0.7813 0.0321 0.6234
vn 0.2087 0.3438 0.9156
vn 0.2087 0.3438 0.9155
vn 0.2375 0.1872 0.9532
vn 0.3143 0.3382 0.8870
vn 0.3203 0.1822 0.9296
vn 0.3202 0.1822 0.9297
vn 0.3202 0.1822 0.9296
vn 0.0660 0.5558 0.8287
vn 0.0661 0.5558 0.8287
vn 0.0875 0.3416 0.9357
vn 0.1093 0.1849 0.9766
vn 0.1094 0.1849 0.9766
vn 0.1278 0.1000 0.9867
vn 0.2582 0.1013 0.9608
vn 0.3130 0.0982 0.9447
vn 0.4351 0.0958 0.8953
vn 0.4398 0.1786 0.8802
vn 0.4273 0.3343 0.8400
vn 0.3770 0.5519 0.7438
vn 0.2769 0.5532 0.7857
vn 0.1736 0.5553 0.8133
vn -0.6574 0.0289 -0.7530
vn -0.7294 0.0322 -0.6833
vn -0.6939 0.0242 -0.7196
vn -0.6940 0.0242 -0.7196
vn -0.8017 0.0464 -0.5959
vn -0.6774 0.0458 -0.7342
vn -0.8023 0.0300 -0.5962
vn -0.7997 0.0280 -0.5998
vn -0.7998 0.0277 -0.5997
vn -0.6139 0.0477 -0.7880
vn -0.6244 0.0302 -0.7805
vn -0.6246 0.0268 -0.7805
vn -0.6246 0.0270 -0.7804
vn -0.7152 0.0493 -0.6972
vn -0.9606 0.0964 -0.2606
vn -0.9606 0.0965 -0.2606
vn -0.7981 0.0257 -0.6020
vn -0.7980 0.0257 -0.6021
vn -0.6256 0.0236 -0.7798
vn -0.2735 0.1827 0.9444
vn -0.1872 0.1875 0.9643
vn -0.1873 0.1875 0.9643
vn -0.2794 0.3380 0.8987
vn -0.1711 0.3432 0.9235
vn -0.3876 0.0966 0.9168
vn -0.3876 0.0966 0.9167
vn -0.2599 0.0987 0.9606
vn -0.2598 0.0987 0.9606
vn -0.2021 0.1018 0.9741
vn -0.2020 0.1018 0.9741
vn -0.0692 0.1001 0.9926
vn -0.0572 0.1847 0.9811
vn -0.0481 0.3403 0.9391
vn -0.0449 0.5528 0.8321
vn -0.1537 0.5531 0.8188
vn -0.2591 0.5517 0.7928
vn -0.3616 0.5508 0.7522
vn -0.3616 0.5509 0.7522
vn -0.3965 0.3343 0.8550
vn -0.3981 0.1793 0.8997
vn -0.3980 0.1793 0.8997
vn 0.7050 0.3344 0.6254
vn 0.6550 0.3406 0.6745
vn 0.7145 0.1791 0.6763
vn 0.7141 0.1818 0.6761
vn 0.7140 0.1818 0.6761
vn 0.7110 0.1849 0.6784
vn 0.7035 0.5454 0.4556
vn 0.6369 0.5475 0.5428
vn 0.5650 0.5504 0.6147
vn 0.4801 0.5518 0.6819
vn 0.5615 0.3386 0.7550
vn 0.6083 0.1826 0.7724
vn 0.6294 0.0981 0.7709
vn 0.7445 0.0992 0.6602
vn 0.7005 0.0954 0.7073
vn 0.8039 0.0935 0.5874
vn 0.8038 0.1758 0.5683
vn 0.7829 0.3303 0.5273
vn 0.7828 0.3303 0.5273
vn 0.2253 0.0300 -0.9738
vn 0.2741 0.0223 -0.9615
vn 0.2741 0.0223 -0.9614
vn 0.3212 0.0273 -0.9466
vn 0.3211 0.0273 -0.9466
vn 0.3737 0.0464 -0.9264
vn 0.3616 0.0289 -0.9319
vn 0.3613 0.0255 -0.9321
vn 0.3612 0.0257 -0.9321
vn 0.2446 0.0471 -0.9685
vn -0.2552 0.0919 -0.9625
vn -0.2551 0.0920 -0.9625
vn -0.2551 0.0919 -0.9625
vn 0.1197 0.0229 -0.9925
vn 0.1173 0.0250 -0.9928
vn 0.1173 0.0252 -0.9928
vn 0.3600 0.0223 -0.9327
vn 0.1139 0.0436 -0.9925
vn 0.2956 0.0440 -0.9543
vn 0.1136 0.0273 -0.9932
vn 0.2263 0.1737 -0.9585
vn 0.2267 0.1681 -0.9593
vn 0.2266 0.1683 -0.9593
vn 0.1869 0.3226 -0.9279
vn 0.1869 0.3225 -0.9279
vn 0.2322 0.1671 -0.9582
vn 0.2575 0.3157 -0.9132
vn 0.2576 0.3157 -0.9132
vn 0.1057 0.0878 -0.9905
vn 0.1058 0.0878 -0.9905
vn 0.0886 0.1706 -0.9814
vn 0.0638 0.3195 -0.9454
vn 0.0439 0.5187 -0.8538
vn 0.0438 0.5187 -0.8538
vn 0.1539 0.5189 -0.8409
vn 0.2549 0.5173 -0.8170
vn 0.2550 0.5173 -0.8170
vn 0.3594 0.5175 -0.7766
vn 0.3765 0.3130 -0.8719
vn 0.3765 0.3130 -0.8720
vn 0.3658 0.1648 -0.9160
vn 0.3529 0.0844 -0.9319
vn 0.3528 0.0844 -0.9319
vn 0.2007 0.0853 -0.9759
vn 0.2006 0.0853 -0.9759
vn 0.2633 0.0898 -0.9605
vn 0.9204 0.3305 -0.2088
vn 0.9553 0.1782 -0.2358
vn 0.8917 0.3243 -0.3158
vn 0.9314 0.1729 -0.3202
vn 0.8413 0.5363 -0.0676
vn 0.8413 0.5364 -0.0676
vn 0.9402 0.3293 -0.0866
vn 0.9784 0.1766 -0.1073
vn 0.9878 0.0928 -0.1254
vn 0.9621 0.0936 -0.2561
vn 0.9458 0.0902 -0.3120
vn 0.9458 0.0902 -0.3119
vn 0.8962 0.0876 -0.4349
vn 0.8817 0.1690 -0.4405
vn 0.8444 0.3199 -0.4298
vn 0.8444 0.3198 -0.4298
vn 0.7569 0.5285 -0.3843
vn 0.7990 0.5309 -0.2824
vn 0.7990 0.5308 -0.2824
vn 0.8266 0.5343 -0.1770
vn -0.2801 0.1743 -0.9440
vn -0.2801 0.1685 -0.9451
vn -0.2802 0.1687 -0.9450
vn -0.2986 0.3239 -0.8978
vn -0.2985 0.3239 -0.8978
vn -0.2751 0.1678 -0.9467
vn -0.2305 0.3167 -0.9201
vn -0.4020 0.0887 -0.9114
vn -0.4019 0.0887 -0.9114
vn -0.4119 0.1718 -0.8949
vn -0.4149 0.3216 -0.8512
vn -0.4148 0.3216 -0.8512
vn -0.3852 0.5220 -0.7610
vn -0.2831 0.5211 -0.8052
vn -0.1841 0.5184 -0.8351
vn -0.0751 0.5172 -0.8525
vn -0.1082 0.3132 -0.9435
vn -0.1395 0.1650 -0.9764
vn -0.1583 0.0845 -0.9838
vn -0.3112 0.0859 -0.9464
vn -0.2491 0.0901 -0.9643
vn 0.6273 0.3197 -0.7101
vn 0.6781 0.3257 -0.6589
vn 0.6753 0.1692 -0.7179
vn 0.6755 0.1719 -0.7170
vn 0.6756 0.1719 -0.7170
vn 0.6793 0.1749 -0.7127
vn 0.4636 0.5223 -0.7157
vn 0.5525 0.5238 -0.6483
vn 0.6258 0.5265 -0.5756
vn 0.6258 0.5264 -0.5755
vn 0.6942 0.5279 -0.4893
vn 0.7592 0.3237 -0.5646
vn 0.7739 0.1727 -0.6094
vn 0.7739 0.1727 -0.6093
vn 0.7715 0.0896 -0.6299
vn 0.6600 0.0907 -0.7458
vn 0.6599 0.0907 -0.7458
vn 0.7054 0.0869 -0.7034
vn 0.5850 0.0852 -0.8065
vn 0.5668 0.1663 -0.8069
vn 0.5285 0.3161 -0.7879
vn 0.2432 0.0339 0.9694
vn 0.1952 0.0389 0.9800
vn 0.2919 0.0415 0.9555
vn 0.7034 0.1018 0.7035
vn 0.7033 0.1018 0.7035
vn 0.7033 0.1017 0.7035
vn 0.3918 0.0343 0.9194
vn 0.3942 0.0363 0.9183
vn 0.3941 0.0366 0.9183
vn 0.1546 0.0339 0.9874
vn 0.1534 0.0373 0.9875
vn 0.1534 0.0370 0.9875
vn 0.3972 0.0548 0.9161
vn 0.2213 0.0555 0.9736
vn 0.3977 0.0386 0.9167
vn 0.1408 0.0579 0.9883
vn 0.1531 0.0404 0.9874
vn 0.2727 0.0586 0.9603
vn 0.2728 0.0586 0.9603
vn 0.6841 0.0312 -0.7287
vn 0.7194 0.0238 -0.6941
vn 0.7194 0.0238 -0.6942
vn 0.7509 0.0288 -0.6598
vn 0.7884 0.0480 -0.6133
vn 0.7813 0.0305 -0.6234
vn 0.7812 0.0271 -0.6236
vn 0.7812 0.0273 -0.6237
vn 0.6979 0.0484 -0.7145
vn 0.6980 0.0484 -0.7145
vn 0.2613 0.0918 -0.9609
vn 0.2614 0.0917 -0.9609
vn 0.6008 0.0239 -0.7991
vn 0.5981 0.0259 -0.8010
vn 0.5983 0.0263 -0.8009
vn 0.7805 0.0239 -0.6247
vn 0.5941 0.0445 -0.8031
vn 0.5941 0.0445 -0.8032
vn 0.7330 0.0454 -0.6787
vn 0.7331 0.0454 -0.6787
vn 0.7331 0.0454 -0.6786
vn 0.5943 0.0282 -0.8038
vn -0.6778 0.1864 0.7112
vn -0.6789 0.1803 0.7117
vn -0.6787 0.1804 0.7119
vn -0.6254 0.3421 0.7013
vn -0.6812 0.1799 0.7096
vn -0.6777 0.3348 0.6547
vn -0.5895 0.0991 0.8016
vn -0.5694 0.1839 0.8012
vn -0.5274 0.3397 0.7787
vn -0.4568 0.5514 0.6980
vn -0.5447 0.5506 0.6325
vn -0.6188 0.5476 0.5631
vn -0.6188 0.5476 0.5632
vn -0.6876 0.5457 0.4789
vn -0.7588 0.3308 0.5611
vn -0.7748 0.1768 0.6070
vn -0.7731 0.0946 0.6272
vn -0.6649 0.0964 0.7407
vn -0.7110 0.1004 0.6960
vn -0.9704 0.0301 0.2398
vn -0.9808 0.0347 0.1921
vn -0.9808 0.0347 0.1922
vn -0.9566 0.0381 0.2888
vn -0.9566 0.0381 0.2889
vn -0.7052 0.1022 0.7016
vn -0.7052 0.1023 0.7016
vn -0.9205 0.0317 0.3894
vn -0.9193 0.0337 0.3920
vn -0.9194 0.0340 0.3919
vn -0.9882 0.0293 0.1500
vn -0.9883 0.0327 0.1490
vn -0.9883 0.0325 0.1489
vn -0.9883 0.0293 0.1500
vn -0.9170 0.0524 0.3954
vn -0.9170 0.0524 0.3955
vn -0.9745 0.0516 0.2184
vn -0.9176 0.0360 0.3959
vn -0.9892 0.0533 0.1365
vn -0.9892 0.0533 0.1366
vn -0.9882 0.0359 0.1488
vn -0.9614 0.0551 0.2694
vn -0.9615 0.0551 0.2694
vn 0.9256 0.3294 0.1866
vn 0.9066 0.3357 0.2556
vn 0.9583 0.1758 0.2253
vn 0.9577 0.1785 0.2258
vn 0.9576 0.1785 0.2259
vn 0.9559 0.1815 0.2310
vn 0.9559 0.1815 0.2309
vn 0.8426 0.5370 0.0407
vn 0.8285 0.5394 0.1504
vn 0.8019 0.5427 0.2498
vn 0.7612 0.5446 0.3521
vn 0.8652 0.3341 0.3739
vn 0.9133 0.1796 0.3655
vn 0.9304 0.0955 0.3539
vn 0.9752 0.0963 0.1990
vn 0.9753 0.0963 0.1990
vn 0.9614 0.0926 0.2592
vn 0.9905 0.0905 0.1035
vn 0.9905 0.0905 0.1036
vn 0.9812 0.1724 0.0870
vn 0.9436 0.3251 0.0623
vn -0.9729 0.0350 -0.2286
vn -0.9729 0.0350 -0.2287
vn -0.9601 0.0269 -0.2785
vn -0.9448 0.0315 -0.3260
vn -0.9254 0.0503 -0.3757
vn -0.9306 0.0328 -0.3646
vn -0.9307 0.0294 -0.3646
vn -0.9307 0.0296 -0.3645
vn -0.9675 0.0520 -0.2474
vn -0.9617 0.0996 0.2553
vn -0.9617 0.0996 0.2554
vn -0.9617 0.0995 0.2554
vn -0.9919 0.0286 -0.1236
vn -0.9922 0.0307 -0.1210
vn -0.9922 0.0310 -0.1211
vn -0.9312 0.0262 -0.3637
vn -0.9919 0.0494 -0.1172
vn -0.9919 0.0494 -0.1171
vn -0.9528 0.0484 -0.2997
vn -0.9926 0.0330 -0.1172
vn -0.9186 0.3376 0.2053
vn -0.9549 0.1832 0.2338
vn -0.8895 0.3337 0.3122
vn -0.9310 0.1791 0.3180
vn -0.9310 0.1791 0.3181
vn -0.8379 0.5423 0.0619
vn -0.9390 0.3337 0.0834
vn -0.9781 0.1797 0.1051
vn -0.9877 0.0955 0.1235
vn -0.9620 0.0979 0.2547
vn -0.9457 0.0951 0.3107
vn -0.9458 0.0951 0.3106
vn -0.8961 0.0939 0.4339
vn -0.8811 0.1768 0.4386
vn -0.8811 0.1768 0.4387
vn -0.8418 0.3316 0.4260
vn -0.7484 0.5470 0.3751
vn -0.7919 0.5453 0.2748
vn -0.8212 0.5446 0.1705
vn -0.8212 0.5446 0.1706
vn -0.2277 0.0419 0.9728
vn -0.2276 0.0419 0.9728
vn -0.2754 0.0341 0.9607
vn -0.3191 0.0390 0.9469
vn -0.3192 0.0390 0.9469
vn -0.3767 0.0578 0.9245
vn -0.3659 0.0404 0.9298
vn -0.3658 0.0369 0.9299
vn -0.3657 0.0371 0.9300
vn -0.2462 0.0590 0.9674
vn 0.2541 0.1037 0.9616
vn 0.2542 0.1037 0.9616
vn -0.1212 0.0350 0.9920
vn -0.1175 0.0370 0.9924
vn -0.1178 0.0374 0.9923
vn -0.3647 0.0337 0.9305
vn -0.1118 0.0556 0.9922
vn -0.2940 0.0557 0.9542
vn -0.1121 0.0393 0.9929
vn -0.7085 0.3228 -0.6276
vn -0.7084 0.3228 -0.6276
vn -0.6576 0.3278 -0.6782
vn -0.6576 0.3278 -0.6783
vn -0.7172 0.1709 -0.6756
vn -0.7165 0.1737 -0.6756
vn -0.7128 0.1767 -0.6787
vn -0.7128 0.1767 -0.6788
vn -0.7098 0.5302 -0.4638
vn -0.6442 0.5286 -0.5528
vn -0.5725 0.5283 -0.6270
vn -0.4866 0.5265 -0.6972
vn -0.5631 0.3238 -0.7603
vn -0.5630 0.3238 -0.7603
vn -0.6090 0.1730 -0.7740
vn -0.6303 0.0897 -0.7712
vn -0.7465 0.0923 -0.6589
vn -0.7028 0.0878 -0.7060
vn -0.8054 0.0874 -0.5862
vn -0.8057 0.1693 -0.5676
vn -0.7855 0.3211 -0.5291
vn -0.2939 0.0949 -0.9511
vn -0.1687 0.0950 -0.9811
vn -0.2912 0.1606 -0.9431
vn -0.1669 0.1604 -0.9728
vn -0.4170 0.0280 -0.9085
vn -0.2952 0.0280 -0.9550
vn -0.1694 0.0281 -0.9851
vn -0.0396 0.0283 -0.9988
vn -0.0395 0.0953 -0.9947
vn -0.0391 0.1611 -0.9862
vn -0.0385 0.2258 -0.9734
vn -0.1648 0.2254 -0.9602
vn -0.2873 0.2252 -0.9310
vn -0.4060 0.2251 -0.8857
vn -0.4115 0.1605 -0.8972
vn -0.4152 0.0948 -0.9048
vn -0.9703 0.0966 -0.2216
vn -0.9336 0.0962 -0.3451
vn -0.9619 0.1623 -0.2201
vn -0.9254 0.1620 -0.3425
vn -0.9952 0.0308 -0.0932
vn -0.9745 0.0303 -0.2222
vn -0.9377 0.0299 -0.3463
vn -0.8845 0.0294 -0.4655
vn -0.8807 0.0958 -0.4639
vn -0.8730 0.1616 -0.4602
vn -0.8614 0.2266 -0.4545
vn -0.9132 0.2271 -0.3384
vn -0.9491 0.2277 -0.2176
vn -0.9693 0.2282 -0.0919
vn -0.9823 0.1628 -0.0927
vn -0.9909 0.0970 -0.0932
vn -0.8922 -0.3561 0.2779
vn -0.8676 -0.4171 0.2706
vn -0.9203 -0.3570 0.1602
vn -0.8949 -0.4180 0.1561
vn -0.8683 -0.2927 0.4004
vn -0.8486 -0.3554 0.3918
vn -0.8253 -0.4164 0.3815
vn -0.7982 -0.4758 0.3694
vn -0.8392 -0.4765 0.2621
vn -0.8656 -0.4773 0.1514
vn -0.8776 -0.4780 0.0370
vn -0.9072 -0.4189 0.0379
vn -0.9329 -0.3579 0.0387
vn -0.9546 -0.2952 0.0392
vn -0.9416 -0.2943 0.1635
vn -0.9128 -0.2935 0.2839
vn -0.2242 -0.6499 -0.7261
vn -0.1280 -0.6500 -0.7490
vn -0.2366 -0.5979 -0.7659
vn -0.1351 -0.5980 -0.7900
vn -0.3020 -0.6916 -0.6561
vn -0.2130 -0.6917 -0.6901
vn -0.1215 -0.6917 -0.7119
vn -0.0274 -0.6918 -0.7216
vn -0.0290 -0.6501 -0.7593
vn -0.0308 -0.5981 -0.8008
vn -0.0325 -0.5402 -0.8409
vn -0.1420 -0.5400 -0.8296
vn -0.2485 -0.5398 -0.8043
vn -0.3519 -0.5396 -0.7649
vn -0.3351 -0.5977 -0.7283
vn -0.3178 -0.6498 -0.6905
vn 0.5474 0.5884 -0.5951
vn 0.6193 0.5890 -0.5191
vn 0.5214 0.6365 -0.5684
vn 0.5894 0.6379 -0.4957
vn 0.4880 0.5317 -0.6921
vn 0.5737 0.5323 -0.6226
vn 0.6488 0.5329 -0.5431
vn 0.7136 0.5337 -0.4538
vn 0.6809 0.5902 -0.4337
vn 0.6477 0.6395 -0.4141
vn 0.6181 0.6780 -0.3978
vn 0.5627 0.6758 -0.4761
vn 0.4977 0.6741 -0.5458
vn 0.4233 0.6725 -0.6071
vn 0.4437 0.6353 -0.6321
vn 0.4661 0.5872 -0.6618
vn 0.2783 -0.5979 -0.7517
vn 0.1787 -0.5980 -0.7813
vn 0.2642 -0.6499 -0.7127
vn 0.1697 -0.6500 -0.7408
vn 0.3927 -0.5397 -0.7446
vn 0.2920 -0.5399 -0.7894
vn 0.1874 -0.5402 -0.8204
vn 0.0790 -0.5405 -0.8376
vn 0.0753 -0.5981 -0.7979
vn 0.0716 -0.6501 -0.7565
vn 0.0683 -0.6918 -0.7189
vn 0.1615 -0.6917 -0.7039
vn 0.2515 -0.6918 -0.6769
vn 0.3378 -0.6915 -0.6385
vn 0.3551 -0.6498 -0.6721
vn 0.3742 -0.5978 -0.7090
vn -0.2130 -0.6908 -0.6909
vn -0.1211 -0.6908 -0.7128
vn -0.2055 -0.7168 -0.6663
vn -0.2054 -0.7174 -0.6657
vn -0.1169 -0.7168 -0.6874
vn -0.1169 -0.7175 -0.6867
vn -0.3199 -0.6435 -0.6954
vn -0.2255 -0.6432 -0.7317
vn -0.1280 -0.6432 -0.7549
vn -0.0279 -0.6433 -0.7651
vn -0.0269 -0.6907 -0.7227
vn -0.0259 -0.7168 -0.6968
vn -0.0267 -0.7170 -0.6966
vn -0.0267 -0.7169 -0.6966
vn -0.0261 -0.7181 -0.6954
vn -0.1169 -0.7181 -0.6861
vn -0.2052 -0.7180 -0.6651
vn -0.2913 -0.7174 -0.6328
vn -0.2911 -0.7180 -0.6323
vn -0.2916 -0.7168 -0.6334
vn -0.3023 -0.6908 -0.6568
vn -0.2190 0.1711 0.9606
vn -0.2209 0.1049 0.9696
vn -0.3415 0.1705 0.9243
vn -0.3447 0.1046 0.9329
vn -0.0904 0.2368 0.9673
vn -0.0917 0.1717 0.9809
vn -0.0926 0.1058 0.9901
vn -0.0931 0.0391 0.9949
vn -0.2221 0.0384 0.9743
vn -0.3462 0.0374 0.9374
vn -0.4657 0.0371 0.8842
vn -0.4636 0.1038 0.8800
vn -0.4592 0.1694 0.8720
vn -0.4531 0.2351 0.8599
vn -0.3368 0.2358 0.9116
vn -0.2158 0.2360 0.9475
vn -0.4762 -0.7107 0.5179
vn -0.4767 -0.7099 0.5185
vn -0.4942 -0.6836 0.5371
vn -0.5384 -0.7112 0.4521
vn -0.5390 -0.7104 0.4526
vn -0.5588 -0.6842 0.4687
vn -0.4050 -0.7110 0.5749
vn -0.4054 -0.7103 0.5755
vn -0.4058 -0.7095 0.5761
vn -0.4210 -0.6831 0.5968
vn -0.4448 -0.6356 0.6310
vn -0.5229 -0.6358 0.5677
vn -0.5914 -0.6364 0.4952
vn -0.6502 -0.6372 0.4138
vn -0.6145 -0.6848 0.3917
vn -0.5920 -0.7118 0.3780
vn -0.5927 -0.7110 0.3783
vn -0.5914 -0.7125 0.3776
vn -0.5378 -0.7119 0.4517
vn -0.4756 -0.7114 0.5174
vn -0.6865 0.7117 -0.1492
vn -0.6880 0.7105 -0.1477
vn -0.6643 0.7087 -0.2375
vn -0.6661 0.7074 -0.2363
vn -0.6662 0.7074 -0.2363
vn -0.6643 0.7087 -0.2376
vn -0.7140 0.6847 -0.1462
vn -0.6920 0.6815 -0.2380
vn -0.6920 0.6816 -0.2380
vn -0.6966 0.7148 -0.0616
vn -0.6970 0.7147 -0.0583
vn -0.6856 0.7118 -0.1525
vn -0.6856 0.7119 -0.1525
vn -0.6628 0.7090 -0.2408
vn -0.6284 0.7062 -0.3262
vn -0.6303 0.7058 -0.3233
vn -0.6303 0.7058 -0.3232
vn -0.6325 0.7043 -0.3223
vn -0.6325 0.7044 -0.3223
vn -0.6577 0.6785 -0.3272
vn -0.6972 0.6321 -0.3382
vn -0.6972 0.6320 -0.3382
vn -0.7333 0.6346 -0.2441
vn -0.7563 0.6375 -0.1469
vn -0.7665 0.6405 -0.0468
vn -0.7665 0.6405 -0.0467
vn -0.7240 0.6879 -0.0516
vn -0.7240 0.6878 -0.0516
vn -0.6982 0.7136 -0.0565
vn -0.6982 0.7137 -0.0565
vn 0.6184 -0.5969 -0.5112
vn 0.5467 -0.5972 -0.5869
vn 0.5867 -0.6490 -0.4843
vn 0.5187 -0.6493 -0.5562
vn 0.7140 -0.5381 -0.4479
vn 0.6491 -0.5385 -0.5373
vn 0.5738 -0.5389 -0.6167
vn 0.4881 -0.5393 -0.6862
vn 0.4650 -0.5975 -0.6532
vn 0.4414 -0.6498 -0.6188
vn 0.4198 -0.6912 -0.5882
vn 0.4934 -0.6909 -0.5284
vn 0.5581 -0.6905 -0.4601
vn 0.6138 -0.6901 -0.3834
vn 0.6453 -0.6486 -0.4036
vn 0.6801 -0.5966 -0.4260
vn -0.1307 0.6321 -0.7638
vn -0.2278 0.6327 -0.7401
vn -0.1364 0.5852 -0.7994
vn -0.2382 0.5856 -0.7748
vn -0.0305 0.6678 -0.7437
vn -0.1267 0.6683 -0.7330
vn -0.2197 0.6691 -0.7100
vn -0.3096 0.6702 -0.6745
vn -0.3218 0.6335 -0.7037
vn -0.3366 0.5858 -0.7372
vn -0.3524 0.5304 -0.7711
vn -0.2489 0.5298 -0.8108
vn -0.1426 0.5301 -0.8359
vn -0.0329 0.5301 -0.8473
vn -0.0315 0.5850 -0.8104
vn -0.0306 0.6319 -0.7744
vn 0.2299 0.7051 0.6708
vn 0.2149 0.7317 0.6468
vn 0.2130 0.7316 0.6476
vn 0.1410 0.7060 0.6941
vn 0.1409 0.7060 0.6941
vn 0.1289 0.7326 0.6683
vn 0.1270 0.7325 0.6689
vn 0.1270 0.7324 0.6689
vn 0.3429 0.6540 0.6743
vn 0.3430 0.6540 0.6743
vn 0.3160 0.7037 0.6363
vn 0.2981 0.7305 0.6144
vn 0.2963 0.7305 0.6153
vn 0.2929 0.7314 0.6159
vn 0.2929 0.7313 0.6159
vn 0.2095 0.7324 0.6478
vn 0.2094 0.7324 0.6478
vn 0.1235 0.7331 0.6688
vn 0.1235 0.7332 0.6688
vn 0.0383 0.7329 0.6793
vn 0.0347 0.7335 0.6788
vn 0.0404 0.7331 0.6789
vn 0.0490 0.7066 0.7059
vn 0.0600 0.6568 0.7517
vn 0.0599 0.6568 0.7517
vn 0.1577 0.6560 0.7381
vn 0.2520 0.6551 0.7123
vn 0.5979 -0.3519 0.7202
vn 0.6858 -0.3521 0.6369
vn 0.5813 -0.4132 0.7010
vn 0.6671 -0.4132 0.6199
vn 0.5103 -0.2891 0.8100
vn 0.6116 -0.2892 0.7364
vn 0.7015 -0.2895 0.6512
vn 0.7801 -0.2901 0.5543
vn 0.7627 -0.3526 0.5422
vn 0.7419 -0.4136 0.5278
vn 0.7177 -0.4731 0.5110
vn 0.6453 -0.4727 0.6001
vn 0.5624 -0.4726 0.6785
vn 0.4691 -0.4726 0.7460
vn 0.4850 -0.4130 0.7708
vn 0.4988 -0.3518 0.7921
vn -0.2678 0.4120 -0.8709
vn -0.2754 0.3512 -0.8949
vn -0.1532 0.4123 -0.8981
vn -0.1580 0.3510 -0.9229
vn -0.3666 0.4716 -0.8020
vn -0.3791 0.4119 -0.8286
vn -0.3898 0.3508 -0.8515
vn -0.3988 0.2885 -0.8705
vn -0.2820 0.2889 -0.9149
vn -0.1618 0.2888 -0.9436
vn -0.0376 0.2893 -0.9565
vn -0.0366 0.3514 -0.9355
vn -0.0355 0.4123 -0.9104
vn -0.0341 0.4720 -0.8809
vn -0.1484 0.4716 -0.8693
vn -0.2592 0.4715 -0.8429
vn 0.2373 -0.5891 0.7724
vn 0.2255 -0.6415 0.7332
vn 0.1359 -0.5885 0.7970
vn 0.1294 -0.6410 0.7565
vn 0.3520 -0.5314 0.7705
vn 0.3355 -0.5900 0.7344
vn 0.3185 -0.6421 0.6974
vn 0.3034 -0.6841 0.6633
vn 0.2151 -0.6837 0.6973
vn 0.1234 -0.6832 0.7198
vn 0.0290 -0.6833 0.7295
vn 0.0302 -0.6410 0.7669
vn 0.0315 -0.5884 0.8079
vn 0.0328 -0.5298 0.8475
vn 0.1423 -0.5299 0.8360
vn 0.2487 -0.5305 0.8104
vn 0.8951 0.4177 -0.1561
vn 0.8677 0.4170 -0.2706
vn 0.9203 0.3568 -0.1601
vn 0.8922 0.3560 -0.2778
vn 0.8776 0.4780 -0.0370
vn 0.8656 0.4773 -0.1513
vn 0.8391 0.4766 -0.2621
vn 0.7981 0.4759 -0.3694
vn 0.8253 0.4164 -0.3815
vn 0.8486 0.3553 -0.3919
vn 0.8683 0.2927 -0.4005
vn 0.9129 0.2934 -0.2839
vn 0.9417 0.2942 -0.1634
vn 0.9546 0.2951 -0.0392
vn 0.9331 0.3576 -0.0387
vn 0.9074 0.4186 -0.0379
vn -0.2790 -0.5897 0.7579
vn -0.1792 -0.5890 0.7880
vn -0.2649 -0.6420 0.7195
vn -0.1701 -0.6413 0.7482
vn -0.3930 -0.5316 0.7503
vn -0.2926 -0.5311 0.7952
vn -0.1877 -0.5301 0.8269
vn -0.0789 -0.5298 0.8445
vn -0.0751 -0.5883 0.8051
vn -0.0713 -0.6410 0.7642
vn -0.0678 -0.6833 0.7270
vn -0.1619 -0.6835 0.7118
vn -0.2520 -0.6839 0.6847
vn -0.3384 -0.6844 0.6459
vn -0.3557 -0.6428 0.6784
vn -0.3746 -0.5904 0.7149
vn -0.5464 -0.5914 0.5930
vn -0.5183 -0.6436 0.5631
vn -0.6180 -0.5919 0.5175
vn -0.5862 -0.6441 0.4914
vn -0.4881 -0.5323 0.6917
vn -0.4650 -0.5909 0.6592
vn -0.4412 -0.6431 0.6258
vn -0.4198 -0.6848 0.5956
vn -0.4930 -0.6853 0.5360
vn -0.5575 -0.6858 0.4679
vn -0.6132 -0.6863 0.3912
vn -0.6447 -0.6446 0.4108
vn -0.6797 -0.5924 0.4325
vn -0.7136 -0.5340 0.4535
vn -0.6488 -0.5334 0.5427
vn -0.5736 -0.5329 0.6221
vn -0.6823 -0.7151 -0.1519
vn -0.6830 -0.7145 -0.1520
vn -0.7079 -0.6884 -0.1579
vn -0.6564 -0.7156 -0.2388
vn -0.6570 -0.7150 -0.2390
vn -0.6810 -0.6890 -0.2481
vn -0.6962 -0.7153 -0.0614
vn -0.6968 -0.7146 -0.0614
vn -0.6975 -0.7140 -0.0615
vn -0.7230 -0.6879 -0.0640
vn -0.7651 -0.6402 -0.0682
vn -0.7493 -0.6407 -0.1677
vn -0.7207 -0.6413 -0.2632
vn -0.6797 -0.6420 -0.3546
vn -0.6423 -0.6896 -0.3346
vn -0.6191 -0.7161 -0.3223
vn -0.6191 -0.7161 -0.3222
vn -0.6197 -0.7155 -0.3226
vn -0.6186 -0.7167 -0.3220
vn -0.6559 -0.7162 -0.2386
vn -0.6817 -0.7157 -0.1517
vn -0.7267 0.6498 0.2229
vn -0.7676 0.5963 0.2348
vn -0.7507 0.6483 0.1274
vn -0.7924 0.5951 0.1340
vn -0.6534 0.6951 0.3000
vn -0.6904 0.6512 0.3151
vn -0.7300 0.5970 0.3327
vn -0.7673 0.5375 0.3498
vn -0.8067 0.5369 0.2470
vn -0.8322 0.5363 0.1407
vn -0.8439 0.5356 0.0308
vn -0.8038 0.5942 0.0293
vn -0.7622 0.6467 0.0284
vn -0.7245 0.6886 0.0287
vn -0.7125 0.6908 0.1226
vn -0.6888 0.6930 0.2130
vn -0.2015 0.4237 0.8831
vn -0.2072 0.3631 0.9084
vn -0.3143 0.4234 0.8497
vn -0.3231 0.3627 0.8741
vn -0.0818 0.4826 0.8720
vn -0.0845 0.4238 0.9018
vn -0.0868 0.3633 0.9276
vn -0.0888 0.3009 0.9495
vn -0.2120 0.3006 0.9299
vn -0.3307 0.3002 0.8947
vn -0.4449 0.2996 0.8440
vn -0.4348 0.3623 0.8245
vn -0.4228 0.4230 0.8014
vn -0.4091 0.4817 0.7749
vn -0.3041 0.4821 0.8217
vn -0.1950 0.4824 0.8540
vn 0.3443 -0.1055 -0.9329
vn 0.2206 -0.1058 -0.9696
vn 0.3412 -0.1716 -0.9242
vn 0.2186 -0.1720 -0.9605
vn 0.4655 -0.0378 -0.8842
vn 0.3459 -0.0384 -0.9375
vn 0.2216 -0.0388 -0.9744
vn 0.0926 -0.0391 -0.9949
vn 0.0922 -0.1061 -0.9901
vn 0.0914 -0.1722 -0.9808
vn 0.0902 -0.2371 -0.9673
vn 0.2157 -0.2370 -0.9473
vn 0.3365 -0.2367 -0.9114
vn 0.4529 -0.2361 -0.8597
vn 0.4591 -0.1709 -0.8718
vn 0.4634 -0.1048 -0.8799
vn 0.9103 0.3594 0.2055
vn 0.8758 0.3602 0.3214
vn 0.8852 0.4201 0.1996
vn 0.8516 0.4209 0.3123
vn 0.9512 0.2961 0.0873
vn 0.9314 0.2969 0.2106
vn 0.8961 0.2978 0.3291
vn 0.8453 0.2985 0.4431
vn 0.8261 0.3610 0.4327
vn 0.8033 0.4217 0.4205
vn 0.7769 0.4808 0.4064
vn 0.8237 0.4801 0.3018
vn 0.8562 0.4794 0.1928
vn 0.8744 0.4787 0.0794
vn 0.9041 0.4194 0.0824
vn 0.9297 0.3585 0.0851
vn -0.6348 -0.3536 0.6870
vn -0.6174 -0.4145 0.6686
vn -0.7180 -0.3541 0.5992
vn -0.6983 -0.4150 0.5832
vn -0.5526 -0.2909 0.7810
vn -0.5401 -0.3532 0.7639
vn -0.5252 -0.4140 0.7435
vn -0.5080 -0.4734 0.7196
vn -0.5971 -0.4740 0.6472
vn -0.6754 -0.4745 0.5645
vn -0.7428 -0.4751 0.4716
vn -0.7680 -0.4157 0.4872
vn -0.7897 -0.3547 0.5005
vn -0.8080 -0.2921 0.5117
vn -0.7347 -0.2916 0.6126
vn -0.6495 -0.2912 0.7024
vn 0.4925 0.6634 -0.5634
vn 0.4925 0.6633 -0.5634
vn 0.4809 0.6902 -0.5406
vn 0.4813 0.6914 -0.5389
vn 0.4813 0.6913 -0.5390
vn 0.5595 0.6655 -0.4941
vn 0.5449 0.6925 -0.4728
vn 0.5449 0.6925 -0.4727
vn 0.5451 0.6936 -0.4709
vn 0.5451 0.6936 -0.4710
vn 0.4307 0.6155 -0.6600
vn 0.4157 0.6614 -0.6243
vn 0.4158 0.6614 -0.6243
vn 0.4075 0.6882 -0.6003
vn 0.4081 0.6894 -0.5985
vn 0.4081 0.6893 -0.5986
vn 0.4097 0.6922 -0.5942
vn 0.4097 0.6922 -0.5941
vn 0.4823 0.6942 -0.5344
vn 0.4823 0.6942 -0.5343
vn 0.5455 0.6964 -0.4664
vn 0.5995 0.6961 -0.3950
vn 0.5995 0.6962 -0.3949
vn 0.5994 0.6988 -0.3904
vn 0.5995 0.6951 -0.3968
vn 0.6169 0.6680 -0.4162
vn 0.6456 0.6213 -0.4442
vn 0.6456 0.6213 -0.4441
vn 0.5840 0.6189 -0.5252
vn 0.5125 0.6170 -0.5972
vn -0.2311 0.7358 0.6366
vn -0.2311 0.7357 0.6366
vn -0.2290 0.7357 0.6375
vn -0.2326 0.7098 0.6648
vn -0.2326 0.7098 0.6649
vn -0.1460 0.7365 0.6605
vn -0.1460 0.7364 0.6606
vn -0.1437 0.7364 0.6612
vn -0.1436 0.7364 0.6612
vn -0.1437 0.7105 0.6889
vn -0.3149 0.7344 0.6012
vn -0.3134 0.7348 0.6015
vn -0.3114 0.7347 0.6027
vn -0.3186 0.7090 0.6292
vn -0.3328 0.6598 0.6738
vn -0.3328 0.6597 0.6738
vn -0.2409 0.6604 0.7113
vn -0.2409 0.6604 0.7112
vn -0.1458 0.6609 0.7362
vn -0.0479 0.6613 0.7486
vn -0.0520 0.7107 0.7015
vn -0.0579 0.7368 0.6736
vn -0.0579 0.7368 0.6737
vn -0.0555 0.7367 0.6740
vn -0.0595 0.7363 0.6740
vn -0.1476 0.7360 0.6607
vn -0.2327 0.7353 0.6365
vn -0.2327 0.7353 0.6366
vn 0.5400 0.6975 0.4710
vn 0.5155 0.7244 0.4576
vn 0.5141 0.7247 0.4589
vn 0.5142 0.7246 0.4589
vn 0.4730 0.6999 0.5352
vn 0.4730 0.6998 0.5352
vn 0.4504 0.7267 0.5187
vn 0.4503 0.7267 0.5187
vn 0.4488 0.7269 0.5198
vn 0.6398 0.6458 0.4167
vn 0.5990 0.6949 0.3978
vn 0.5991 0.6949 0.3978
vn 0.5730 0.7219 0.3879
vn 0.5717 0.7222 0.3893
vn 0.5718 0.7222 0.3893
vn 0.5688 0.7235 0.3913
vn 0.5109 0.7259 0.4605
vn 0.4456 0.7280 0.5211
vn 0.3761 0.7288 0.5722
vn 0.3760 0.7289 0.5721
vn 0.3728 0.7298 0.5731
vn 0.3776 0.7288 0.5712
vn 0.3777 0.7288 0.5712
vn 0.3981 0.7019 0.5906
vn 0.3981 0.7020 0.5906
vn 0.4293 0.6524 0.6246
vn 0.5081 0.6503 0.5648
vn 0.5784 0.6481 0.4955
vn 0.7138 0.6502 0.2601
vn 0.7428 0.6487 0.1658
vn 0.7530 0.5978 0.2750
vn 0.7830 0.5968 0.1754
vn 0.6387 0.6945 0.3312
vn 0.6785 0.6923 0.2456
vn 0.7066 0.6901 0.1562
vn 0.7231 0.6879 0.0627
vn 0.7594 0.6471 0.0674
vn 0.8001 0.5956 0.0719
vn 0.8399 0.5374 0.0759
vn 0.8224 0.5381 0.1849
vn 0.7911 0.5388 0.2896
vn 0.7462 0.5395 0.3900
vn 0.7101 0.5986 0.3707
vn 0.6725 0.6520 0.3501
vn 0.6725 0.6520 0.3502
vn -0.3416 -0.1622 0.9257
vn -0.3447 -0.0964 0.9337
vn -0.2193 -0.1618 0.9622
vn -0.2214 -0.0956 0.9705
vn -0.4529 -0.2272 0.8621
vn -0.4591 -0.1628 0.8734
vn -0.4635 -0.0968 0.8808
vn -0.4657 -0.0302 0.8845
vn -0.3463 -0.0296 0.9376
vn -0.2222 -0.0290 0.9746
vn -0.0935 -0.0278 0.9952
vn -0.0930 -0.0952 0.9911
vn -0.0924 -0.1609 0.9826
vn -0.0911 -0.2261 0.9698
vn -0.2163 -0.2265 0.9497
vn -0.3369 -0.2269 0.9138
vn 0.1456 0.6581 -0.7387
vn 0.1476 0.6848 -0.7137
vn 0.1477 0.6848 -0.7136
vn 0.1491 0.6859 -0.7122
vn 0.1490 0.6859 -0.7123
vn 0.2394 0.6586 -0.7134
vn 0.2382 0.6854 -0.6882
vn 0.2394 0.6865 -0.6866
vn 0.2393 0.6865 -0.6867
vn 0.0435 0.6129 -0.7890
vn 0.0488 0.6581 -0.7513
vn 0.0541 0.6847 -0.7268
vn 0.0556 0.6859 -0.7256
vn 0.0556 0.6858 -0.7256
vn 0.0594 0.6887 -0.7226
vn 0.1524 0.6888 -0.7087
vn 0.2422 0.6894 -0.6826
vn 0.3262 0.6876 -0.6487
vn 0.3262 0.6877 -0.6486
vn 0.3285 0.6906 -0.6443
vn 0.3253 0.6865 -0.6503
vn 0.3301 0.6597 -0.6751
vn 0.3300 0.6597 -0.6752
vn 0.3399 0.6141 -0.7123
vn 0.2442 0.6131 -0.7513
vn 0.2442 0.6131 -0.7514
vn 0.1452 0.6126 -0.7769
vn 0.1452 0.6127 -0.7769
vn -0.4600 0.6976 -0.5493
vn -0.4600 0.6977 -0.5493
vn -0.4631 0.6959 -0.5489
vn -0.4832 0.6700 -0.5636
vn -0.5251 0.7001 -0.4839
vn -0.5281 0.6985 -0.4830
vn -0.5281 0.6984 -0.4830
vn -0.5501 0.6725 -0.4951
vn -0.3843 0.6965 -0.6060
vn -0.3857 0.6956 -0.6060
vn -0.3890 0.6937 -0.6061
vn -0.3891 0.6937 -0.6061
vn -0.4069 0.6678 -0.6233
vn -0.4341 0.6223 -0.6514
vn -0.4341 0.6223 -0.6513
vn -0.5142 0.6242 -0.5882
vn -0.5844 0.6265 -0.5157
vn -0.6447 0.6292 -0.4340
vn -0.6448 0.6292 -0.4340
vn -0.6075 0.6754 -0.4180
vn -0.5813 0.7028 -0.4102
vn -0.5840 0.7013 -0.4089
vn -0.5800 0.7034 -0.4109
vn -0.5236 0.7008 -0.4844
vn -0.4585 0.6984 -0.5495
vn -0.4586 0.6984 -0.5495
vn 0.5880 0.6011 0.5412
vn 0.5126 0.6019 0.6124
vn 0.5563 0.6559 0.5103
vn 0.4848 0.6573 0.5770
vn 0.6878 0.5402 0.4849
vn 0.6184 0.5407 0.5703
vn 0.5392 0.5411 0.6453
vn 0.4501 0.5417 0.7099
vn 0.4278 0.6027 0.6736
vn 0.4046 0.6584 0.6346
vn 0.3841 0.7036 0.5979
vn 0.4599 0.7020 0.5438
vn 0.5277 0.7002 0.4809
vn 0.5875 0.6982 0.4091
vn 0.6191 0.6543 0.4342
vn 0.6542 0.6001 0.4603
vn 0.6840 -0.7118 0.1595
vn 0.6848 -0.7110 0.1597
vn 0.7098 -0.6847 0.1655
vn 0.6581 -0.7114 0.2465
vn 0.6588 -0.7107 0.2468
vn 0.6828 -0.6843 0.2558
vn 0.6977 -0.7131 0.0690
vn 0.6985 -0.7123 0.0691
vn 0.6993 -0.7115 0.0691
vn 0.7249 -0.6851 0.0715
vn 0.7668 -0.6374 0.0753
vn 0.7509 -0.6370 0.1744
vn 0.7225 -0.6365 0.2701
vn 0.6815 -0.6361 0.3618
vn 0.6441 -0.6840 0.3423
vn 0.6207 -0.7111 0.3301
vn 0.6214 -0.7104 0.3305
vn 0.6201 -0.7119 0.3298
vn 0.6574 -0.7122 0.2462
vn 0.6833 -0.7126 0.1593
vn -0.1663 0.6581 0.7343
vn -0.1775 0.6018 0.7786
vn -0.2605 0.6576 0.7069
vn -0.2771 0.6014 0.7494
vn -0.0625 0.7044 0.7071
vn -0.0688 0.6585 0.7494
vn -0.0742 0.6022 0.7949
vn -0.0786 0.5412 0.8372
vn -0.1873 0.5410 0.8199
vn -0.2921 0.5407 0.7889
vn -0.3931 0.5403 0.7440
vn -0.3732 0.6010 0.7068
vn -0.3514 0.6571 0.6669
vn -0.3299 0.7027 0.6304
vn -0.2438 0.7034 0.6677
vn -0.2438 0.7034 0.6676
vn -0.1547 0.7040 0.6931
vn 0.6533 0.7205 0.2325
vn 0.6549 0.7196 0.2308
vn 0.6814 0.6932 0.2348
vn 0.6815 0.6932 0.2347
vn 0.6806 0.7178 0.1466
vn 0.6807 0.7178 0.1465
vn 0.6823 0.7167 0.1445
vn 0.7089 0.6902 0.1449
vn 0.6138 0.7236 0.3157
vn 0.6147 0.7233 0.3145
vn 0.6147 0.7234 0.3145
vn 0.6165 0.7225 0.3129
vn 0.6424 0.6961 0.3205
vn 0.6848 0.6474 0.3345
vn 0.7249 0.6446 0.2429
vn 0.7249 0.6446 0.2428
vn 0.7526 0.6418 0.1471
vn 0.7526 0.6418 0.1470
vn 0.7676 0.6392 0.0475
vn 0.7675 0.6392 0.0475
vn 0.7247 0.6872 0.0511
vn 0.6969 0.7150 0.0566
vn 0.6969 0.7149 0.0566
vn 0.6984 0.7137 0.0543
vn 0.6963 0.7155 0.0579
vn 0.6800 0.7182 0.1478
vn 0.6525 0.7208 0.2337
vn -0.5455 0.6001 0.5851
vn -0.6175 0.5989 0.5098
vn -0.5143 0.6561 0.5523
vn -0.5822 0.6550 0.4817
vn -0.4886 0.5398 0.6855
vn -0.5744 0.5392 0.6159
vn -0.6495 0.5386 0.5366
vn -0.7142 0.5381 0.4477
vn -0.6789 0.5984 0.4255
vn -0.6411 0.6536 0.4023
vn -0.6049 0.6988 0.3817
vn -0.5488 0.7005 0.4562
vn -0.4839 0.7022 0.5223
vn -0.4105 0.7035 0.5802
vn -0.4369 0.6573 0.6141
vn -0.4638 0.6010 0.6509
vn 0.4880 -0.6429 0.5904
vn 0.5144 -0.5903 0.6221
vn 0.5599 -0.6431 0.5224
vn 0.5903 -0.5903 0.5505
vn 0.3875 -0.6844 0.6176
vn 0.4072 -0.6427 0.6489
vn 0.4292 -0.5904 0.6835
vn 0.4506 -0.5316 0.7172
vn 0.5402 -0.5317 0.6523
vn 0.6198 -0.5315 0.5773
vn 0.6895 -0.5321 0.4914
vn 0.6567 -0.5909 0.4686
vn 0.6230 -0.6433 0.4450
vn 0.5924 -0.6853 0.4236
vn 0.5325 -0.6849 0.4974
vn 0.4641 -0.6847 0.5620
vn -0.1562 -0.7096 0.6870
vn -0.1563 -0.7090 0.6877
vn -0.1618 -0.6828 0.7125
vn -0.2433 -0.7097 0.6611
vn -0.2435 -0.7090 0.6618
vn -0.2520 -0.6829 0.6857
vn -0.0653 -0.7102 0.7010
vn -0.0654 -0.7096 0.7016
vn -0.0654 -0.7090 0.7022
vn -0.0677 -0.6828 0.7275
vn -0.0716 -0.6349 0.7693
vn -0.1708 -0.6349 0.7535
vn -0.2667 -0.6347 0.7252
vn -0.3584 -0.6351 0.6842
vn -0.3388 -0.6830 0.6471
vn -0.3268 -0.7099 0.6239
vn -0.3274 -0.7091 0.6245
vn -0.3265 -0.7106 0.6232
vn -0.2431 -0.7104 0.6605
vn -0.1562 -0.7102 0.6864
vn -0.7285 -0.6457 0.2288
vn -0.7515 -0.6462 0.1326
vn -0.7680 -0.5935 0.2407
vn -0.7922 -0.5941 0.1393
vn -0.6590 -0.6868 0.3066
vn -0.6928 -0.6874 0.2179
vn -0.7146 -0.6880 0.1265
vn -0.7245 -0.6885 0.0322
vn -0.7620 -0.6468 0.0334
vn -0.8032 -0.5947 0.0347
vn -0.8431 -0.5365 0.0359
vn -0.8316 -0.5358 0.1458
vn -0.8062 -0.5352 0.2522
vn -0.7668 -0.5346 0.3552
vn -0.7305 -0.5930 0.3389
vn -0.6929 -0.6452 0.3219
vn -0.6178 0.4223 0.6633
vn -0.6351 0.3612 0.6828
vn -0.6985 0.4214 0.5783
vn -0.7182 0.3606 0.5951
vn -0.5085 0.4813 0.7140
vn -0.5256 0.4225 0.7385
vn -0.5403 0.3618 0.7597
vn -0.5529 0.2990 0.7778
vn -0.6498 0.2983 0.6991
vn -0.7349 0.2976 0.6094
vn -0.8082 0.2969 0.5086
vn -0.7898 0.3599 0.4966
vn -0.7681 0.4209 0.4826
vn -0.7432 0.4797 0.4664
vn -0.6759 0.4802 0.5590
vn -0.5978 0.4808 0.6415
vn -0.2680 -0.4226 -0.8658
vn -0.1535 -0.4229 -0.8931
vn -0.2756 -0.3622 -0.8904
vn -0.1578 -0.3629 -0.9184
vn -0.3662 -0.4814 -0.7963
vn -0.2590 -0.4814 -0.8373
vn -0.1483 -0.4816 -0.8638
vn -0.0340 -0.4823 -0.8754
vn -0.0356 -0.4233 -0.9053
vn -0.0368 -0.3630 -0.9310
vn -0.0377 -0.3010 -0.9529
vn -0.1617 -0.3007 -0.9399
vn -0.2821 -0.3001 -0.9112
vn -0.3984 -0.3002 -0.8667
vn -0.3894 -0.3622 -0.8469
vn -0.3787 -0.4226 -0.8234
vn -0.5144 -0.5972 -0.6154
vn -0.5901 -0.5968 -0.5437
vn -0.4880 -0.6493 -0.5834
vn -0.5597 -0.6489 -0.5154
vn -0.4505 -0.5394 -0.7114
vn -0.5399 -0.5391 -0.6464
vn -0.6192 -0.5388 -0.5711
vn -0.6886 -0.5386 -0.4856
vn -0.6561 -0.5965 -0.4623
vn -0.6225 -0.6485 -0.4381
vn -0.5917 -0.6905 -0.4161
vn -0.5321 -0.6908 -0.4896
vn -0.4639 -0.6911 -0.5542
vn -0.3869 -0.6914 -0.6101
vn -0.4071 -0.6496 -0.6421
vn -0.4292 -0.5975 -0.6773
vn 0.2935 -0.0934 0.9514
vn 0.2908 -0.1597 0.9434
vn 0.1679 -0.0938 0.9813
vn 0.1662 -0.1599 0.9730
vn 0.4169 -0.0266 0.9086
vn 0.4151 -0.0933 0.9050
vn 0.4114 -0.1592 0.8974
vn 0.4058 -0.2246 0.8859
vn 0.2867 -0.2248 0.9313
vn 0.1638 -0.2251 0.9605
vn 0.0374 -0.2255 0.9735
vn 0.0383 -0.1609 0.9862
vn 0.0388 -0.0948 0.9947
vn 0.0392 -0.0279 0.9988
vn 0.1689 -0.0270 0.9853
vn 0.2949 -0.0267 0.9552
vn -0.8678 0.4193 0.2665
vn -0.8924 0.3583 0.2744
vn -0.8954 0.4185 0.1521
vn -0.9208 0.3571 0.1568
vn -0.7985 0.4791 0.3645
vn -0.8254 0.4201 0.3772
vn -0.8487 0.3591 0.3882
vn -0.8685 0.2961 0.3976
vn -0.9132 0.2952 0.2810
vn -0.9421 0.2943 0.1606
vn -0.9553 0.2935 0.0361
vn -0.9336 0.3565 0.0350
vn -0.9080 0.4177 0.0338
vn -0.8783 0.4769 0.0324
vn -0.8662 0.4777 0.1468
vn -0.8395 0.4784 0.2575
vn -0.9101 -0.3597 -0.2057
vn -0.8850 -0.4205 -0.1998
vn -0.8756 -0.3605 -0.3216
vn -0.8515 -0.4211 -0.3125
vn -0.9511 -0.2962 -0.0874
vn -0.9295 -0.3588 -0.0851
vn -0.9039 -0.4198 -0.0825
vn -0.8744 -0.4787 -0.0795
vn -0.8562 -0.4793 -0.1930
vn -0.8237 -0.4799 -0.3020
vn -0.7771 -0.4803 -0.4067
vn -0.8032 -0.4217 -0.4208
vn -0.8259 -0.3611 -0.4330
vn -0.8451 -0.2986 -0.4434
vn -0.8960 -0.2979 -0.3294
vn -0.9313 -0.2971 -0.2108
vn 0.7234 -0.1609 0.6714
vn 0.6309 -0.1599 0.7592
vn 0.7297 -0.0951 0.6771
vn 0.6364 -0.0940 0.7656
vn 0.7942 -0.2260 0.5640
vn 0.7142 -0.2255 0.6627
vn 0.6227 -0.2250 0.7494
vn 0.5196 -0.2247 0.8243
vn 0.5265 -0.1594 0.8351
vn 0.5311 -0.0935 0.8421
vn 0.5333 -0.0269 0.8455
vn 0.6390 -0.0275 0.7687
vn 0.7330 -0.0281 0.6796
vn 0.8153 -0.0287 0.5783
vn 0.8118 -0.0953 0.5761
vn 0.8048 -0.1611 0.5713
vn -0.7654 0.1013 0.6355
vn -0.7587 0.1672 0.6297
vn -0.6769 0.1021 0.7290
vn -0.6708 0.1681 0.7223
vn -0.8454 0.0343 0.5330
vn -0.8417 0.1005 0.5304
vn -0.8343 0.1664 0.5256
vn -0.8232 0.2320 0.5183
vn -0.7485 0.2328 0.6210
vn -0.6618 0.2336 0.7124
vn -0.5631 0.2344 0.7925
vn -0.5708 0.1690 0.8035
vn -0.5761 0.1033 0.8109
vn -0.5786 0.0364 0.8148
vn -0.6799 0.0358 0.7325
vn -0.7688 0.0351 0.6385
vn 0.2247 0.6585 0.7183
vn 0.2368 0.6026 0.7621
vn 0.1295 0.6586 0.7413
vn 0.1359 0.6024 0.7865
vn 0.3017 0.7030 0.6440
vn 0.3171 0.6580 0.6830
vn 0.3345 0.6025 0.7246
vn 0.3516 0.5416 0.7635
vn 0.2486 0.5416 0.8030
vn 0.1423 0.5415 0.8285
vn 0.0329 0.5414 0.8401
vn 0.0319 0.6022 0.7977
vn 0.0314 0.6586 0.7518
vn 0.0320 0.7044 0.7090
vn 0.1248 0.7042 0.6990
vn 0.2146 0.7038 0.6772
vn 0.7222 0.6771 -0.1412
vn 0.7005 0.6742 -0.2340
vn 0.7005 0.6742 -0.2339
vn 0.6978 0.7041 -0.1312
vn 0.6974 0.7051 -0.1283
vn 0.6779 0.7012 -0.2209
vn 0.6777 0.7022 -0.2181
vn 0.6777 0.7023 -0.2180
vn 0.7727 0.6324 -0.0549
vn 0.7613 0.6295 -0.1558
vn 0.7612 0.6295 -0.1558
vn 0.7368 0.6268 -0.2534
vn 0.6995 0.6244 -0.3477
vn 0.6995 0.6244 -0.3476
vn 0.6664 0.6715 -0.3240
vn 0.6459 0.6984 -0.3083
vn 0.6461 0.6994 -0.3054
vn 0.6461 0.6995 -0.3053
vn 0.6445 0.7017 -0.3036
vn 0.6760 0.7044 -0.2164
vn 0.6760 0.7044 -0.2165
vn 0.6956 0.7071 -0.1269
vn 0.7052 0.7081 -0.0362
vn 0.7033 0.7100 -0.0351
vn 0.7051 0.7082 -0.0362
vn 0.7059 0.7073 -0.0389
vn 0.7315 0.6803 -0.0456
vn 0.4764 -0.7162 -0.5099
vn 0.4774 -0.7152 -0.5104
vn 0.4942 -0.6893 -0.5298
vn 0.5390 -0.7157 -0.4441
vn 0.5398 -0.7148 -0.4446
vn 0.5591 -0.6887 -0.4616
vn 0.4049 -0.7174 -0.5669
vn 0.4053 -0.7167 -0.5675
vn 0.4058 -0.7160 -0.5681
vn 0.4205 -0.6898 -0.5894
vn 0.4448 -0.6422 -0.6244
vn 0.5227 -0.6415 -0.5615
vn 0.5914 -0.6409 -0.4894
vn 0.6507 -0.6404 -0.4080
vn 0.6151 -0.6881 -0.3848
vn 0.5938 -0.7146 -0.3699
vn 0.5939 -0.7145 -0.3699
vn 0.5935 -0.7144 -0.3707
vn 0.5922 -0.7160 -0.3696
vn 0.5384 -0.7165 -0.4435
vn 0.4760 -0.7170 -0.5093
vn -0.5424 0.7010 0.4630
vn -0.5424 0.7011 0.4630
vn -0.4765 0.7030 0.5280
vn -0.4765 0.7030 0.5279
vn -0.5258 0.7270 0.4415
vn -0.5274 0.7269 0.4398
vn -0.4627 0.7290 0.5044
vn -0.4645 0.7288 0.5030
vn -0.6330 0.6502 0.4202
vn -0.6330 0.6502 0.4201
vn -0.5717 0.6522 0.4979
vn -0.5014 0.6539 0.5666
vn -0.4220 0.6554 0.6264
vn -0.4022 0.7046 0.5846
vn -0.3915 0.7306 0.5594
vn -0.3935 0.7304 0.5582
vn -0.3946 0.7307 0.5571
vn -0.4653 0.7292 0.5018
vn -0.5280 0.7274 0.4384
vn -0.5821 0.7248 0.3685
vn -0.5824 0.7253 0.3670
vn -0.5809 0.7248 0.3704
vn -0.5999 0.6988 0.3896
vn -0.5999 0.6988 0.3895
vn 0.7552 -0.5919 0.2818
vn 0.7846 -0.5926 0.1820
vn 0.7165 -0.6442 0.2677
vn 0.7445 -0.6449 0.1730
vn 0.7480 -0.5326 0.3961
vn 0.7927 -0.5333 0.2954
vn 0.8236 -0.5341 0.1907
vn 0.8409 -0.5350 0.0818
vn 0.8010 -0.5935 0.0784
vn 0.7600 -0.6456 0.0747
vn 0.7230 -0.6871 0.0713
vn 0.7082 -0.6865 0.1649
vn 0.6815 -0.6860 0.2549
vn 0.6428 -0.6856 0.3416
vn 0.6759 -0.6437 0.3588
vn 0.7125 -0.5913 0.3777
vn 0.6913 -0.7134 -0.1149
vn 0.6922 -0.7125 -0.1151
vn 0.6705 -0.7133 -0.2041
vn 0.6709 -0.7131 -0.2035
vn 0.6704 -0.7133 -0.2041
vn 0.7175 -0.6862 -0.1198
vn 0.6954 -0.6868 -0.2115
vn 0.7001 -0.7136 -0.0237
vn 0.7009 -0.7128 -0.0238
vn 0.6905 -0.7142 -0.1147
vn 0.6693 -0.7148 -0.2028
vn 0.6365 -0.7154 -0.2882
vn 0.6375 -0.7140 -0.2896
vn 0.6375 -0.7140 -0.2895
vn 0.6380 -0.7137 -0.2891
vn 0.6612 -0.6875 -0.3003
vn 0.6995 -0.6397 -0.3185
vn 0.7358 -0.6388 -0.2248
vn 0.7592 -0.6383 -0.1273
vn 0.7695 -0.6381 -0.0266
vn 0.7275 -0.6857 -0.0251
vn 0.7018 -0.7120 -0.0239
vn -0.6688 -0.7129 0.2107
vn -0.6696 -0.7122 0.2109
vn -0.6941 -0.6860 0.2183
vn -0.6899 -0.7135 0.1224
vn -0.6906 -0.7128 0.1226
vn -0.7159 -0.6866 0.1267
vn -0.6356 -0.7131 0.2959
vn -0.6362 -0.7124 0.2962
vn -0.6369 -0.7116 0.2965
vn -0.6602 -0.6854 0.3070
vn -0.6986 -0.6378 0.3242
vn -0.7345 -0.6382 0.2305
vn -0.7577 -0.6388 0.1336
vn -0.7680 -0.6396 0.0337
vn -0.7257 -0.6873 0.0323
vn -0.6994 -0.7141 0.0314
vn -0.7001 -0.7134 0.0314
vn -0.6987 -0.7147 0.0313
vn -0.6892 -0.7142 0.1223
vn -0.6682 -0.7136 0.2105
vn 0.9724 -0.1640 -0.1663
vn 0.9809 -0.0983 -0.1680
vn 0.9426 -0.1647 -0.2905
vn 0.9509 -0.0990 -0.2933
vn 0.9728 -0.2287 -0.0371
vn 0.9858 -0.1634 -0.0379
vn 0.9945 -0.0977 -0.0387
vn 0.9987 -0.0316 -0.0392
vn 0.9851 -0.0323 -0.1691
vn 0.9550 -0.0330 -0.2949
vn 0.9084 -0.0338 -0.4166
vn 0.9045 -0.0998 -0.4146
vn 0.8966 -0.1655 -0.4107
vn 0.8847 -0.2308 -0.4051
vn 0.9301 -0.2299 -0.2864
vn 0.9595 -0.2292 -0.1637
vn -0.9509 0.0988 0.2934
vn -0.9809 0.0981 0.1680
vn -0.9426 0.1647 0.2906
vn -0.9724 0.1639 0.1663
vn -0.9084 0.0336 0.4168
vn -0.9550 0.0328 0.2949
vn -0.9851 0.0321 0.1691
vn -0.9987 0.0314 0.0392
vn -0.9945 0.0975 0.0387
vn -0.9858 0.1634 0.0380
vn -0.9728 0.2288 0.0371
vn -0.9594 0.2295 0.1638
vn -0.9300 0.2302 0.2865
vn -0.8846 0.2311 0.4052
vn -0.8964 0.1660 0.4111
vn -0.9044 0.0999 0.4149
vn 0.2749 -0.3517 0.8948
vn 0.2674 -0.4128 0.8707
vn 0.1571 -0.3517 0.9228
vn 0.1528 -0.4125 0.8980
vn 0.3985 -0.2890 0.8705
vn 0.3894 -0.3518 0.8512
vn 0.3787 -0.4129 0.8283
vn 0.3663 -0.4724 0.8016
vn 0.2588 -0.4721 0.8427
vn 0.1480 -0.4717 0.8693
vn 0.0339 -0.4714 0.8813
vn 0.0347 -0.4121 0.9105
vn 0.0358 -0.3518 0.9354
vn 0.0367 -0.2895 0.9565
vn 0.1607 -0.2892 0.9437
vn 0.2815 -0.2894 0.9149
vn 0.8684 -0.4183 -0.2664
vn 0.8957 -0.4180 -0.1515
vn 0.8928 -0.3574 -0.2742
vn 0.9210 -0.3568 -0.1563
vn 0.7988 -0.4787 -0.3643
vn 0.8399 -0.4781 -0.2569
vn 0.8664 -0.4775 -0.1461
vn 0.8784 -0.4769 -0.0317
vn 0.9081 -0.4174 -0.0333
vn 0.9338 -0.3562 -0.0347
vn 0.9554 -0.2932 -0.0360
vn 0.9423 -0.2938 -0.1604
vn 0.9135 -0.2944 -0.2809
vn 0.8688 -0.2952 -0.3975
vn 0.8492 -0.3581 -0.3882
vn 0.8259 -0.4192 -0.3771
vn -0.6655 -0.4226 -0.6152
vn -0.5805 -0.4224 -0.6961
vn -0.6845 -0.3618 -0.6329
vn -0.5968 -0.3619 -0.7161
vn -0.7164 -0.4807 -0.5057
vn -0.6442 -0.4809 -0.5947
vn -0.5618 -0.4811 -0.6731
vn -0.4688 -0.4812 -0.7407
vn -0.4846 -0.4225 -0.7660
vn -0.4982 -0.3620 -0.7879
vn -0.5096 -0.2999 -0.8064
vn -0.6105 -0.2997 -0.7331
vn -0.7003 -0.2995 -0.6480
vn -0.7789 -0.2992 -0.5511
vn -0.7613 -0.3615 -0.5383
vn -0.7404 -0.4221 -0.5231
vn -0.6837 0.6931 0.2284
vn -0.6611 0.7193 0.2135
vn -0.6616 0.7193 0.2116
vn -0.6616 0.7193 0.2117
vn -0.7102 0.6902 0.1385
vn -0.7103 0.6902 0.1385
vn -0.6861 0.7164 0.1268
vn -0.6863 0.7165 0.1249
vn -0.6863 0.7165 0.1250
vn -0.6816 0.6476 0.3406
vn -0.6457 0.6960 0.3142
vn -0.6250 0.7221 0.2965
vn -0.6259 0.7220 0.2949
vn -0.6259 0.7220 0.2948
vn -0.6266 0.7228 0.2915
vn -0.6618 0.7202 0.2081
vn -0.6618 0.7203 0.2081
vn -0.6858 0.7176 0.1214
vn -0.6858 0.7176 0.1213
vn -0.6997 0.7136 0.0345
vn -0.6996 0.7137 0.0345
vn -0.6985 0.7149 0.0310
vn -0.6998 0.7134 0.0364
vn -0.7250 0.6873 0.0446
vn -0.7667 0.6396 0.0551
vn -0.7667 0.6396 0.0550
vn -0.7508 0.6422 0.1544
vn -0.7508 0.6423 0.1544
vn -0.7223 0.6449 0.2496
vn 0.7585 0.1629 -0.6310
vn 0.6709 0.1624 -0.7236
vn 0.7654 0.0974 -0.6361
vn 0.6769 0.0972 -0.7296
vn 0.8229 0.2280 -0.5205
vn 0.7482 0.2277 -0.6232
vn 0.6616 0.2274 -0.7146
vn 0.5628 0.2273 -0.7947
vn 0.5708 0.1624 -0.8049
vn 0.5759 0.0970 -0.8117
vn 0.5786 0.0302 -0.8150
vn 0.6801 0.0307 -0.7325
vn 0.7690 0.0312 -0.6385
vn 0.8455 0.0317 -0.5330
vn 0.8416 0.0977 -0.5311
vn 0.8342 0.1629 -0.5268
vn -0.5133 -0.7168 -0.4719
vn -0.5138 -0.7162 -0.4723
vn -0.5327 -0.6903 -0.4896
vn -0.4476 -0.7171 -0.5343
vn -0.4480 -0.7165 -0.5347
vn -0.4644 -0.6903 -0.5548
vn -0.5703 -0.7171 -0.4007
vn -0.5708 -0.7165 -0.4010
vn -0.5713 -0.7160 -0.4013
vn -0.5922 -0.6900 -0.4162
vn -0.6268 -0.6425 -0.4408
vn -0.5639 -0.6425 -0.5189
vn -0.4919 -0.6430 -0.5870
vn -0.4104 -0.6433 -0.6463
vn -0.3875 -0.6907 -0.6105
vn -0.3734 -0.7173 -0.5883
vn -0.3737 -0.7167 -0.5888
vn -0.3730 -0.7179 -0.5878
vn -0.4472 -0.7176 -0.5339
vn -0.5128 -0.7174 -0.4716
vn 0.6709 -0.1689 -0.7221
vn 0.7589 -0.1681 -0.6292
vn 0.6770 -0.1030 -0.7287
vn 0.7656 -0.1019 -0.6351
vn 0.5631 -0.2356 -0.7921
vn 0.6618 -0.2340 -0.7122
vn 0.7486 -0.2332 -0.6207
vn 0.8233 -0.2318 -0.5182
vn 0.8344 -0.1665 -0.5253
vn 0.8419 -0.1011 -0.5300
vn 0.8456 -0.0347 -0.5327
vn 0.7691 -0.0355 -0.6382
vn 0.6801 -0.0364 -0.7322
vn 0.5787 -0.0372 -0.8147
vn 0.5760 -0.1040 -0.8108
vn 0.5708 -0.1703 -0.8032
vn 0.5968 0.3620 0.7161
vn 0.5805 0.4228 0.6959
vn 0.6846 0.3618 0.6328
vn 0.6658 0.4226 0.6150
vn 0.5096 0.2999 0.8064
vn 0.4982 0.3622 0.7878
vn 0.4845 0.4229 0.7658
vn 0.4686 0.4822 0.7402
vn 0.5615 0.4820 0.6726
vn 0.6439 0.4818 0.5943
vn 0.7162 0.4814 0.5054
vn 0.7405 0.4223 0.5229
vn 0.7614 0.3615 0.5381
vn 0.7791 0.2991 0.5510
vn 0.7004 0.2995 0.6479
vn 0.6106 0.2997 0.7330
vn 0.7183 -0.3595 -0.5957
vn 0.6349 -0.3607 -0.6832
vn 0.6985 -0.4207 -0.5789
vn 0.6174 -0.4212 -0.6644
vn 0.8084 -0.2961 -0.5087
vn 0.7350 -0.2971 -0.6095
vn 0.6497 -0.2982 -0.6992
vn 0.5525 -0.2989 -0.7781
vn 0.5399 -0.3613 -0.7602
vn 0.5251 -0.4223 -0.7389
vn 0.5079 -0.4811 -0.7145
vn 0.5972 -0.4805 -0.6423
vn 0.6757 -0.4798 -0.5597
vn 0.7433 -0.4792 -0.4668
vn 0.7684 -0.4199 -0.4829
vn 0.7901 -0.3589 -0.4969
vn -0.9719 -0.1653 0.1679
vn -0.9805 -0.0998 0.1690
vn -0.9421 -0.1644 0.2921
vn -0.9506 -0.0991 0.2943
vn -0.9721 -0.2310 0.0396
vn -0.9853 -0.1661 0.0398
vn -0.9941 -0.1007 0.0397
vn -0.9986 -0.0348 0.0395
vn -0.9850 -0.0341 0.1694
vn -0.9548 -0.0333 0.2952
vn -0.9083 -0.0326 0.4171
vn -0.9042 -0.0984 0.4156
vn -0.8962 -0.1638 0.4123
vn -0.8841 -0.2289 0.4074
vn -0.9296 -0.2292 0.2886
vn -0.9589 -0.2301 0.1661
vn 0.8767 -0.3540 0.3256
vn 0.9111 -0.3548 0.2097
vn 0.8528 -0.4150 0.3171
vn 0.8862 -0.4158 0.2044
vn 0.8462 -0.2907 0.4466
vn 0.8969 -0.2913 0.3327
vn 0.9322 -0.2920 0.2141
vn 0.9519 -0.2926 0.0907
vn 0.9304 -0.3555 0.0891
vn 0.9049 -0.4167 0.0871
vn 0.8753 -0.4762 0.0847
vn 0.8572 -0.4753 0.1981
vn 0.8250 -0.4744 0.3071
vn 0.7785 -0.4737 0.4119
vn 0.8046 -0.4143 0.4254
vn 0.8272 -0.3533 0.4369
vn 0.7534 0.6438 -0.1334
vn 0.7312 0.6421 -0.2301
vn 0.7925 0.5937 -0.1396
vn 0.7686 0.5925 -0.2412
vn 0.7272 0.6856 -0.0337
vn 0.7188 0.6832 -0.1287
vn 0.6981 0.6810 -0.2211
vn 0.6654 0.6787 -0.3109
vn 0.6962 0.6406 -0.3240
vn 0.7314 0.5914 -0.3396
vn 0.7668 0.5345 -0.3554
vn 0.8061 0.5353 -0.2523
vn 0.8315 0.5360 -0.1458
vn 0.8430 0.5368 -0.0359
vn 0.8033 0.5946 -0.0347
vn 0.7631 0.6454 -0.0338
vn -0.8862 0.4158 -0.2043
vn -0.9111 0.3548 -0.2096
vn -0.8527 0.4150 -0.3172
vn -0.8767 0.3541 -0.3257
vn -0.8753 0.4761 -0.0844
vn -0.9049 0.4167 -0.0869
vn -0.9304 0.3556 -0.0890
vn -0.9519 0.2927 -0.0907
vn -0.9322 0.2919 -0.2141
vn -0.8969 0.2913 -0.3328
vn -0.8461 0.2907 -0.4468
vn -0.8271 0.3533 -0.4372
vn -0.8045 0.4143 -0.4256
vn -0.7782 0.4739 -0.4122
vn -0.8249 0.4745 -0.3073
vn -0.8573 0.4752 -0.1980
vn -0.7543 -0.5957 -0.2758
vn -0.7839 -0.5954 -0.1759
vn -0.7156 -0.6478 -0.2612
vn -0.7437 -0.6475 -0.1664
vn -0.7469 -0.5382 -0.3905
vn -0.7917 -0.5378 -0.2899
vn -0.8228 -0.5374 -0.1851
vn -0.8401 -0.5370 -0.0760
vn -0.8004 -0.5951 -0.0720
vn -0.7593 -0.6472 -0.0678
vn -0.7220 -0.6889 -0.0640
vn -0.7071 -0.6893 -0.1577
vn -0.6804 -0.6897 -0.2479
vn -0.6419 -0.6901 -0.3343
vn -0.6752 -0.6482 -0.3521
vn -0.7117 -0.5961 -0.3717
vn 0.1684 0.1066 0.9799
vn 0.1670 0.1722 0.9708
vn 0.2936 0.1067 0.9499
vn 0.2910 0.1722 0.9411
vn 0.0392 0.0396 0.9984
vn 0.0390 0.1065 0.9935
vn 0.0389 0.1720 0.9843
vn 0.0384 0.2370 0.9708
vn 0.1647 0.2369 0.9575
vn 0.2871 0.2368 0.9282
vn 0.4058 0.2366 0.8828
vn 0.4113 0.1720 0.8951
vn 0.4150 0.1066 0.9036
vn 0.4169 0.0403 0.9081
vn 0.2949 0.0403 0.9547
vn 0.1689 0.0405 0.9848
vn 0.3229 -0.3630 -0.8740
vn 0.2070 -0.3634 -0.9083
vn 0.3140 -0.4234 -0.8497
vn 0.2014 -0.4238 -0.8831
vn 0.4446 -0.3001 -0.8439
vn 0.3305 -0.3007 -0.8946
vn 0.2118 -0.3011 -0.9298
vn 0.0886 -0.3012 -0.9494
vn 0.0868 -0.3635 -0.9275
vn 0.0847 -0.4241 -0.9016
vn 0.0819 -0.4824 -0.8721
vn 0.1949 -0.4823 -0.8541
vn 0.3038 -0.4820 -0.8218
vn 0.4087 -0.4817 -0.7752
vn 0.4224 -0.4227 -0.8019
vn 0.4344 -0.3625 -0.8245
vn -0.5916 0.5885 -0.5510
vn -0.5160 0.5878 -0.6230
vn -0.5640 0.6382 -0.5241
vn -0.4925 0.6369 -0.5931
vn -0.6893 0.5319 -0.4918
vn -0.6197 0.5314 -0.5775
vn -0.5403 0.5310 -0.6528
vn -0.4509 0.5307 -0.7177
vn -0.4309 0.5871 -0.6853
vn -0.4117 0.6358 -0.6528
vn -0.3960 0.6736 -0.6241
vn -0.4728 0.6751 -0.5663
vn -0.5405 0.6770 -0.4996
vn -0.5992 0.6791 -0.4240
vn -0.6263 0.6396 -0.4458
vn -0.6577 0.5894 -0.4691
vn 0.5341 -0.6832 0.4980
vn 0.4654 -0.6829 0.5631
vn 0.5150 -0.7095 0.4810
vn 0.5134 -0.7107 0.4809
vn 0.4491 -0.7091 0.5436
vn 0.4475 -0.7104 0.5433
vn 0.4475 -0.7103 0.5433
vn 0.6284 -0.6357 0.4483
vn 0.5655 -0.6350 0.5263
vn 0.4931 -0.6346 0.5951
vn 0.4116 -0.6345 0.6543
vn 0.3890 -0.6824 0.6189
vn 0.3751 -0.7088 0.5974
vn 0.3735 -0.7101 0.5969
vn 0.3737 -0.7106 0.5961
vn 0.4479 -0.7107 0.5424
vn 0.5137 -0.7111 0.4800
vn 0.5721 -0.7108 0.4093
vn 0.5715 -0.7115 0.4089
vn 0.5727 -0.7100 0.4097
vn 0.5938 -0.6836 0.4243
vn 0.1625 -0.6906 -0.7048
vn 0.2523 -0.6904 -0.6780
vn 0.1565 -0.7167 -0.6796
vn 0.1557 -0.7168 -0.6796
vn 0.1558 -0.7169 -0.6796
vn 0.2432 -0.7165 -0.6538
vn 0.2429 -0.7172 -0.6532
vn 0.0731 -0.6430 -0.7624
vn 0.1723 -0.6429 -0.7463
vn 0.2673 -0.6427 -0.7180
vn 0.3584 -0.6426 -0.6772
vn 0.3387 -0.6902 -0.6395
vn 0.3266 -0.7163 -0.6166
vn 0.3263 -0.7170 -0.6160
vn 0.3259 -0.7177 -0.6154
vn 0.2426 -0.7179 -0.6526
vn 0.1560 -0.7180 -0.6783
vn 0.0656 -0.7169 -0.6941
vn 0.0661 -0.7181 -0.6928
vn 0.0657 -0.7169 -0.6940
vn 0.0665 -0.7168 -0.6941
vn 0.0692 -0.6907 -0.7198
vn -0.9700 -0.1023 -0.2204
vn -0.9614 -0.1678 -0.2181
vn -0.9333 -0.1031 -0.3440
vn -0.9250 -0.1686 -0.3406
vn -0.9951 -0.0355 -0.0928
vn -0.9906 -0.1015 -0.0920
vn -0.9818 -0.1670 -0.0909
vn -0.9686 -0.2319 -0.0893
vn -0.9485 -0.2328 -0.2149
vn -0.9125 -0.2337 -0.3357
vn -0.8607 -0.2345 -0.4518
vn -0.8725 -0.1695 -0.4583
vn -0.8804 -0.1038 -0.4627
vn -0.8844 -0.0375 -0.4652
vn -0.9376 -0.0368 -0.3459
vn -0.9744 -0.0362 -0.2218
vn 0.2079 -0.7093 0.6736
vn 0.2081 -0.7085 0.6743
vn 0.2154 -0.6822 0.6987
vn 0.1195 -0.7093 0.6947
vn 0.1196 -0.7087 0.6953
vn 0.1235 -0.6824 0.7205
vn 0.2929 -0.7102 0.6402
vn 0.2933 -0.7094 0.6409
vn 0.2936 -0.7086 0.6416
vn 0.3042 -0.6822 0.6649
vn 0.3217 -0.6343 0.7030
vn 0.2274 -0.6342 0.7390
vn 0.1304 -0.6345 0.7619
vn 0.0305 -0.6349 0.7720
vn 0.0288 -0.6826 0.7302
vn 0.0281 -0.7095 0.7042
vn 0.0281 -0.7089 0.7048
vn 0.0281 -0.7101 0.7036
vn 0.1195 -0.7100 0.6940
vn 0.2077 -0.7100 0.6729
vn 0.7294 0.1053 0.6759
vn 0.6359 0.1058 0.7645
vn 0.7229 0.1709 0.6695
vn 0.6302 0.1714 0.7573
vn 0.8152 0.0382 0.5779
vn 0.7328 0.0389 0.6793
vn 0.6389 0.0395 0.7683
vn 0.5332 0.0400 0.8450
vn 0.5307 0.1063 0.8409
vn 0.5259 0.1718 0.8330
vn 0.5189 0.2363 0.8215
vn 0.6217 0.2360 0.7468
vn 0.7132 0.2357 0.6602
vn 0.7934 0.2352 0.5615
vn 0.8042 0.1703 0.5695
vn 0.8115 0.1046 0.5750
vn -0.6767 -0.0973 0.7298
vn -0.6705 -0.1628 0.7238
vn -0.7652 -0.0975 0.6363
vn -0.7583 -0.1630 0.6312
vn -0.5785 -0.0306 0.8151
vn -0.5758 -0.0971 0.8118
vn -0.5705 -0.1627 0.8050
vn -0.5630 -0.2270 0.7947
vn -0.6614 -0.2275 0.7147
vn -0.7481 -0.2277 0.6233
vn -0.8230 -0.2278 0.5204
vn -0.8340 -0.1633 0.5270
vn -0.8416 -0.0975 0.5312
vn -0.8453 -0.0319 0.5333
vn -0.7688 -0.0314 0.6388
vn -0.6798 -0.0310 0.7327
vn -0.7849 0.5925 -0.1815
vn -0.7556 0.5913 -0.2817
vn -0.7451 0.6445 -0.1715
vn -0.7181 0.6427 -0.2669
vn -0.8410 0.5348 -0.0814
vn -0.8238 0.5339 -0.1906
vn -0.7927 0.5331 -0.2956
vn -0.7478 0.5325 -0.3965
vn -0.7133 0.5900 -0.3783
vn -0.6784 0.6412 -0.3586
vn -0.6480 0.6813 -0.3405
vn -0.6848 0.6835 -0.2525
vn -0.7095 0.6860 -0.1614
vn -0.7222 0.6884 -0.0674
vn -0.7596 0.6463 -0.0727
vn -0.8011 0.5936 -0.0775
vn -0.1686 -0.1063 -0.9799
vn -0.2938 -0.1063 -0.9500
vn -0.1671 -0.1721 -0.9708
vn -0.2911 -0.1720 -0.9411
vn -0.0397 -0.0393 -0.9984
vn -0.1694 -0.0394 -0.9848
vn -0.2951 -0.0394 -0.9546
vn -0.4169 -0.0394 -0.9081
vn -0.4150 -0.1061 -0.9036
vn -0.4113 -0.1719 -0.8952
vn -0.4057 -0.2366 -0.8828
vn -0.2872 -0.2368 -0.9282
vn -0.1648 -0.2370 -0.9574
vn -0.0385 -0.2371 -0.9707
vn -0.0391 -0.1722 -0.9843
vn -0.0395 -0.1062 -0.9936
vn 0.2677 0.4233 0.8656
vn 0.2754 0.3626 0.8903
vn 0.1533 0.4235 0.8928
vn 0.1579 0.3629 0.9184
vn 0.3662 0.4823 0.7958
vn 0.3786 0.4231 0.8232
vn 0.3894 0.3623 0.8468
vn 0.3984 0.3001 0.8667
vn 0.2819 0.3004 0.9112
vn 0.1617 0.3007 0.9399
vn 0.0374 0.3013 0.9528
vn 0.0364 0.3635 0.9309
vn 0.0353 0.4241 0.9049
vn 0.0342 0.4826 0.8752
vn 0.1482 0.4825 0.8633
vn 0.2589 0.4824 0.8368
vn 0.2072 0.3521 -0.9127
vn 0.3231 0.3525 -0.8783
vn 0.2016 0.4129 -0.8882
vn 0.3142 0.4133 -0.8547
vn 0.0888 0.2897 -0.9530
vn 0.2120 0.2900 -0.9333
vn 0.3306 0.2903 -0.8980
vn 0.4447 0.2907 -0.8472
vn 0.4346 0.3528 -0.8286
vn 0.4226 0.4137 -0.8064
vn 0.4087 0.4731 -0.7805
vn 0.3039 0.4726 -0.8272
vn 0.1950 0.4723 -0.8596
vn 0.0819 0.4721 -0.8777
vn 0.0846 0.4126 -0.9070
vn 0.0871 0.3514 -0.9322
vn 0.2207 0.0959 -0.9706
vn 0.3444 0.0963 -0.9339
vn 0.2187 0.1619 -0.9623
vn 0.3413 0.1622 -0.9259
vn 0.0926 0.0285 -0.9953
vn 0.2216 0.0289 -0.9747
vn 0.3459 0.0293 -0.9378
vn 0.4655 0.0298 -0.8845
vn 0.4634 0.0967 -0.8809
vn 0.4591 0.1625 -0.8734
vn 0.4528 0.2272 -0.8622
vn 0.3366 0.2269 -0.9139
vn 0.2158 0.2266 -0.9498
vn 0.0903 0.2262 -0.9699
vn 0.0915 0.1615 -0.9826
vn 0.0922 0.0956 -0.9911
vn 0.9703 -0.0966 0.2216
vn 0.9619 -0.1625 0.2201
vn 0.9336 -0.0962 0.3451
vn 0.9254 -0.1620 0.3425
vn 0.9952 -0.0310 0.0932
vn 0.9909 -0.0971 0.0932
vn 0.9823 -0.1629 0.0927
vn 0.9693 -0.2281 0.0919
vn 0.9491 -0.2276 0.2176
vn 0.9132 -0.2271 0.3383
vn 0.8615 -0.2266 0.4544
vn 0.8730 -0.1616 0.4601
vn 0.8807 -0.0958 0.4638
vn 0.8846 -0.0293 0.4655
vn 0.9377 -0.0299 0.3462
vn 0.9745 -0.0304 0.2222
vn -0.6667 0.4130 -0.6204
vn -0.6855 0.3520 -0.6374
vn -0.5812 0.4125 -0.7014
vn -0.5976 0.3514 -0.7207
vn -0.7173 0.4733 -0.5114
vn -0.7416 0.4136 -0.5282
vn -0.7624 0.3526 -0.5426
vn -0.7799 0.2901 -0.5546
vn -0.7012 0.2895 -0.6516
vn -0.6112 0.2890 -0.7368
vn -0.5102 0.2887 -0.8102
vn -0.4987 0.3510 -0.7925
vn -0.4850 0.4121 -0.7713
vn -0.4691 0.4719 -0.7465
vn -0.5622 0.4723 -0.6789
vn -0.6449 0.4727 -0.6005
vn -0.7294 -0.1051 -0.6760
vn -0.7228 -0.1708 -0.6696
vn -0.6359 -0.1055 -0.7646
vn -0.6301 -0.1712 -0.7574
vn -0.8152 -0.0380 -0.5780
vn -0.8114 -0.1045 -0.5751
vn -0.8041 -0.1702 -0.5696
vn -0.7933 -0.2352 -0.5616
vn -0.7131 -0.2357 -0.6602
vn -0.6217 -0.2361 -0.7469
vn -0.5189 -0.2363 -0.8215
vn -0.5260 -0.1716 -0.8330
vn -0.5307 -0.1059 -0.8409
vn -0.5332 -0.0392 -0.8451
vn -0.6388 -0.0389 -0.7684
vn -0.7328 -0.0385 -0.6794
vn -0.3233 -0.3523 0.8783
vn -0.2076 -0.3520 0.9127
vn -0.3144 -0.4129 0.8548
vn -0.2018 -0.4126 0.8883
vn -0.4447 -0.2907 0.8472
vn -0.3308 -0.2904 0.8979
vn -0.2124 -0.2900 0.9331
vn -0.0895 -0.2898 0.9529
vn -0.0874 -0.3519 0.9320
vn -0.0850 -0.4124 0.9070
vn -0.0821 -0.4713 0.8781
vn -0.1953 -0.4716 0.8599
vn -0.3041 -0.4721 0.8274
vn -0.4089 -0.4728 0.7806
vn -0.4227 -0.4135 0.8064
vn -0.4346 -0.3528 0.8287
vn 0.6348 0.3536 -0.6870
vn 0.7180 0.3541 -0.5993
vn 0.6173 0.4145 -0.6687
vn 0.6982 0.4150 -0.5833
vn 0.5526 0.2910 -0.7810
vn 0.6496 0.2912 -0.7023
vn 0.7347 0.2916 -0.6126
vn 0.8078 0.2925 -0.5118
vn 0.7897 0.3547 -0.5006
vn 0.7680 0.4157 -0.4873
vn 0.7427 0.4752 -0.4718
vn 0.6752 0.4745 -0.5647
vn 0.5970 0.4739 -0.6473
vn 0.5079 0.4735 -0.7196
vn 0.5251 0.4141 -0.7435
vn 0.5400 0.3532 -0.7639
vn -0.6306 0.1607 -0.7593
vn -0.7233 0.1609 -0.6715
vn -0.6361 0.0950 -0.7657
vn -0.7297 0.0952 -0.6771
vn -0.5193 0.2252 -0.8244
vn -0.6223 0.2254 -0.7497
vn -0.7138 0.2258 -0.6630
vn -0.7940 0.2262 -0.5643
vn -0.8046 0.1613 -0.5715
vn -0.8117 0.0955 -0.5762
vn -0.8152 0.0289 -0.5784
vn -0.7329 0.0286 -0.6798
vn -0.6389 0.0283 -0.7688
vn -0.5333 0.0281 -0.8455
vn -0.5309 0.0949 -0.8421
vn -0.5263 0.1606 -0.8350
vn -0.2224 0.6927 -0.6861
vn -0.2245 0.6904 -0.6877
vn -0.2225 0.6927 -0.6861
vn -0.1326 0.6917 -0.7099
vn -0.1345 0.6894 -0.7118
vn -0.2384 0.6645 -0.7083
vn -0.2383 0.6645 -0.7083
vn -0.1456 0.6634 -0.7340
vn -0.3054 0.6949 -0.6511
vn -0.3090 0.6941 -0.6502
vn -0.3091 0.6941 -0.6502
vn -0.3053 0.6949 -0.6511
vn -0.2187 0.6936 -0.6864
vn -0.1287 0.6926 -0.7098
vn -0.1287 0.6925 -0.7098
vn -0.0358 0.6920 -0.7210
vn -0.0397 0.6911 -0.7216
vn -0.0414 0.6888 -0.7238
vn -0.0496 0.6627 -0.7472
vn -0.0596 0.6175 -0.7843
vn -0.1601 0.6180 -0.7697
vn -0.2574 0.6191 -0.7419
vn -0.3512 0.6207 -0.7010
vn -0.3278 0.6661 -0.6700
vn -0.3278 0.6660 -0.6700
vn -0.3113 0.6920 -0.6513
vn -0.3113 0.6920 -0.6514
vn 0.7291 -0.6476 -0.2215
vn 0.7521 -0.6470 -0.1254
vn 0.7685 -0.5955 -0.2340
vn 0.7928 -0.5949 -0.1326
vn 0.6596 -0.6896 -0.2989
vn 0.6936 -0.6890 -0.2104
vn 0.7155 -0.6884 -0.1190
vn 0.7255 -0.6878 -0.0247
vn 0.7626 -0.6463 -0.0263
vn 0.8038 -0.5943 -0.0281
vn 0.8438 -0.5357 -0.0300
vn 0.8323 -0.5364 -0.1398
vn 0.8068 -0.5370 -0.2463
vn 0.7674 -0.5376 -0.3494
vn 0.7309 -0.5961 -0.3323
vn 0.6934 -0.6482 -0.3147
vn 0.9719 0.1652 -0.1679
vn 0.9421 0.1644 -0.2921
vn 0.9805 0.0997 -0.1690
vn 0.9506 0.0989 -0.2943
vn 0.9721 0.2310 -0.0396
vn 0.9589 0.2301 -0.1661
vn 0.9296 0.2293 -0.2886
vn 0.8842 0.2286 -0.4073
vn 0.8962 0.1637 -0.4123
vn 0.9043 0.0980 -0.4154
vn 0.9083 0.0324 -0.4170
vn 0.9549 0.0330 -0.2952
vn 0.9850 0.0338 -0.1694
vn 0.9986 0.0346 -0.0396
vn 0.9941 0.1006 -0.0397
vn 0.9853 0.1662 -0.0398
vn 0.1787 0.5858 -0.7905
vn 0.2789 0.5859 -0.7608
vn 0.1695 0.6332 -0.7552
vn 0.2650 0.6336 -0.7268
vn 0.0787 0.5302 -0.8442
vn 0.1874 0.5304 -0.8268
vn 0.2921 0.5308 -0.7956
vn 0.3928 0.5312 -0.7507
vn 0.3751 0.5865 -0.7178
vn 0.3569 0.6343 -0.6858
vn 0.3402 0.6712 -0.6586
vn 0.3401 0.6712 -0.6586
vn 0.2520 0.6703 -0.6980
vn 0.1602 0.6699 -0.7250
vn 0.0649 0.6698 -0.7397
vn 0.0700 0.6332 -0.7708
vn 0.0749 0.5854 -0.8072
vn 0.9250 0.1688 0.3404
vn 0.9614 0.1680 0.2181
vn 0.9333 0.1032 0.3439
vn 0.9700 0.1024 0.2204
vn 0.8608 0.2346 0.4516
vn 0.9126 0.2338 0.3355
vn 0.9485 0.2329 0.2148
vn 0.9686 0.2320 0.0893
vn 0.9817 0.1671 0.0908
vn 0.9906 0.1015 0.0920
vn 0.9951 0.0354 0.0928
vn 0.9744 0.0361 0.2218
vn 0.9376 0.0369 0.3458
vn 0.8845 0.0376 0.4651
vn 0.8804 0.1039 0.4626
vn 0.8725 0.1696 0.4581
vt 1.819249 -1.917354
vt 1.845063 -1.917583
vt 1.855358 -1.916541
vt 1.845063 -1.916014
vt 1.872937 -1.914753
vt 1.875309 -1.915985
vt 1.872937 -1.917470
vt 1.756870 -1.918600
vt 1.794153 -1.918770
vt 1.794153 -1.916955
vt 1.831435 -1.915310
vt 1.831435 -1.918940
vt 1.906000 -1.912020
vt 1.868718 -1.913665
vt 1.898975 -1.913271
vt 1.898406 -1.915065
vt 1.906000 -1.919280
vt 1.898956 -1.917093
vt 1.868718 -1.919110
vt 1.930229 -1.924128
vt 1.922905 -1.926236
vt 1.919900 -1.926290
vt 1.922905 -1.925086
vt 1.914736 -1.926383
vt 1.913891 -1.927548
vt 1.914736 -1.928360
vt 1.947700 -1.920470
vt 1.937275 -1.923318
vt 1.937275 -1.921988
vt 1.926850 -1.923505
vt 1.926850 -1.926165
vt 1.906000 -1.926540
vt 1.916425 -1.925023
vt 1.906000 -1.927870
vt 1.906000 -1.929200
vt 1.906000 -1.931860
vt 1.906000 -1.930530
vt 1.916425 -1.929013
vt 1.978914 -1.911295
vt 1.963862 -1.909012
vt 1.964057 -1.912405
vt 1.979528 -1.913860
vt 1.963901 -1.915833
vt 1.978996 -1.916540
vt 1.949821 -1.906653
vt 1.949845 -1.910858
vt 1.949826 -1.915068
vt 1.990770 -1.912020
vt 1.977103 -1.908830
vt 1.997797 -1.913332
vt 1.998366 -1.915134
vt 1.997816 -1.917153
vt 1.978121 -1.919286
vt 1.990770 -1.919280
vt 1.963746 -1.919283
vt 1.949806 -1.919281
vt 1.936100 -1.914275
vt 1.936100 -1.919280
vt 1.936100 -1.909270
vt 1.936100 -1.904265
vt 1.949768 -1.902450
vt 1.936100 -1.899260
vt 1.963435 -1.905640
vt 1.875309 -1.915987
vt 1.872937 -1.914757
vt 1.898956 -1.917094
vt 1.898405 -1.915077
vt 1.898965 -1.913307
vt 1.872937 -1.920931
vt 1.845063 -1.920697
vt 1.855358 -1.921783
vt 1.875309 -1.922421
vt 1.872937 -1.923644
vt 1.845063 -1.922266
vt 1.819249 -1.920810
vt 1.868718 -1.919280
vt 1.898956 -1.921406
vt 1.898406 -1.923415
vt 1.831435 -1.919280
vt 1.898965 -1.925193
vt 1.868718 -1.924725
vt 1.831435 -1.922910
vt 1.756870 -1.919280
vt 1.794153 -1.921095
vt 1.794153 -1.919280
vt 1.981643 -1.912286
vt 1.973108 -1.913683
vt 1.976247 -1.912444
vt 1.982525 -1.911113
vt 1.981642 -1.910314
vt 1.973108 -1.912535
vt 1.965455 -1.914731
vt 1.979878 -1.913665
vt 1.990770 -1.910693
vt 1.990770 -1.909365
vt 1.968985 -1.915310
vt 1.990770 -1.906710
vt 1.990770 -1.908038
vt 1.979878 -1.909683
vt 1.968985 -1.912655
vt 1.947200 -1.918600
vt 1.958093 -1.915628
vt 1.958093 -1.916955
vt 1.949826 -1.923495
vt 1.949845 -1.927707
vt 1.964057 -1.926164
vt 1.963901 -1.922734
vt 1.979528 -1.924726
vt 1.978996 -1.922040
vt 1.949821 -1.931913
vt 1.963862 -1.929556
vt 1.978914 -1.927285
vt 1.936100 -1.924288
vt 1.997816 -1.921469
vt 1.998366 -1.923498
vt 1.997796 -1.925290
vt 1.977103 -1.929733
vt 1.990770 -1.926540
vt 1.963435 -1.932925
vt 1.949768 -1.936118
vt 1.936100 -1.934303
vt 1.936100 -1.939310
vt 1.936100 -1.929295
vt 1.917709 -1.909549
vt 1.924227 -1.912128
vt 1.921838 -1.911882
vt 1.917852 -1.910056
vt 1.917624 -1.911485
vt 1.924227 -1.913276
vt 1.931189 -1.914397
vt 1.906000 -1.906710
vt 1.916768 -1.909558
vt 1.915123 -1.906163
vt 1.916275 -1.906815
vt 1.927535 -1.912405
vt 1.914269 -1.908449
vt 1.916768 -1.913540
vt 1.927535 -1.915060
vt 1.949070 -1.918100
vt 1.938303 -1.916580
vt 1.938303 -1.915253
vt 1.947008 -1.939061
vt 1.933321 -1.935241
vt 1.933340 -1.937869
vt 1.947010 -1.942245
vt 1.933340 -1.940411
vt 1.947010 -1.945357
vt 1.919629 -1.931524
vt 1.919670 -1.933525
vt 1.919670 -1.935469
vt 1.960680 -1.939310
vt 1.946991 -1.935641
vt 1.960680 -1.942975
vt 1.960680 -1.946640
vt 1.960680 -1.950305
vt 1.947010 -1.948443
vt 1.960680 -1.953970
vt 1.933340 -1.942915
vt 1.919670 -1.937388
vt 1.919161 -1.929415
vt 1.933185 -1.932431
vt 1.872937 -1.923648
vt 1.875309 -1.922423
vt 1.898975 -1.925229
vt 1.898406 -1.923427
vt 1.898956 -1.921407
vt 1.917777 -1.922022
vt 1.917245 -1.924702
vt 1.932719 -1.926158
vt 1.932874 -1.922729
vt 1.946932 -1.927706
vt 1.946952 -1.923494
vt 1.917859 -1.927268
vt 1.932913 -1.929552
vt 1.946957 -1.931913
vt 1.918652 -1.919276
vt 1.933030 -1.919279
vt 1.946971 -1.919281
vt 1.960680 -1.924288
vt 1.960680 -1.919280
vt 1.960680 -1.929295
vt 1.960680 -1.934303
vt 1.947010 -1.936118
vt 1.933340 -1.932925
vt 1.919670 -1.929733
vt 1.946952 -1.915072
vt 1.946933 -1.910893
vt 1.932719 -1.912450
vt 1.932874 -1.915835
vt 1.917245 -1.913873
vt 1.917777 -1.916526
vt 1.946954 -1.906790
vt 1.932893 -1.909190
vt 1.917818 -1.911403
vt 1.960680 -1.914275
vt 1.919161 -1.909143
vt 1.933185 -1.906133
vt 1.946991 -1.902926
vt 1.960680 -1.904265
vt 1.960680 -1.899260
vt 1.960680 -1.909270
vt 1.917860 -1.911277
vt 1.917245 -1.913836
vt 1.932719 -1.912399
vt 1.932913 -1.909008
vt 1.946932 -1.910857
vt 1.946957 -1.906652
vt 1.917777 -1.916522
vt 1.932874 -1.915828
vt 1.946952 -1.915068
vt 1.919670 -1.908830
vt 1.933340 -1.905640
vt 1.947010 -1.902450
vt 1.947010 -1.893213
vt 1.933340 -1.898158
vt 1.933340 -1.900698
vt 1.947010 -1.896324
vt 1.933321 -1.903326
vt 1.947008 -1.899507
vt 1.919670 -1.903099
vt 1.919670 -1.905041
vt 1.919629 -1.907040
vt 1.960680 -1.884600
vt 1.947010 -1.890128
vt 1.960680 -1.888265
vt 1.960680 -1.891930
vt 1.960680 -1.895595
vt 1.906000 -1.910693
vt 1.906000 -1.909365
vt 1.906000 -1.908038
vt 1.919670 -1.901183
vt 1.933340 -1.895655
vt 2.077521 -1.921212
vt 2.051707 -1.920982
vt 2.041412 -1.922022
vt 2.051707 -1.922551
vt 2.023834 -1.923810
vt 2.021462 -1.922578
vt 2.023834 -1.921093
vt 2.139900 -1.919970
vt 2.102618 -1.919798
vt 2.102618 -1.921613
vt 2.065335 -1.923255
vt 2.065335 -1.919625
vt 2.028053 -1.924898
vt 2.028053 -1.919453
vt 1.915128 -1.912573
vt 1.914245 -1.911372
vt 1.920524 -1.912900
vt 1.923663 -1.914238
vt 1.931315 -1.915527
vt 1.923663 -1.913091
vt 1.915128 -1.910601
vt 1.916893 -1.914008
vt 1.927785 -1.915995
vt 1.949570 -1.919970
vt 1.938678 -1.917983
vt 1.938678 -1.916655
vt 1.927785 -1.913340
vt 1.916893 -1.910025
vt 1.977103 -1.924298
vt 1.977103 -1.925991
vt 1.963435 -1.932772
vt 1.963435 -1.932954
vt 1.949768 -1.939670
vt 1.949768 -1.941625
vt 1.977144 -1.927411
vt 1.963454 -1.932261
vt 1.949770 -1.937497
vt 1.990770 -1.915650
vt 1.977103 -1.922508
vt 1.963435 -1.932995
vt 1.949768 -1.943483
vt 1.936100 -1.950305
vt 1.936100 -1.953970
vt 1.936100 -1.946640
vt 1.936100 -1.942975
vt 1.949787 -1.934849
vt 1.963591 -1.931055
vt 1.977612 -1.927937
vt 1.990770 -1.922910
vt 2.023834 -1.923797
vt 2.021462 -1.922572
vt 1.997806 -1.925143
vt 1.998366 -1.923450
vt 1.997816 -1.921463
vt 1.946952 -1.923490
vt 1.932874 -1.922723
vt 1.932719 -1.926107
vt 1.946932 -1.927671
vt 1.932893 -1.929370
vt 1.946954 -1.931775
vt 1.917777 -1.922018
vt 1.917245 -1.924666
vt 1.917818 -1.927142
vt 2.023834 -1.914913
vt 2.021462 -1.916138
vt 2.041413 -1.916778
vt 2.051707 -1.916295
vt 2.077521 -1.917750
vt 2.051707 -1.917864
vt 2.023834 -1.917629
vt 2.028053 -1.913835
vt 2.065335 -1.915650
vt 2.139900 -1.919280
vt 2.102618 -1.917465
vt 2.102618 -1.919280
vt 2.065335 -1.919280
vt 2.028053 -1.919280
vt 1.949826 -1.923479
vt 1.949845 -1.927577
vt 1.964057 -1.925976
vt 1.963901 -1.922711
vt 1.979528 -1.924590
vt 1.978996 -1.922024
vt 1.949823 -1.931452
vt 1.963882 -1.928875
vt 1.978955 -1.926758
vt 1.942486 -1.890437
vt 1.930947 -1.896138
vt 1.928183 -1.896720
vt 1.937916 -1.890759
vt 1.924802 -1.897466
vt 1.933269 -1.891101
vt 1.920802 -1.901524
vt 1.920227 -1.902230
vt 1.917644 -1.903478
vt 1.954535 -1.884600
vt 1.948390 -1.884600
vt 1.942245 -1.884600
vt 1.928575 -1.891455
vt 1.936100 -1.884600
vt 1.921050 -1.898310
vt 1.913525 -1.905165
vt 1.842295 -1.885389
vt 1.836401 -1.885646
vt 1.836413 -1.896880
vt 1.842296 -1.896725
vt 1.836418 -1.908089
vt 1.842297 -1.908015
vt 1.830538 -1.885968
vt 1.830575 -1.897110
vt 1.830589 -1.908207
vt 1.848200 -1.873620
vt 1.842293 -1.874008
vt 1.848200 -1.885267
vt 1.848200 -1.896666
vt 1.848200 -1.907990
vt 1.842297 -1.919282
vt 1.848200 -1.919282
vt 1.836419 -1.919282
vt 1.830591 -1.919282
vt 1.824836 -1.908374
vt 1.824838 -1.919282
vt 1.824816 -1.897435
vt 1.824757 -1.886423
vt 1.830478 -1.874783
vt 1.824570 -1.875170
vt 1.836385 -1.874395
vt 1.842297 -1.930514
vt 1.836418 -1.930448
vt 1.836413 -1.941465
vt 1.842296 -1.941564
vt 1.836402 -1.952161
vt 1.842295 -1.952242
vt 1.830589 -1.930341
vt 1.830575 -1.941329
vt 1.830539 -1.952133
vt 1.848200 -1.930538
vt 1.848200 -1.941605
vt 1.848200 -1.952294
vt 1.842293 -1.962351
vt 1.848200 -1.962416
vt 1.836390 -1.962267
vt 1.830494 -1.962367
vt 1.824758 -1.952020
vt 1.824570 -1.963400
vt 1.824816 -1.941090
vt 1.824836 -1.930186
vt 1.877271 -1.887114
vt 1.877231 -1.897874
vt 1.882758 -1.898405
vt 1.882793 -1.887935
vt 1.888155 -1.899006
vt 1.888227 -1.888818
vt 1.877216 -1.908589
vt 1.882744 -1.908851
vt 1.888127 -1.909154
vt 1.871830 -1.875170
vt 1.871643 -1.886423
vt 1.877335 -1.876310
vt 1.882840 -1.877450
vt 1.888345 -1.878590
vt 1.893490 -1.889819
vt 1.893850 -1.879730
vt 1.893377 -1.899693
vt 1.893339 -1.909501
vt 1.888123 -1.919282
vt 1.893334 -1.919282
vt 1.882742 -1.919282
vt 1.877214 -1.919282
vt 1.871565 -1.908374
vt 1.871562 -1.919282
vt 1.871584 -1.897434
vt 1.908036 -1.893703
vt 1.903279 -1.892353
vt 1.903256 -1.901339
vt 1.908033 -1.902230
vt 1.903247 -1.910314
vt 1.908032 -1.910756
vt 1.898464 -1.891032
vt 1.898393 -1.900481
vt 1.898366 -1.909891
vt 1.912770 -1.886990
vt 1.908040 -1.885175
vt 1.912770 -1.895063
vt 1.912770 -1.903135
vt 1.912770 -1.911208
vt 1.908032 -1.919281
vt 1.912770 -1.919280
vt 1.903246 -1.919282
vt 1.898362 -1.919282
vt 1.898580 -1.881545
vt 1.903310 -1.883360
vt 2.006823 -1.963910
vt 2.003864 -1.961613
vt 1.997212 -1.968110
vt 1.999907 -1.970806
vt 1.990717 -1.974763
vt 1.993012 -1.977722
vt 2.000550 -1.958998
vt 1.994071 -1.964968
vt 1.988103 -1.971448
vt 2.016890 -1.958840
vt 2.013750 -1.957025
vt 2.009653 -1.966078
vt 2.002415 -1.973315
vt 1.995178 -1.980553
vt 1.986128 -1.984650
vt 1.987940 -1.987790
vt 1.984315 -1.981510
vt 1.982503 -1.978370
vt 1.984627 -1.966965
vt 1.980690 -1.975230
vt 1.989947 -1.960844
vt 1.996067 -1.955521
vt 2.007470 -1.953395
vt 2.004330 -1.951580
vt 2.010610 -1.955210
vt 1.898464 -1.947536
vt 1.903279 -1.946215
vt 1.903256 -1.937227
vt 1.898393 -1.938085
vt 1.903247 -1.928250
vt 1.898366 -1.928673
vt 1.908036 -1.944865
vt 1.908033 -1.936336
vt 1.908032 -1.927808
vt 1.893850 -1.958840
vt 1.898580 -1.957025
vt 1.893490 -1.948749
vt 1.893376 -1.938873
vt 1.893339 -1.929063
vt 1.912770 -1.927355
vt 1.912770 -1.935430
vt 1.912770 -1.943505
vt 1.908040 -1.953395
vt 1.912770 -1.951580
vt 1.903310 -1.955210
vt 1.907285 -1.902212
vt 1.901960 -1.900019
vt 1.899931 -1.906300
vt 1.905541 -1.907803
vt 1.898541 -1.912754
vt 1.904253 -1.913517
vt 1.896275 -1.897628
vt 1.894094 -1.904736
vt 1.892417 -1.911983
vt 1.913700 -1.899260
vt 1.909682 -1.896941
vt 1.912358 -1.904265
vt 1.911015 -1.909270
vt 1.909673 -1.914275
vt 1.903688 -1.919281
vt 1.908330 -1.919280
vt 1.898009 -1.919281
vt 1.891647 -1.919281
vt 1.885955 -1.911208
vt 1.883790 -1.919280
vt 1.888120 -1.903135
vt 1.890285 -1.895063
vt 1.899327 -1.890988
vt 1.892450 -1.886990
vt 1.904784 -1.894121
vt 2.066181 -1.908208
vt 2.066196 -1.897115
vt 2.060357 -1.896880
vt 2.060353 -1.908089
vt 2.054474 -1.896725
vt 2.054474 -1.908015
vt 2.066233 -1.885979
vt 2.060369 -1.885646
vt 2.054476 -1.885389
vt 2.071932 -1.919282
vt 2.071935 -1.908379
vt 2.066180 -1.919282
vt 2.060352 -1.919282
vt 2.054473 -1.919282
vt 2.048570 -1.907990
vt 2.048570 -1.919282
vt 2.048570 -1.896666
vt 2.048570 -1.885267
vt 2.054478 -1.874008
vt 2.048570 -1.873620
vt 2.060385 -1.874395
vt 2.066293 -1.874783
vt 2.072012 -1.886540
vt 2.072200 -1.875170
vt 2.071954 -1.897473
vt 1.992935 -1.885235
vt 1.987778 -1.879893
vt 1.983762 -1.883909
vt 1.988219 -1.888778
vt 1.979737 -1.887934
vt 1.983712 -1.892236
vt 1.982435 -1.874735
vt 1.978892 -1.879451
vt 1.975434 -1.883958
vt 2.004330 -1.886990
vt 1.997435 -1.881880
vt 1.997449 -1.890988
vt 1.991989 -1.894121
vt 1.987090 -1.896941
vt 1.979405 -1.895595
vt 1.983070 -1.899260
vt 1.975740 -1.891930
vt 1.972075 -1.888265
vt 1.970729 -1.880581
vt 1.968410 -1.884600
vt 1.973549 -1.875681
vt 1.976682 -1.870222
vt 1.985790 -1.870236
vt 1.980680 -1.863340
vt 1.991487 -1.876184
vt 1.955179 -1.867193
vt 1.953896 -1.877237
vt 1.959341 -1.878409
vt 1.961925 -1.868767
vt 1.964633 -1.880125
vt 1.968537 -1.870795
vt 1.952620 -1.886934
vt 1.956807 -1.887860
vt 1.960896 -1.889153
vt 1.948390 -1.854680
vt 1.948390 -1.866459
vt 1.956465 -1.856845
vt 1.964540 -1.859010
vt 1.972615 -1.861175
vt 1.974615 -1.873733
vt 1.980690 -1.863340
vt 1.969572 -1.882545
vt 1.964748 -1.890937
vt 1.957263 -1.897988
vt 1.960220 -1.898780
vt 1.954305 -1.897195
vt 1.951348 -1.896403
vt 1.948389 -1.886543
vt 1.948390 -1.895610
vt 1.948390 -1.876788
vt 1.903748 -1.977734
vt 1.905952 -1.974866
vt 1.899408 -1.968263
vt 1.896846 -1.970824
vt 1.892804 -1.961719
vt 1.889936 -1.963923
vt 1.908281 -1.971856
vt 1.902144 -1.965526
vt 1.895815 -1.959389
vt 1.908830 -1.987790
vt 1.910645 -1.984648
vt 1.901593 -1.980553
vt 1.894355 -1.973315
vt 1.887118 -1.966078
vt 1.883023 -1.957025
vt 1.879880 -1.958840
vt 1.886165 -1.955210
vt 1.889308 -1.953395
vt 1.899342 -1.956688
vt 1.892450 -1.951580
vt 1.905287 -1.962383
vt 1.910982 -1.968329
vt 1.914275 -1.978363
vt 1.916090 -1.975220
vt 1.912460 -1.981505
vt 1.788376 -1.910754
vt 1.793159 -1.910312
vt 1.793149 -1.901337
vt 1.788374 -1.902226
vt 1.793126 -1.892349
vt 1.788371 -1.893698
vt 1.798037 -1.909890
vt 1.798010 -1.900479
vt 1.797939 -1.891030
vt 1.783640 -1.919280
vt 1.788376 -1.919281
vt 1.783640 -1.911205
vt 1.783640 -1.903130
vt 1.783640 -1.895055
vt 1.788368 -1.885168
vt 1.783640 -1.886980
vt 1.793095 -1.883355
vt 1.797823 -1.881543
vt 1.802912 -1.889818
vt 1.802550 -1.879730
vt 1.803025 -1.899692
vt 1.803063 -1.909501
vt 1.798041 -1.919281
vt 1.803068 -1.919281
vt 1.793160 -1.919281
vt 1.918254 -1.931791
vt 1.916961 -1.927701
vt 1.907512 -1.930233
vt 1.909227 -1.935527
vt 1.897871 -1.932816
vt 1.899898 -1.939429
vt 1.916035 -1.923512
vt 1.906341 -1.924788
vt 1.896298 -1.926070
vt 1.927880 -1.931120
vt 1.927088 -1.928160
vt 1.920038 -1.935645
vt 1.911646 -1.940467
vt 1.902834 -1.945508
vt 1.890278 -1.943505
vt 1.892440 -1.951580
vt 1.888115 -1.935430
vt 1.885953 -1.927355
vt 1.895565 -1.919281
vt 1.905892 -1.919281
vt 1.915644 -1.919281
vt 1.925503 -1.922240
vt 1.924710 -1.919280
vt 1.926295 -1.925200
vt 2.019495 -1.852904
vt 2.013946 -1.854550
vt 2.013958 -1.862404
vt 2.019532 -1.861054
vt 2.013964 -1.870549
vt 2.019546 -1.869483
vt 2.008427 -1.856270
vt 2.008429 -1.863818
vt 2.008432 -1.871572
vt 2.024940 -1.842880
vt 2.019435 -1.844855
vt 2.025127 -1.851497
vt 2.025186 -1.859881
vt 2.025206 -1.868504
vt 2.019550 -1.878414
vt 2.025208 -1.877620
vt 2.013974 -1.879236
vt 2.008461 -1.879899
vt 2.002920 -1.872493
vt 2.002920 -1.879730
vt 2.002920 -1.865255
vt 2.002920 -1.858018
vt 2.008425 -1.848805
vt 2.002920 -1.850780
vt 2.013930 -1.846830
vt 1.808173 -1.888818
vt 1.808246 -1.899006
vt 1.813642 -1.898405
vt 1.813607 -1.887935
vt 1.819169 -1.897874
vt 1.819129 -1.887114
vt 1.808274 -1.909154
vt 1.813656 -1.908851
vt 1.819184 -1.908589
vt 1.808055 -1.878590
vt 1.813560 -1.877450
vt 1.819065 -1.876310
vt 1.819186 -1.919282
vt 1.813658 -1.919282
vt 1.808278 -1.919282
vt 1.998306 -1.947535
vt 1.998377 -1.938085
vt 1.993514 -1.937227
vt 1.993491 -1.946215
vt 1.988737 -1.936336
vt 1.988734 -1.944865
vt 1.998404 -1.928673
vt 1.993523 -1.928250
vt 1.988738 -1.927808
vt 2.002920 -1.958840
vt 2.003280 -1.948749
vt 1.998190 -1.957025
vt 1.993460 -1.955210
vt 1.988730 -1.953395
vt 1.984000 -1.943505
vt 1.984000 -1.951580
vt 1.984000 -1.935430
vt 1.984000 -1.927355
vt 1.988738 -1.919281
vt 1.984000 -1.919280
vt 1.993525 -1.919282
vt 1.998408 -1.919282
vt 2.003431 -1.929063
vt 2.003437 -1.919282
vt 2.003394 -1.938873
vt 2.088496 -1.929395
vt 2.083113 -1.929688
vt 2.083122 -1.939954
vt 2.088523 -1.939441
vt 2.083144 -1.949918
vt 2.088592 -1.949316
vt 2.077584 -1.929942
vt 2.077586 -1.940428
vt 2.077588 -1.950562
vt 2.093702 -1.919281
vt 2.088493 -1.919282
vt 2.093707 -1.929058
vt 2.093745 -1.938834
vt 2.093858 -1.948632
vt 2.088679 -1.958670
vt 2.094220 -1.958840
vt 2.083166 -1.959333
vt 2.077591 -1.960155
vt 2.071932 -1.951172
vt 2.071932 -1.960949
vt 2.071932 -1.940846
vt 2.071932 -1.930155
vt 2.077584 -1.919282
vt 2.083112 -1.919282
vt 1.998306 -1.891043
vt 1.993491 -1.892353
vt 1.993514 -1.901339
vt 1.998377 -1.900486
vt 1.993524 -1.910314
vt 1.998404 -1.909892
vt 1.988734 -1.893703
vt 1.988737 -1.902230
vt 1.988738 -1.910756
vt 1.998190 -1.881545
vt 2.003281 -1.889936
vt 2.003394 -1.899732
vt 2.003431 -1.909506
vt 1.984000 -1.911208
vt 1.984000 -1.903135
vt 1.984000 -1.895063
vt 1.988730 -1.885175
vt 1.984000 -1.886990
vt 1.993460 -1.883360
vt 2.006836 -1.874647
vt 1.999926 -1.867745
vt 1.997365 -1.870305
vt 2.003970 -1.876851
vt 1.994629 -1.873041
vt 2.000961 -1.879180
vt 1.993023 -1.860835
vt 1.990820 -1.863701
vt 1.988491 -1.866710
vt 2.016890 -1.879730
vt 2.009653 -1.872493
vt 2.013750 -1.881545
vt 2.010610 -1.883360
vt 2.007470 -1.885175
vt 1.982495 -1.860200
vt 1.984310 -1.857060
vt 1.986125 -1.853920
vt 1.995178 -1.858018
vt 1.987940 -1.850780
vt 2.002415 -1.865255
vt 1.941090 -1.863315
vt 1.933841 -1.864990
vt 1.935405 -1.870829
vt 1.941861 -1.869440
vt 1.936908 -1.876440
vt 1.942624 -1.875152
vt 1.926731 -1.867170
vt 1.929122 -1.872856
vt 1.931315 -1.878184
vt 1.948390 -1.854690
vt 1.940315 -1.856853
vt 1.948389 -1.862546
vt 1.948389 -1.868907
vt 1.948389 -1.874588
vt 1.943383 -1.880573
vt 1.948390 -1.879230
vt 1.938375 -1.881915
vt 1.933368 -1.883258
vt 1.926042 -1.880580
vt 1.928360 -1.884600
vt 1.923223 -1.875681
vt 1.920090 -1.870222
vt 1.924165 -1.861178
vt 1.916090 -1.863340
vt 1.932240 -1.859015
vt 1.788371 -1.893697
vt 1.788375 -1.902226
vt 1.798038 -1.909890
vt 1.802912 -1.889819
vt 1.803068 -1.919282
vt 2.088496 -1.909168
vt 2.088524 -1.899117
vt 2.083128 -1.898561
vt 2.083114 -1.908870
vt 2.077601 -1.897985
vt 2.077586 -1.908603
vt 2.088594 -1.889232
vt 2.083161 -1.888500
vt 2.077640 -1.887533
vt 2.093707 -1.909506
vt 2.088492 -1.919282
vt 2.077687 -1.877636
vt 2.083194 -1.879017
vt 2.088682 -1.879872
vt 2.093858 -1.889935
vt 2.094220 -1.879730
vt 2.093745 -1.899731
vt 1.854106 -1.953179
vt 1.859999 -1.952922
vt 1.859987 -1.941685
vt 1.854104 -1.941841
vt 1.859982 -1.930475
vt 1.854103 -1.930549
vt 1.865863 -1.952599
vt 1.865826 -1.941456
vt 1.865811 -1.930357
vt 1.848200 -1.964950
vt 1.854108 -1.964563
vt 1.848200 -1.953301
vt 1.848200 -1.941900
vt 1.848200 -1.930575
vt 1.854103 -1.919282
vt 1.859982 -1.919282
vt 1.865810 -1.919282
vt 1.871565 -1.930191
vt 1.871584 -1.941131
vt 1.871643 -1.952146
vt 1.865923 -1.963788
vt 1.871830 -1.963400
vt 1.860015 -1.964175
vt 2.077584 -1.908622
vt 2.083113 -1.908877
vt 2.083123 -1.898612
vt 2.077586 -1.898138
vt 2.083144 -1.888649
vt 2.077588 -1.888005
vt 2.088496 -1.909169
vt 2.088523 -1.899124
vt 2.088592 -1.889251
vt 2.071932 -1.908409
vt 2.071932 -1.897720
vt 2.071932 -1.887396
vt 2.077591 -1.878414
vt 2.071932 -1.877619
vt 2.083165 -1.879236
vt 2.088678 -1.879899
vt 2.012072 -1.868898
vt 2.009428 -1.860902
vt 2.011170 -1.862353
vt 2.011948 -1.870402
vt 2.008080 -1.863812
vt 2.008180 -1.871553
vt 2.012253 -1.853001
vt 2.012032 -1.854544
vt 2.008188 -1.856270
vt 2.024940 -1.875170
vt 2.002123 -1.866488
vt 2.017383 -1.877651
vt 2.013256 -1.879031
vt 2.008372 -1.879874
vt 2.002166 -1.852627
vt 1.997334 -1.859635
vt 1.974264 -1.939100
vt 1.971358 -1.942257
vt 1.978058 -1.948955
vt 1.981865 -1.944895
vt 1.984451 -1.955348
vt 1.989407 -1.950549
vt 1.968202 -1.945163
vt 1.973998 -1.952764
vt 1.979654 -1.960305
vt 1.968890 -1.931120
vt 1.966723 -1.933288
vt 1.976733 -1.935645
vt 1.985125 -1.940467
vt 1.993938 -1.945508
vt 1.974615 -1.964836
vt 1.969572 -1.956024
vt 1.964748 -1.947633
vt 1.962388 -1.937623
vt 1.960220 -1.939790
vt 1.964555 -1.935455
vt 1.899898 -1.899133
vt 1.897871 -1.905745
vt 1.907512 -1.908330
vt 1.909227 -1.903037
vt 1.916961 -1.910863
vt 1.918254 -1.906775
vt 1.896298 -1.912492
vt 1.906341 -1.913775
vt 1.916035 -1.915051
vt 1.892440 -1.886980
vt 1.890278 -1.895055
vt 1.902834 -1.893055
vt 1.911646 -1.898099
vt 1.920038 -1.902922
vt 1.927088 -1.910408
vt 1.927880 -1.907450
vt 1.926295 -1.913365
vt 1.925503 -1.916323
vt 1.885953 -1.911205
vt 1.888115 -1.903130
vt 1.928570 -1.945163
vt 1.925413 -1.942257
vt 1.918715 -1.948955
vt 1.922776 -1.952764
vt 1.912322 -1.955348
vt 1.917122 -1.960305
vt 1.922507 -1.939100
vt 1.914907 -1.944895
vt 1.907366 -1.950548
vt 1.936550 -1.939790
vt 1.934383 -1.937623
vt 1.932025 -1.947633
vt 1.927204 -1.956024
vt 1.922163 -1.964836
vt 1.912149 -1.966965
vt 1.916090 -1.975230
vt 1.906827 -1.960843
vt 1.900705 -1.955521
vt 1.930048 -1.933288
vt 1.932215 -1.935455
vt 2.108399 -1.893698
vt 2.103644 -1.892349
vt 2.103621 -1.901337
vt 2.108396 -1.902226
vt 2.103612 -1.910312
vt 2.108395 -1.910754
vt 2.098831 -1.891041
vt 2.098760 -1.900484
vt 2.098732 -1.909891
vt 2.113130 -1.886980
vt 2.108403 -1.885168
vt 2.113130 -1.895055
vt 2.113130 -1.903130
vt 2.113130 -1.911205
vt 2.108395 -1.919280
vt 2.113130 -1.919280
vt 2.103610 -1.919281
vt 2.098729 -1.919281
vt 2.098948 -1.881543
vt 2.103675 -1.883355
vt 2.030908 -1.885979
vt 2.030945 -1.897115
vt 2.036783 -1.896880
vt 2.036771 -1.885646
vt 2.042666 -1.896725
vt 2.042665 -1.885389
vt 2.030958 -1.908208
vt 2.036788 -1.908089
vt 2.042667 -1.908015
vt 2.025085 -1.886541
vt 2.030848 -1.874783
vt 2.036755 -1.874395
vt 2.042663 -1.874008
vt 2.042667 -1.919282
vt 2.036789 -1.919282
vt 2.030961 -1.919282
vt 2.025206 -1.908379
vt 2.025209 -1.919282
vt 2.025186 -1.897473
vt 1.980737 -1.923512
vt 1.979810 -1.927701
vt 1.989261 -1.930233
vt 1.990433 -1.924788
vt 1.998903 -1.932816
vt 2.000477 -1.926069
vt 1.978517 -1.931791
vt 1.987545 -1.935527
vt 1.996875 -1.939429
vt 1.972060 -1.919280
vt 1.971268 -1.922240
vt 1.981128 -1.919281
vt 1.990882 -1.919281
vt 2.001211 -1.919281
vt 2.010825 -1.927355
vt 2.012990 -1.919280
vt 2.008660 -1.935430
vt 2.006495 -1.943505
vt 1.969683 -1.928160
vt 1.970475 -1.925200
vt 1.989407 -1.888017
vt 1.984451 -1.883219
vt 1.978058 -1.889612
vt 1.981865 -1.893672
vt 1.971358 -1.896312
vt 1.974264 -1.899468
vt 1.979653 -1.878263
vt 1.973998 -1.885805
vt 1.968202 -1.893406
vt 2.004330 -1.886980
vt 1.996067 -1.883043
vt 1.993938 -1.893055
vt 1.985125 -1.898099
vt 1.976734 -1.902922
vt 1.966723 -1.905283
vt 1.968890 -1.907450
vt 1.964555 -1.903115
vt 1.962388 -1.900948
vt 1.984627 -1.871603
vt 1.989947 -1.877723
vt 1.903761 -1.977722
vt 1.906057 -1.974763
vt 1.899561 -1.968109
vt 1.896864 -1.970806
vt 1.892908 -1.961613
vt 1.889948 -1.963910
vt 1.908673 -1.971448
vt 1.902703 -1.964967
vt 1.896222 -1.958998
vt 1.910645 -1.984650
vt 1.883020 -1.957025
vt 1.886160 -1.955210
vt 1.889300 -1.953395
vt 1.914275 -1.978370
vt 1.912460 -1.981510
vt 1.955687 -1.975253
vt 1.962934 -1.973576
vt 1.961370 -1.967739
vt 1.954916 -1.969129
vt 1.959867 -1.962129
vt 1.954153 -1.963417
vt 1.970042 -1.971396
vt 1.967651 -1.965710
vt 1.965458 -1.960385
vt 1.948390 -1.983880
vt 1.956463 -1.981715
vt 1.948389 -1.976023
vt 1.948389 -1.969661
vt 1.948389 -1.963982
vt 1.953395 -1.957998
vt 1.948390 -1.959340
vt 1.958400 -1.956655
vt 1.963405 -1.955313
vt 1.970730 -1.957988
vt 1.968410 -1.953970
vt 1.973549 -1.962886
vt 1.976682 -1.968343
vt 1.972608 -1.977385
vt 1.980680 -1.975220
vt 1.964535 -1.979550
vt 2.103621 -1.901336
vt 2.108394 -1.919281
vt 1.928241 -1.967773
vt 1.934854 -1.969800
vt 1.937437 -1.960159
vt 1.932143 -1.958443
vt 1.939969 -1.950709
vt 1.935879 -1.949416
vt 1.941601 -1.971372
vt 1.942883 -1.961330
vt 1.944158 -1.951635
vt 1.924165 -1.977393
vt 1.939510 -1.940583
vt 1.942470 -1.941375
vt 1.945430 -1.942168
vt 1.948389 -1.952026
vt 1.948390 -1.942960
vt 1.948390 -1.961779
vt 1.948390 -1.972106
vt 1.940315 -1.981718
vt 1.932240 -1.979555
vt 1.889948 -1.874658
vt 1.892907 -1.876954
vt 1.899561 -1.870458
vt 1.896864 -1.867763
vt 1.906057 -1.863806
vt 1.903761 -1.860847
vt 1.896222 -1.879567
vt 1.902703 -1.873600
vt 1.908672 -1.867121
vt 1.879880 -1.879730
vt 1.883020 -1.881543
vt 1.887118 -1.872493
vt 1.894355 -1.865255
vt 1.901593 -1.858018
vt 1.910645 -1.853920
vt 1.908830 -1.850780
vt 1.912460 -1.857060
vt 1.914275 -1.860200
vt 1.912149 -1.871603
vt 1.906827 -1.877723
vt 1.900705 -1.883043
vt 1.889300 -1.885168
vt 1.886160 -1.883355
vt 2.000961 -1.959389
vt 1.994629 -1.965526
vt 1.997365 -1.968263
vt 2.003970 -1.961719
vt 1.999926 -1.970824
vt 2.006836 -1.963923
vt 1.988490 -1.971856
vt 1.990820 -1.974866
vt 1.993023 -1.977734
vt 1.997434 -1.956688
vt 1.986125 -1.984648
vt 1.984310 -1.981505
vt 1.982495 -1.978363
vt 1.985790 -1.968329
vt 1.991486 -1.962383
vt 2.004355 -1.911983
vt 2.002680 -1.904736
vt 1.996842 -1.906300
vt 1.998230 -1.912754
vt 1.991230 -1.907803
vt 1.992518 -1.913517
vt 2.000501 -1.897628
vt 1.994814 -1.900019
vt 1.989487 -1.902212
vt 2.012980 -1.919280
vt 2.010818 -1.911208
vt 2.005125 -1.919281
vt 1.998763 -1.919282
vt 1.993083 -1.919281
vt 1.987098 -1.914275
vt 1.988440 -1.919280
vt 1.985755 -1.909270
vt 1.984413 -1.904265
vt 2.006493 -1.895063
vt 2.008655 -1.903135
vt 2.088712 -1.871548
vt 2.088715 -1.863805
vt 2.083210 -1.862296
vt 2.083208 -1.870361
vt 2.077705 -1.860690
vt 2.077704 -1.868855
vt 2.088716 -1.856265
vt 2.083210 -1.854505
vt 2.077705 -1.852732
vt 2.094220 -1.872493
vt 2.072200 -1.867098
vt 2.072200 -1.859025
vt 2.072200 -1.850953
vt 2.077705 -1.844855
vt 2.072200 -1.842880
vt 2.083210 -1.846830
vt 2.088715 -1.848805
vt 2.094220 -1.858018
vt 2.094220 -1.850780
vt 2.094220 -1.865255
vt 1.889936 -1.874647
vt 1.892804 -1.876851
vt 1.899408 -1.870305
vt 1.896846 -1.867745
vt 1.905952 -1.863701
vt 1.903748 -1.860835
vt 1.895815 -1.879180
vt 1.902144 -1.873041
vt 1.908281 -1.866710
vt 1.883023 -1.881545
vt 1.910982 -1.870236
vt 1.905287 -1.876184
vt 1.899341 -1.881880
vt 1.889308 -1.885175
vt 1.886165 -1.883360
vt 2.042665 -1.953179
vt 2.042666 -1.941841
vt 2.036783 -1.941686
vt 2.036771 -1.952922
vt 2.030945 -1.941456
vt 2.030908 -1.952599
vt 2.042667 -1.930549
vt 2.036788 -1.930475
vt 2.030959 -1.930357
vt 2.048570 -1.964950
vt 2.048570 -1.953301
vt 2.042663 -1.964563
vt 2.036755 -1.964175
vt 2.030848 -1.963788
vt 2.025127 -1.952146
vt 2.024940 -1.963400
vt 2.025186 -1.941131
vt 2.025206 -1.930191
vt 2.048570 -1.930575
vt 2.048570 -1.941900
vt 1.824816 -1.897434
vt 1.877216 -1.929975
vt 1.877231 -1.940687
vt 1.882758 -1.940161
vt 1.882744 -1.929714
vt 1.888155 -1.939560
vt 1.888127 -1.929410
vt 1.877271 -1.951443
vt 1.882793 -1.950633
vt 1.888227 -1.949750
vt 1.871565 -1.930186
vt 1.893377 -1.938873
vt 1.893489 -1.948748
vt 1.888345 -1.959980
vt 1.882840 -1.961120
vt 1.877335 -1.962260
vt 1.871642 -1.951996
vt 1.871584 -1.941089
vt 2.030959 -1.867726
vt 2.036788 -1.867169
vt 2.036783 -1.858352
vt 2.030945 -1.858988
vt 2.036771 -1.849864
vt 2.030908 -1.850544
vt 2.042667 -1.866830
vt 2.042666 -1.857939
vt 2.042665 -1.849346
vt 2.030961 -1.876980
vt 2.030848 -1.842208
vt 2.036755 -1.841535
vt 2.042663 -1.840863
vt 2.048570 -1.849110
vt 2.048570 -1.840190
vt 2.048570 -1.857789
vt 2.048570 -1.866715
vt 2.042667 -1.876245
vt 2.048570 -1.876152
vt 2.036789 -1.876521
vt 1.895339 -1.874008
vt 1.948385 -1.874008
vt 1.948385 -1.874395
vt 1.892385 -1.874395
vt 1.948385 -1.874783
vt 1.889431 -1.874783
vt 2.001431 -1.874008
vt 2.004385 -1.874395
vt 2.007339 -1.874783
vt 1.898293 -1.873620
vt 1.886478 -1.875170
vt 1.948385 -1.875170
vt 2.010293 -1.875170
vt 1.998478 -1.873620
vt 1.948385 -1.873620
vt 2.108399 -1.944865
vt 2.108396 -1.936335
vt 2.103621 -1.937227
vt 2.103644 -1.946215
vt 2.098760 -1.938085
vt 2.098831 -1.947535
vt 2.108395 -1.927808
vt 2.103612 -1.928250
vt 2.098732 -1.928673
vt 2.113130 -1.951580
vt 2.113130 -1.943505
vt 2.108403 -1.953395
vt 2.103675 -1.955210
vt 2.098948 -1.957025
vt 2.093858 -1.948749
vt 2.093745 -1.938873
vt 2.093708 -1.929063
vt 2.113130 -1.927355
vt 2.113130 -1.935430
vt 1.952620 -1.951635
vt 1.953896 -1.961330
vt 1.959341 -1.960159
vt 1.956807 -1.950709
vt 1.964633 -1.958443
vt 1.960896 -1.949416
vt 1.955179 -1.971372
vt 1.961925 -1.969799
vt 1.968537 -1.967773
vt 1.951348 -1.942168
vt 1.954305 -1.941375
vt 1.957263 -1.940583
vt 1.972615 -1.977393
vt 1.964540 -1.979555
vt 1.956465 -1.981718
vt 1.903840 -1.953333
vt 1.908996 -1.958674
vt 1.913011 -1.954659
vt 1.908554 -1.949790
vt 1.917035 -1.950635
vt 1.913059 -1.946333
vt 1.914337 -1.963831
vt 1.917880 -1.959116
vt 1.921337 -1.954611
vt 1.899327 -1.947581
vt 1.904784 -1.944447
vt 1.909682 -1.941628
vt 1.917365 -1.942975
vt 1.913700 -1.939310
vt 1.921030 -1.946640
vt 1.924695 -1.950305
vt 1.926042 -1.957988
vt 1.928360 -1.953970
vt 1.923223 -1.962886
vt 1.920090 -1.968343
vt 1.928570 -1.893406
vt 1.922776 -1.885805
vt 1.918715 -1.889613
vt 1.925413 -1.896312
vt 1.914907 -1.893672
vt 1.922507 -1.899468
vt 1.917122 -1.878263
vt 1.912322 -1.883219
vt 1.907365 -1.888017
vt 1.936550 -1.898780
vt 1.932025 -1.890937
vt 1.934383 -1.900948
vt 1.932215 -1.903115
vt 1.930048 -1.905283
vt 1.922162 -1.873733
vt 1.927204 -1.882545
vt 1.993523 -1.910314
vt 1.941090 -1.975253
vt 1.941861 -1.969129
vt 1.935405 -1.967739
vt 1.933841 -1.973577
vt 1.929123 -1.965711
vt 1.926731 -1.971396
vt 1.942624 -1.963417
vt 1.936908 -1.962129
vt 1.931315 -1.960385
vt 1.940315 -1.981715
vt 1.932240 -1.979550
vt 1.924165 -1.977385
vt 1.933368 -1.955313
vt 1.938375 -1.956655
vt 1.943383 -1.957998
vt 1.970042 -1.867169
vt 1.962934 -1.864990
vt 1.961370 -1.870829
vt 1.967651 -1.872857
vt 1.959867 -1.876440
vt 1.965458 -1.878184
vt 1.955687 -1.863315
vt 1.954916 -1.869440
vt 1.954153 -1.875152
vt 1.972608 -1.861178
vt 1.963405 -1.883258
vt 1.958400 -1.881915
vt 1.953395 -1.880573
vt 1.956463 -1.856853
vt 1.964535 -1.859015
vt 2.030961 -1.930322
vt 2.030961 -1.941177
vt 2.036788 -1.941414
vt 2.036789 -1.930441
vt 2.042667 -1.941557
vt 2.042667 -1.930514
vt 2.030961 -1.951661
vt 2.036789 -1.952012
vt 2.042667 -1.952223
vt 2.025208 -1.919282
vt 2.025208 -1.930155
vt 2.048570 -1.930538
vt 2.048570 -1.941605
vt 2.048570 -1.952294
vt 2.042667 -1.962324
vt 2.048570 -1.962416
vt 2.036789 -1.962048
vt 2.030961 -1.961589
vt 2.025208 -1.951172
vt 2.025208 -1.960949
vt 2.025208 -1.940846
vt 1.830589 -1.908208
vt 2.019499 -1.951454
vt 2.019539 -1.940692
vt 2.014012 -1.940161
vt 2.013977 -1.950633
vt 2.008615 -1.939560
vt 2.008543 -1.949750
vt 2.019554 -1.929975
vt 2.014026 -1.929714
vt 2.008643 -1.929410
vt 2.019435 -1.962260
vt 2.013930 -1.961120
vt 2.008425 -1.959980
vt 2.008647 -1.919282
vt 2.014028 -1.919282
vt 2.019557 -1.919282
vt 2.008548 -1.949316
vt 2.013996 -1.949918
vt 2.014017 -1.939954
vt 2.008616 -1.939441
vt 2.014027 -1.929688
vt 2.008643 -1.929395
vt 2.019552 -1.950562
vt 2.019555 -1.940428
vt 2.019556 -1.929942
vt 2.008462 -1.958670
vt 2.003281 -1.948632
vt 2.003394 -1.938834
vt 2.003431 -1.929058
vt 2.019550 -1.960155
vt 2.013974 -1.959333
vt 1.888343 -1.886247
vt 1.882825 -1.913674
vt 1.882818 -1.920842
vt 1.888342 -1.893633
vt 1.882825 -1.928984
vt 1.888343 -1.901140
vt 1.877277 -1.939049
vt 1.877254 -1.945320
vt 1.877277 -1.954779
vt 1.893850 -1.850780
vt 1.888345 -1.878935
vt 1.893850 -1.858018
vt 1.893850 -1.865255
vt 1.893850 -1.872493
vt 1.888345 -1.908720
vt 1.882840 -1.937710
vt 1.877335 -1.966700
vt 1.871646 -1.974721
vt 1.871830 -1.995690
vt 1.871606 -1.963924
vt 1.871645 -1.958508
vt 1.877335 -1.935245
vt 1.882840 -1.907090
vt 1.935879 -1.889153
vt 1.939969 -1.887860
vt 1.937437 -1.878409
vt 1.932143 -1.880125
vt 1.934854 -1.868767
vt 1.928241 -1.870796
vt 1.944158 -1.886934
vt 1.942883 -1.877237
vt 1.941601 -1.867193
vt 1.939510 -1.897988
vt 1.924165 -1.861175
vt 1.932240 -1.859010
vt 1.940315 -1.856845
vt 1.945430 -1.896403
vt 1.942470 -1.897195
vt 2.066181 -1.970844
vt 2.060352 -1.971400
vt 2.060357 -1.980218
vt 2.066196 -1.979582
vt 2.060369 -1.988707
vt 2.066232 -1.988027
vt 2.054474 -1.971739
vt 2.054474 -1.980631
vt 2.054476 -1.989224
vt 2.066180 -1.961589
vt 2.071935 -1.970066
vt 2.071954 -1.978689
vt 2.072013 -1.987073
vt 2.066293 -1.996363
vt 2.072200 -1.995690
vt 2.060385 -1.997035
vt 2.054478 -1.997708
vt 2.048570 -1.989460
vt 2.048570 -1.998380
vt 2.048570 -1.980781
vt 2.048570 -1.971854
vt 2.054474 -1.962324
vt 2.060352 -1.962048
vt 1.914337 -1.874735
vt 1.908996 -1.879893
vt 1.913011 -1.883909
vt 1.917880 -1.879451
vt 1.917035 -1.887934
vt 1.921337 -1.883958
vt 1.903840 -1.885235
vt 1.908554 -1.888778
vt 1.913059 -1.892236
vt 1.924695 -1.888265
vt 1.921030 -1.891930
vt 1.917365 -1.895595
vt 2.030908 -1.988027
vt 2.036771 -1.988707
vt 2.036783 -1.980218
vt 2.030945 -1.979582
vt 2.036788 -1.971400
vt 2.030959 -1.970843
vt 2.042665 -1.989224
vt 2.042666 -1.980631
vt 2.042667 -1.971739
vt 2.024940 -1.995690
vt 2.030848 -1.996363
vt 2.025127 -1.987073
vt 2.025186 -1.978689
vt 2.025206 -1.970066
vt 2.042663 -1.997708
vt 2.036755 -1.997035
vt 2.077645 -1.852904
vt 2.077608 -1.861054
vt 2.083182 -1.862404
vt 2.083194 -1.854550
vt 2.088712 -1.863818
vt 2.088713 -1.856271
vt 2.077594 -1.869483
vt 2.083176 -1.870549
vt 2.088708 -1.871572
vt 2.072013 -1.851497
vt 2.071935 -1.868504
vt 2.071954 -1.859881
vt 2.019546 -1.969087
vt 2.013964 -1.968021
vt 2.013958 -1.976166
vt 2.019532 -1.977516
vt 2.013946 -1.984020
vt 2.019495 -1.985666
vt 2.008432 -1.966998
vt 2.008429 -1.974752
vt 2.008427 -1.982300
vt 2.019435 -1.993715
vt 2.013930 -1.991740
vt 2.008425 -1.989765
vt 2.002920 -1.980553
vt 2.002920 -1.987790
vt 2.002920 -1.973315
vt 2.002920 -1.966078
vt 1.865811 -1.908208
vt 1.865825 -1.897110
vt 1.859987 -1.896880
vt 1.859982 -1.908089
vt 1.854104 -1.896725
vt 1.854103 -1.908015
vt 1.865862 -1.885968
vt 1.859999 -1.885646
vt 1.854106 -1.885389
vt 1.865809 -1.919282
vt 1.854108 -1.874008
vt 1.860015 -1.874395
vt 1.865923 -1.874783
vt 2.019552 -1.888005
vt 2.013996 -1.888649
vt 2.014018 -1.898612
vt 2.019555 -1.898138
vt 2.014027 -1.908877
vt 2.019556 -1.908622
vt 2.008548 -1.889251
vt 2.008616 -1.899124
vt 2.008643 -1.909169
vt 2.025208 -1.887396
vt 2.025209 -1.897720
vt 2.025208 -1.908409
vt 2.108395 -1.927807
vt 2.098732 -1.928672
vt 2.098760 -1.938080
vt 2.098831 -1.947525
vt 1.808274 -1.929410
vt 1.808246 -1.939560
vt 1.813642 -1.940161
vt 1.813656 -1.929714
vt 1.819169 -1.940687
vt 1.819184 -1.929975
vt 1.808173 -1.949750
vt 1.813607 -1.950633
vt 1.819129 -1.951443
vt 1.803063 -1.929063
vt 1.819065 -1.962260
vt 1.813560 -1.961120
vt 1.808055 -1.959980
vt 1.802912 -1.948748
vt 1.802550 -1.958840
vt 1.803025 -1.938873
vt 2.054474 -1.930549
vt 2.054474 -1.941841
vt 2.060357 -1.941685
vt 2.060353 -1.930475
vt 2.066195 -1.941456
vt 2.066181 -1.930357
vt 2.054476 -1.953179
vt 2.060369 -1.952922
vt 2.066233 -1.952599
vt 2.071935 -1.930191
vt 2.071954 -1.941131
vt 2.072013 -1.952145
vt 2.066293 -1.963788
vt 2.072200 -1.963400
vt 2.060385 -1.964175
vt 2.054478 -1.964563
vt 1.877271 -1.951454
vt 1.877231 -1.940692
vt 1.993012 -1.860847
vt 1.990716 -1.863806
vt 1.997212 -1.870458
vt 1.999908 -1.867763
vt 2.003864 -1.876954
vt 2.006823 -1.874659
vt 1.988103 -1.867121
vt 1.994071 -1.873600
vt 2.000550 -1.879567
vt 1.986128 -1.853920
vt 2.013750 -1.881543
vt 2.010610 -1.883355
vt 2.007470 -1.885168
vt 1.982503 -1.860200
vt 1.984315 -1.857060
vt 1.975434 -1.954611
vt 1.978892 -1.959116
vt 1.983761 -1.954659
vt 1.979737 -1.950635
vt 1.988219 -1.949790
vt 1.983712 -1.946333
vt 1.982435 -1.963831
vt 1.987778 -1.958674
vt 1.992935 -1.953333
vt 1.972075 -1.950305
vt 1.975740 -1.946640
vt 1.979405 -1.942975
vt 1.987090 -1.941628
vt 1.983070 -1.939310
vt 1.991989 -1.944447
vt 1.997449 -1.947581
vt 1.904253 -1.925047
vt 1.898541 -1.925810
vt 1.899931 -1.932265
vt 1.905541 -1.930762
vt 1.901960 -1.938548
vt 1.907285 -1.936355
vt 1.892417 -1.926580
vt 1.894094 -1.933830
vt 1.896275 -1.940939
vt 1.909673 -1.924288
vt 1.911015 -1.929295
vt 1.912358 -1.934303
vt 1.890285 -1.943505
vt 1.888120 -1.935430
vt 1.885955 -1.927355
vt 1.854103 -1.930514
vt 1.854104 -1.941564
vt 1.859987 -1.941465
vt 1.859982 -1.930448
vt 1.865825 -1.941329
vt 1.865811 -1.930341
vt 1.854105 -1.952236
vt 1.859998 -1.952112
vt 1.865859 -1.952030
vt 1.865889 -1.961197
vt 1.860004 -1.961877
vt 1.854106 -1.962303
vt 2.000501 -1.940939
vt 2.002680 -1.933830
vt 1.996842 -1.932265
vt 1.994814 -1.938548
vt 1.991230 -1.930762
vt 1.989486 -1.936355
vt 2.004355 -1.926580
vt 1.998231 -1.925810
vt 1.992518 -1.925046
vt 2.006493 -1.943505
vt 1.984413 -1.934303
vt 1.985755 -1.929295
vt 1.987098 -1.924288
vt 2.010818 -1.927355
vt 2.008655 -1.935430
vt 2.054474 -1.866830
vt 2.060353 -1.867169
vt 2.060357 -1.858352
vt 2.054474 -1.857939
vt 2.060369 -1.849864
vt 2.054476 -1.849347
vt 2.066181 -1.867726
vt 2.066195 -1.858988
vt 2.066233 -1.850543
vt 2.054474 -1.876245
vt 2.054478 -1.840863
vt 2.060385 -1.841535
vt 2.066293 -1.842208
vt 2.066180 -1.876980
vt 2.060352 -1.876521
vt 1.892148 -1.853190
vt 1.892040 -1.857442
vt 1.933810 -1.858022
vt 1.934672 -1.857862
vt 1.970748 -1.858707
vt 1.973574 -1.862499
vt 1.892148 -1.861690
vt 1.934672 -1.858147
vt 1.973573 -1.854799
vt 1.848200 -1.840190
vt 1.848200 -1.848548
vt 1.892385 -1.848935
vt 1.936570 -1.857680
vt 1.980755 -1.866425
vt 1.980755 -1.850565
vt 1.936570 -1.858250
vt 1.892385 -1.865935
vt 1.848200 -1.865263
vt 1.848200 -1.856905
vt 1.798037 -1.928673
vt 1.793159 -1.928250
vt 1.793149 -1.937227
vt 1.798010 -1.938085
vt 1.793126 -1.946215
vt 1.797939 -1.947536
vt 1.788375 -1.927808
vt 1.788374 -1.936335
vt 1.788371 -1.944865
vt 1.797823 -1.957025
vt 1.793095 -1.955210
vt 1.788368 -1.953395
vt 1.783640 -1.943505
vt 1.783640 -1.951580
vt 1.783640 -1.935430
vt 1.783640 -1.927355
vt 1.865863 -1.885969
vt 2.088597 -1.949750
vt 2.088524 -1.939560
vt 2.083128 -1.940161
vt 2.083163 -1.950633
vt 2.077601 -1.940692
vt 2.077641 -1.951454
vt 2.088496 -1.929410
vt 2.083114 -1.929714
vt 2.077586 -1.929975
vt 2.088715 -1.959980
vt 2.083210 -1.961120
vt 2.077705 -1.962260
vt 1.819169 -1.940692
vt 1.819129 -1.951454
vt 1.824836 -1.930191
vt 1.824816 -1.941131
vt 1.824757 -1.952145
vt 1.802912 -1.948749
vt 1.842297 -1.930549
vt 1.836418 -1.930476
vt 1.836413 -1.941685
vt 1.842296 -1.941841
vt 1.836401 -1.952922
vt 1.842295 -1.953179
vt 1.830589 -1.930357
vt 1.830575 -1.941456
vt 1.830538 -1.952599
vt 1.842293 -1.964563
vt 1.836385 -1.964175
vt 1.830478 -1.963788
vt 2.042667 -1.908051
vt 2.042667 -1.897008
vt 2.036789 -1.897151
vt 2.036789 -1.908123
vt 2.030961 -1.897389
vt 2.030961 -1.908242
vt 2.042667 -1.886344
vt 2.036789 -1.886555
vt 2.030961 -1.886906
vt 2.048570 -1.908027
vt 2.048570 -1.886273
vt 2.048570 -1.896961
vt 1.808055 -1.884045
vt 1.808055 -1.919285
vt 1.813560 -1.919285
vt 1.813560 -1.883058
vt 1.819065 -1.919285
vt 1.819065 -1.882070
vt 1.808055 -1.954525
vt 1.813560 -1.955513
vt 1.819065 -1.956500
vt 1.802550 -1.850780
vt 1.802550 -1.885033
vt 1.808055 -1.848805
vt 1.813560 -1.846830
vt 1.819065 -1.844855
vt 1.824570 -1.881083
vt 1.824570 -1.842880
vt 1.824570 -1.919285
vt 1.824570 -1.957488
vt 1.819065 -1.993715
vt 1.824570 -1.995690
vt 1.813560 -1.991740
vt 1.808055 -1.989765
vt 1.802550 -1.953538
vt 1.802550 -1.987790
vt 1.802550 -1.919285
vt 1.854105 -1.971623
vt 1.854105 -1.980450
vt 1.859993 -1.978768
vt 1.859998 -1.970469
vt 1.865842 -1.974294
vt 1.865862 -1.967308
vt 1.854106 -1.989096
vt 1.860000 -1.987681
vt 1.865865 -1.984141
vt 1.848200 -1.971854
vt 1.865923 -1.996363
vt 1.860015 -1.997035
vt 1.854108 -1.997708
vt 1.848200 -1.989460
vt 1.848200 -1.998380
vt 1.848200 -1.980781
vt 2.019317 -1.887537
vt 2.013893 -1.888502
vt 2.014012 -1.898561
vt 2.019539 -1.897985
vt 2.014026 -1.908870
vt 2.019554 -1.908603
vt 2.008535 -1.889233
vt 2.008616 -1.899118
vt 2.008643 -1.909168
vt 2.077645 -1.985666
vt 2.083194 -1.984020
vt 2.083182 -1.976166
vt 2.077608 -1.977517
vt 2.083176 -1.968021
vt 2.077594 -1.969087
vt 2.088713 -1.982300
vt 2.088712 -1.974752
vt 2.088708 -1.966998
vt 2.077705 -1.993715
vt 2.094220 -1.966078
vt 2.094220 -1.973315
vt 2.094220 -1.980553
vt 2.088715 -1.989765
vt 2.094220 -1.987790
vt 2.083210 -1.991740
vt 1.830478 -1.988199
vt 1.836385 -1.988752
vt 1.836385 -1.980326
vt 1.830478 -1.979946
vt 1.836386 -1.971588
vt 1.830479 -1.971472
vt 1.842293 -1.989229
vt 1.842293 -1.980644
vt 1.842292 -1.971763
vt 1.830478 -1.996363
vt 1.824570 -1.987618
vt 1.824570 -1.979545
vt 1.824570 -1.971473
vt 1.842293 -1.997708
vt 1.836385 -1.997035
vt 1.996875 -1.899133
vt 1.987545 -1.903037
vt 1.989261 -1.908330
vt 1.998903 -1.905745
vt 1.990433 -1.913774
vt 2.000477 -1.912492
vt 1.978517 -1.906775
vt 1.979811 -1.910863
vt 1.980736 -1.915051
vt 2.006495 -1.895055
vt 2.008660 -1.903130
vt 2.010825 -1.911205
vt 1.971268 -1.916323
vt 1.970475 -1.913365
vt 1.969683 -1.910408
vt 1.988737 -1.936335
vt 1.998306 -1.947525
vt 1.998377 -1.938080
vt 1.998404 -1.928672
vt 2.066180 -1.930322
vt 2.060352 -1.930441
vt 2.060352 -1.941414
vt 2.066180 -1.941177
vt 2.060352 -1.952012
vt 2.066180 -1.951661
vt 2.054473 -1.930514
vt 2.054473 -1.941557
vt 2.054473 -1.952223
vt 2.066179 -1.919282
vt 2.060351 -1.919282
vt 2.066180 -1.886906
vt 2.060352 -1.886555
vt 2.060352 -1.897151
vt 2.066180 -1.897389
vt 2.060352 -1.908123
vt 2.066180 -1.908242
vt 2.054473 -1.886344
vt 2.054473 -1.897008
vt 2.054473 -1.908051
s 1
usemtl none.002
f 86/40/165 87/41/165 88/42/166 89/43/165
f 90/44/167 89/43/167 88/42/168 91/45/168
f 92/46/169 91/45/169 88/42/169 87/41/170
f 93/47/171 94/48/172 86/40/173 95/49/172
f 95/49/174 86/40/175 89/43/176 96/50/177
f 94/48/178 97/51/179 87/41/180 86/40/178
f 98/52/181 99/53/181 90/44/181 100/54/181
f 100/54/182 90/44/182 91/45/182 101/55/182
f 99/53/183 96/50/177 89/43/176 90/44/184
f 102/56/185 103/57/186 92/46/186 104/58/185
f 104/58/187 92/46/187 87/41/180 97/51/179
f 103/57/188 101/55/188 91/45/188 92/46/188
f 105/59/189 106/60/190 107/61/190 108/62/190
f 109/63/191 108/62/191 107/61/191 110/64/191
f 111/65/192 110/64/192 107/61/192 106/60/192
f 93/66/193 112/67/193 105/59/194 113/68/193
f 113/68/195 105/59/196 108/62/197 114/69/198
f 112/67/199 115/70/200 106/60/201 105/59/202
f 116/71/203 117/72/203 109/63/203 118/73/203
f 118/73/204 109/63/204 110/64/204 119/74/204
f 117/72/205 114/69/198 108/62/197 109/63/205
f 120/75/206 121/76/206 111/65/206 122/77/206
f 122/77/207 111/65/207 106/60/201 115/70/200
f 121/76/208 119/74/209 110/64/208 111/65/208
f 123/78/210 124/79/211 125/80/211 126/81/210
f 126/81/212 125/80/212 127/82/212 128/83/212
f 124/79/213 129/84/214 130/85/213 125/80/213
f 125/80/215 130/85/216 131/86/216 127/82/216
f 132/87/217 133/88/217 123/78/217 134/89/217
f 134/89/218 123/78/218 126/81/218 135/90/218
f 135/90/219 126/81/220 128/83/220 136/91/220
f 136/91/221 128/83/222 137/92/221 138/93/221
f 128/83/223 127/82/223 139/94/223 137/92/223
f 127/82/224 131/86/224 140/95/224 139/94/224
f 131/86/225 141/96/225 142/97/225 140/95/225
f 130/85/226 143/98/226 141/96/226 131/86/226
f 129/84/227 144/99/227 143/98/227 130/85/227
f 145/100/228 146/101/228 144/99/228 129/84/228
f 147/102/229 145/100/229 129/84/229 124/79/229
f 133/88/230 147/102/230 124/79/230 123/78/230
f 148/46/231 149/103/231 150/42/231 151/41/232
f 152/40/233 151/41/233 150/42/233 153/43/233
f 154/104/234 153/43/234 150/42/234 149/103/234
f 155/56/235 156/105/235 148/46/235 157/58/235
f 157/58/236 148/46/236 151/41/237 158/51/238
f 156/105/239 159/106/239 149/103/239 148/46/239
f 93/47/240 160/48/241 152/40/241 161/49/241
f 161/49/242 152/40/242 153/43/243 162/50/244
f 160/48/245 158/51/238 151/41/237 152/40/245
f 163/52/246 164/53/247 154/104/247 165/107/247
f 165/107/248 154/104/248 149/103/248 159/106/248
f 164/53/249 162/50/244 153/43/243 154/104/250
f 166/108/251 167/109/251 168/110/251 169/111/251
f 170/112/252 169/111/252 168/110/252 171/113/252
f 172/114/253 171/113/253 168/110/253 167/109/253
f 155/56/254 157/115/254 166/108/255 173/116/254
f 173/116/256 166/108/256 169/111/256 174/117/256
f 157/115/257 158/118/258 167/109/259 166/108/257
f 116/71/260 175/119/261 170/112/260 117/120/260
f 117/120/262 170/112/262 171/113/263 114/121/264
f 175/119/265 174/117/265 169/111/266 170/112/266
f 93/122/267 113/123/267 172/114/267 160/124/268
f 160/124/269 172/114/269 167/109/259 158/118/258
f 113/123/270 114/121/264 171/113/263 172/114/271
f 176/125/272 177/126/272 178/127/272 179/128/272
f 180/129/273 179/128/273 178/127/273 181/130/273
f 182/131/274 181/130/274 178/127/274 177/126/274
f 183/87/275 184/132/275 176/125/275 185/133/275
f 185/133/276 176/125/277 179/128/277 186/134/278
f 184/132/279 187/135/280 177/126/281 176/125/279
f 188/136/282 189/137/283 180/129/283 190/138/282
f 190/138/284 180/129/284 181/130/285 191/139/286
f 189/137/287 186/134/287 179/128/287 180/129/287
f 93/140/288 192/141/288 182/131/288 193/142/288
f 193/142/289 182/131/289 177/126/281 187/135/280
f 192/141/290 191/139/286 181/130/285 182/131/290
f 194/143/291 195/144/291 196/145/291 197/146/291
f 197/146/292 196/145/292 198/147/292 199/148/293
f 195/144/294 200/149/295 201/150/294 196/145/295
f 196/145/296 201/150/296 202/151/296 198/147/296
f 203/97/297 204/152/297 194/143/297 205/95/297
f 205/95/298 194/143/298 197/146/298 206/94/298
f 206/94/299 197/146/299 199/148/299 207/92/299
f 207/92/300 199/148/300 208/153/300 209/93/300
f 199/148/301 198/147/301 210/154/301 208/153/301
f 198/147/302 202/151/302 211/155/302 210/154/302
f 202/151/303 212/156/303 120/157/303 211/155/303
f 201/150/304 213/158/305 212/156/304 202/151/305
f 200/149/306 214/159/306 213/158/306 201/150/306
f 215/160/307 216/161/307 214/159/307 200/149/307
f 217/162/308 215/160/308 200/149/308 195/144/308
f 204/152/309 217/162/309 195/144/309 194/143/309
f 218/163/310 219/164/310 220/165/310 221/166/310
f 222/167/311 221/166/311 220/165/311 223/168/311
f 224/169/312 223/168/312 220/165/312 219/164/312
f 132/170/313 225/171/313 218/163/313 226/172/313
f 226/172/314 218/163/314 221/166/314 227/173/314
f 225/171/315 228/174/316 219/164/317 218/163/315
f 98/52/318 229/175/318 222/167/318 99/176/318
f 99/176/319 222/167/319 223/168/320 96/177/321
f 229/175/322 227/173/322 221/166/322 222/167/322
f 93/178/323 95/179/324 224/169/323 230/180/324
f 230/180/325 224/169/325 219/164/317 228/174/316
f 95/179/326 96/177/321 223/168/320 224/169/326
f 231/78/327 232/79/328 233/80/328 234/81/327
f 234/81/329 233/80/329 235/82/329 236/83/329
f 232/79/330 237/84/331 238/85/331 233/80/331
f 233/80/332 238/85/332 239/86/332 235/82/332
f 183/87/333 240/88/333 231/78/333 241/89/333
f 241/89/334 231/78/334 234/81/334 242/90/334
f 242/90/335 234/81/335 236/83/335 243/91/335
f 243/91/336 236/83/336 207/92/336 209/93/336
f 236/83/337 235/82/337 206/94/337 207/92/337
f 235/82/338 239/86/339 205/95/338 206/94/339
f 239/86/340 244/96/340 203/97/340 205/95/340
f 238/85/341 245/98/341 244/96/341 239/86/341
f 237/84/342 246/99/342 245/98/342 238/85/342
f 247/100/343 248/101/344 246/99/343 237/84/344
f 249/102/345 247/100/346 237/84/345 232/79/346
f 240/88/347 249/102/347 232/79/347 231/78/347
f 250/181/348 251/182/348 252/183/348 253/184/348
f 253/184/349 252/183/349 254/185/349 255/186/349
f 251/182/350 256/187/350 257/188/351 252/183/351
f 252/183/351 257/188/351 258/189/352 254/185/353
f 259/190/354 260/191/354 250/181/354 261/192/354
f 261/192/355 250/181/355 253/184/356 262/193/355
f 262/193/357 253/184/357 255/186/357 263/194/357
f 263/194/358 255/186/358 214/195/358 216/196/358
f 255/186/359 254/185/359 213/197/359 214/195/359
f 254/185/360 258/189/360 212/198/360 213/197/360
f 258/189/361 121/76/361 120/75/361 212/198/361
f 257/188/362 119/74/362 121/76/362 258/189/362
f 256/187/363 118/73/363 119/74/363 257/188/364
f 264/199/365 116/71/365 118/73/365 256/187/365
f 265/200/366 264/199/366 256/187/366 251/182/366
f 260/191/367 265/200/367 251/182/367 250/181/367
f 266/201/368 267/202/368 268/110/368 269/113/368
f 270/114/369 269/113/369 268/110/369 271/109/369
f 272/108/370 271/109/370 268/110/370 267/202/370
f 273/71/371 274/203/371 266/201/371 275/120/371
f 275/120/372 266/201/373 269/113/374 276/121/375
f 274/203/376 277/204/376 267/202/376 266/201/376
f 93/122/377 278/123/378 270/114/377 94/124/377
f 94/124/379 270/114/380 271/109/381 97/118/382
f 278/123/383 276/121/375 269/113/374 270/114/383
f 102/56/384 104/115/384 272/108/384 279/205/384
f 279/205/385 272/108/386 267/202/385 277/204/385
f 104/115/387 97/118/382 271/109/381 272/108/387
f 280/206/388 281/207/389 282/208/389 283/209/390
f 283/209/391 282/208/391 284/210/391 285/211/391
f 281/207/389 286/212/392 287/213/392 282/208/389
f 282/208/393 287/213/393 288/214/393 284/210/393
f 102/56/394 279/205/394 280/206/394 289/215/394
f 289/215/395 280/206/396 283/209/395 290/216/395
f 290/216/397 283/209/398 285/211/398 291/217/398
f 291/217/399 285/211/399 292/218/399 293/219/399
f 285/211/400 284/210/400 294/220/400 292/218/400
f 284/210/401 288/214/401 295/221/401 294/220/401
f 288/214/402 296/222/402 297/190/402 295/221/402
f 287/213/403 298/223/403 296/222/404 288/214/403
f 286/212/405 299/224/405 298/223/405 287/213/405
f 274/203/406 273/71/406 299/224/406 286/212/406
f 277/204/407 274/203/407 286/212/407 281/207/407
f 279/205/408 277/204/408 281/207/408 280/206/408
f 300/225/409 301/226/410 302/227/409 303/228/409
f 303/228/411 302/227/411 304/229/411 305/230/411
f 301/226/412 306/231/413 307/232/412 302/227/412
f 302/227/414 307/232/415 308/233/416 304/229/416
f 309/219/417 310/234/417 300/225/417 311/217/417
f 311/217/418 300/225/419 303/228/418 312/216/419
f 312/216/420 303/228/421 305/230/420 313/215/420
f 313/215/422 305/230/422 156/105/422 155/56/422
f 305/230/423 304/229/423 159/106/423 156/105/423
f 304/229/424 308/233/424 165/107/424 159/106/425
f 308/233/426 314/235/427 163/52/426 165/107/426
f 307/232/428 315/236/428 314/235/428 308/233/428
f 306/231/429 316/237/429 315/236/429 307/232/429
f 317/238/430 318/239/430 316/237/430 306/231/430
f 319/240/431 317/238/431 306/231/431 301/226/431
f 310/234/432 319/240/432 301/226/432 300/225/432
f 320/241/433 321/242/434 322/243/435 323/244/433
f 323/244/436 322/243/436 324/245/436 325/246/436
f 321/242/434 326/247/437 327/248/437 322/243/435
f 322/243/438 327/248/438 328/249/438 324/245/438
f 98/52/439 100/54/439 320/241/439 329/250/439
f 329/250/440 320/241/440 323/244/440 330/251/440
f 330/251/441 323/244/442 325/246/441 331/252/442
f 331/252/443 325/246/443 332/238/443 333/239/443
f 325/246/444 324/245/444 334/240/444 332/238/444
f 324/245/445 328/249/445 335/234/445 334/240/445
f 328/249/446 291/217/446 293/219/446 335/234/446
f 327/248/447 290/216/448 291/217/447 328/249/448
f 326/247/449 289/215/449 290/216/449 327/248/449
f 103/57/450 102/56/450 289/215/450 326/247/450
f 101/55/451 103/57/452 326/247/452 321/242/452
f 100/54/453 101/55/453 321/242/453 320/241/453
f 336/253/454 337/254/454 338/255/454 339/256/455
f 339/256/456 338/255/456 340/257/456 341/258/456
f 337/254/457 342/259/457 343/260/458 338/255/459
f 338/255/459 343/260/458 344/261/460 340/257/460
f 297/262/461 296/263/461 336/253/461 345/264/461
f 345/264/462 336/253/462 339/256/462 346/265/462
f 346/265/463 339/256/463 341/258/463 347/266/463
f 347/266/464 341/258/464 316/237/464 318/239/464
f 341/258/465 340/257/465 315/236/465 316/237/465
f 340/257/466 344/261/466 314/235/466 315/236/466
f 344/261/467 348/267/467 163/52/467 314/235/467
f 343/260/468 349/268/468 348/267/468 344/261/468
f 342/259/469 350/269/469 349/268/469 343/260/469
f 299/270/470 273/170/470 350/269/470 342/259/470
f 298/271/471 299/270/471 342/259/471 337/254/471
f 296/263/472 298/271/473 337/254/472 336/253/473
f 351/272/474 352/273/474 353/274/474 354/275/474
f 355/276/475 354/275/475 353/274/475 356/277/475
f 357/278/476 356/277/477 353/274/477 352/273/476
f 93/279/478 358/280/479 351/272/479 112/281/479
f 112/281/480 351/272/480 354/275/481 115/282/482
f 358/280/483 359/283/484 352/273/485 351/272/483
f 120/157/486 122/284/486 355/276/486 211/155/486
f 211/155/487 355/276/487 356/277/488 210/154/488
f 122/284/489 115/282/482 354/275/481 355/276/489
f 209/93/490 208/153/490 357/278/490 360/285/490
f 360/285/491 357/278/491 352/273/485 359/283/484
f 208/153/492 210/154/492 356/277/492 357/278/492
f 361/286/493 362/287/493 363/288/493 364/289/493
f 365/290/494 364/289/494 363/288/495 366/291/494
f 367/292/496 366/291/496 363/288/496 362/287/496
f 163/52/497 348/267/497 361/286/497 164/293/497
f 164/293/498 361/286/498 364/289/499 162/294/500
f 348/267/501 349/268/501 362/287/501 361/286/502
f 93/295/503 161/296/503 365/290/504 278/297/503
f 278/297/505 365/290/505 366/291/506 276/298/507
f 161/296/508 162/294/500 364/289/499 365/290/508
f 273/170/509 275/299/510 367/292/510 350/269/510
f 350/269/511 367/292/512 362/287/511 349/268/511
f 275/299/513 276/298/507 366/291/506 367/292/513
f 368/300/514 369/301/515 370/302/515 371/303/516
f 371/303/517 370/302/517 372/304/517 373/305/517
f 369/301/515 374/306/518 375/307/518 370/302/515
f 370/302/519 375/307/519 376/308/519 372/304/519
f 183/87/520 185/309/521 368/300/520 240/310/520
f 240/310/522 368/300/523 371/303/522 249/311/522
f 249/311/524 371/303/524 373/305/524 247/312/524
f 247/312/525 373/305/526 377/313/525 248/314/526
f 373/305/527 372/304/528 378/315/527 377/313/528
f 372/304/529 376/308/530 379/316/529 378/315/530
f 376/308/531 380/317/531 381/161/531 379/316/531
f 375/307/532 382/318/532 380/317/532 376/308/532
f 374/306/533 383/319/533 382/318/533 375/307/533
f 189/320/534 188/157/534 383/319/534 374/306/534
f 186/93/535 189/320/535 374/306/535 369/301/535
f 185/309/536 186/93/536 369/301/536 368/300/537
f 384/272/538 385/273/538 386/274/538 387/275/538
f 388/321/539 387/275/539 386/274/540 389/322/540
f 390/278/541 389/322/541 386/274/541 385/273/541
f 93/279/542 391/280/543 384/272/543 192/281/543
f 192/281/544 384/272/544 387/275/545 191/282/546
f 391/280/547 392/283/548 385/273/549 384/272/547
f 188/157/550 190/284/550 388/321/551 393/323/550
f 393/323/552 388/321/552 389/322/552 394/324/552
f 190/284/553 191/282/546 387/275/545 388/321/553
f 138/93/554 395/325/554 390/278/554 396/285/554
f 396/285/555 390/278/555 385/273/549 392/283/548
f 395/325/556 394/324/556 389/322/556 390/278/556
f 397/326/557 398/327/557 399/328/557 400/329/557
f 400/329/558 399/328/558 401/330/558 402/331/558
f 398/327/559 403/332/559 404/333/560 399/328/560
f 399/328/560 404/333/560 405/334/561 401/330/561
f 309/219/562 311/217/562 397/326/562 406/218/562
f 406/218/563 397/326/563 400/329/563 407/220/563
f 407/220/564 400/329/564 402/331/564 408/221/564
f 408/221/565 402/331/565 260/191/565 259/190/565
f 402/331/566 401/330/566 265/200/566 260/191/566
f 401/330/567 405/334/567 264/199/567 265/200/567
f 405/334/568 175/119/568 116/71/568 264/199/568
f 404/333/569 174/117/569 175/119/569 405/334/569
f 403/332/570 173/116/570 174/117/570 404/333/570
f 313/215/571 155/56/571 173/116/571 403/332/571
f 312/216/572 313/215/573 403/332/572 398/327/573
f 311/217/574 312/216/574 398/327/574 397/326/574
f 409/335/575 410/336/575 411/337/576 412/338/575
f 413/339/577 412/338/577 411/337/578 414/340/577
f 415/341/579 414/340/580 411/337/580 410/336/580
f 132/87/581 134/89/581 409/335/581 225/342/581
f 225/342/582 409/335/582 412/338/583 228/343/584
f 134/89/585 135/90/585 410/336/585 409/335/585
f 93/344/586 230/345/587 413/339/588 391/346/588
f 391/346/589 413/339/589 414/340/590 392/347/591
f 230/345/592 228/343/584 412/338/583 413/339/593
f 138/93/594 396/348/594 415/341/595 136/91/595
f 136/91/596 415/341/596 410/336/596 135/90/596
f 396/348/597 392/347/591 414/340/590 415/341/597
f 416/349/598 417/350/599 418/351/598 419/352/599
f 419/352/600 418/351/600 420/353/600 421/354/600
f 417/350/601 422/355/601 423/356/602 418/351/602
f 418/351/603 423/356/603 424/357/603 420/353/603
f 142/97/604 425/152/604 416/349/604 140/95/604
f 140/95/605 416/349/605 419/352/605 139/94/605
f 139/94/606 419/352/606 421/354/606 137/92/606
f 137/92/607 421/354/607 395/325/607 138/93/607
f 421/354/608 420/353/608 394/324/608 395/325/609
f 420/353/610 424/357/610 393/323/610 394/324/610
f 424/357/611 383/319/612 188/157/611 393/323/611
f 423/356/613 382/318/613 383/319/613 424/357/613
f 422/355/614 380/317/614 382/318/614 423/356/614
f 426/160/615 381/161/615 380/317/615 422/355/615
f 427/162/616 426/160/616 422/355/616 417/350/616
f 425/152/617 427/162/617 417/350/617 416/349/617
f 428/335/618 429/336/618 430/337/618 431/338/618
f 432/339/619 431/338/619 430/337/620 433/340/619
f 434/341/621 433/340/621 430/337/622 429/336/621
f 183/87/623 241/89/623 428/335/623 184/342/623
f 184/342/624 428/335/624 431/338/625 187/343/626
f 241/89/627 242/90/627 429/336/627 428/335/627
f 93/344/628 193/345/628 432/339/628 358/346/628
f 358/346/629 432/339/630 433/340/631 359/347/632
f 193/345/633 187/343/626 431/338/625 432/339/633
f 209/93/634 360/348/634 434/341/634 243/91/634
f 243/91/635 434/341/635 429/336/635 242/90/635
f 360/348/636 359/347/632 433/340/631 434/341/636
f 435/358/637 436/359/637 437/360/637 438/361/637
f 438/361/638 437/360/638 439/362/638 440/363/638
f 436/359/639 441/364/639 442/365/640 437/360/640
f 437/360/640 442/365/640 443/366/641 439/362/641
f 146/262/642 145/263/642 435/358/642 444/367/642
f 444/367/643 435/358/643 438/361/643 445/368/643
f 445/368/644 438/361/644 440/363/644 446/369/644
f 446/369/645 440/363/645 331/370/645 333/371/645
f 440/363/646 439/362/646 330/372/646 331/370/646
f 439/362/647 443/366/647 329/373/647 330/372/647
f 443/366/648 229/175/648 98/52/648 329/373/648
f 442/365/649 227/173/649 229/175/649 443/366/649
f 441/364/650 226/172/651 227/173/650 442/365/651
f 133/270/652 132/170/652 226/172/652 441/364/652
f 147/271/653 133/270/653 441/364/653 436/359/653
f 145/263/654 147/271/655 436/359/655 435/358/655
f 447/40/656 448/41/656 449/42/656 450/43/656
f 451/44/657 450/43/657 449/42/658 452/45/658
f 453/46/659 452/45/659 449/42/659 448/41/659
f 454/47/660 455/48/661 447/40/662 456/49/661
f 456/49/663 447/40/663 450/43/664 457/50/665
f 455/48/666 458/51/667 448/41/668 447/40/669
f 459/52/670 460/53/670 451/44/670 461/54/670
f 461/54/671 451/44/671 452/45/671 462/55/671
f 460/53/672 457/50/665 450/43/664 451/44/672
f 463/56/673 464/57/674 453/46/674 465/58/673
f 465/58/675 453/46/675 448/41/668 458/51/667
f 464/57/676 462/55/676 452/45/676 453/46/676
f 466/59/677 467/60/677 468/61/677 469/62/677
f 470/63/678 469/62/678 468/61/678 471/64/678
f 472/65/679 471/64/679 468/61/679 467/60/679
f 454/66/680 473/67/680 466/59/680 474/68/680
f 474/68/681 466/59/681 469/62/682 475/69/683
f 473/67/684 476/70/685 467/60/686 466/59/684
f 477/71/687 478/72/687 470/63/687 479/73/687
f 479/73/688 470/63/688 471/64/688 480/74/688
f 478/72/689 475/69/683 469/62/682 470/63/689
f 481/75/690 482/76/690 472/65/690 483/77/690
f 483/77/691 472/65/691 467/60/686 476/70/685
f 482/76/692 480/74/693 471/64/692 472/65/692
f 484/78/694 485/79/694 486/80/694 487/81/694
f 487/81/695 486/80/695 488/82/695 489/83/695
f 485/79/696 490/84/697 491/85/696 486/80/697
f 486/80/698 491/85/698 492/86/698 488/82/698
f 493/87/699 494/88/699 484/78/699 495/89/699
f 495/89/700 484/78/700 487/81/700 496/90/700
f 496/90/701 487/81/701 489/83/701 497/91/701
f 497/91/702 489/83/702 498/92/702 499/93/702
f 489/83/703 488/82/703 500/94/703 498/92/703
f 488/82/704 492/86/704 501/95/704 500/94/704
f 492/86/705 502/96/705 503/97/705 501/95/705
f 491/85/706 504/98/706 502/96/706 492/86/706
f 490/84/707 505/99/708 504/98/707 491/85/708
f 506/100/709 507/101/710 505/99/709 490/84/710
f 508/102/711 506/100/711 490/84/711 485/79/711
f 494/88/712 508/102/713 485/79/712 484/78/713
f 509/46/714 510/103/715 511/42/715 512/41/715
f 513/40/716 512/41/716 511/42/716 514/43/716
f 515/104/717 514/43/717 511/42/717 510/103/718
f 516/56/719 517/105/719 509/46/719 518/58/719
f 518/58/720 509/46/720 512/41/721 519/51/722
f 517/105/723 520/106/723 510/103/723 509/46/723
f 454/47/724 521/48/725 513/40/725 522/49/725
f 522/49/726 513/40/726 514/43/727 523/50/728
f 521/48/729 519/51/722 512/41/721 513/40/729
f 524/52/730 525/53/730 515/104/730 526/107/730
f 526/107/731 515/104/731 510/103/731 520/106/731
f 525/53/732 523/50/728 514/43/727 515/104/732
f 527/108/733 528/109/733 529/110/733 530/111/733
f 531/112/734 530/111/734 529/110/734 532/113/734
f 533/114/735 532/113/735 529/110/735 528/109/735
f 516/56/736 518/115/737 527/108/737 534/116/736
f 534/116/738 527/108/738 530/111/738 535/117/738
f 518/115/739 519/118/740 528/109/741 527/108/739
f 477/71/742 536/119/742 531/112/742 478/120/743
f 478/120/744 531/112/744 532/113/745 475/121/746
f 536/119/747 535/117/748 530/111/748 531/112/748
f 454/122/749 474/123/749 533/114/749 521/124/750
f 521/124/751 533/114/751 528/109/741 519/118/740
f 474/123/752 475/121/746 532/113/745 533/114/752
f 537/125/753 538/126/753 539/127/753 540/128/753
f 541/129/754 540/128/754 539/127/754 542/130/754
f 543/131/755 542/130/755 539/127/755 538/126/755
f 544/87/756 545/132/756 537/125/757 546/133/757
f 546/133/758 537/125/758 540/128/759 547/134/759
f 545/132/760 548/135/761 538/126/762 537/125/760
f 549/136/763 550/137/763 541/129/763 551/138/763
f 551/138/764 541/129/764 542/130/765 552/139/766
f 550/137/767 547/134/767 540/128/767 541/129/767
f 454/140/768 553/141/768 543/131/768 554/142/768
f 554/142/769 543/131/770 538/126/762 548/135/761
f 553/141/771 552/139/766 542/130/765 543/131/771
f 555/143/772 556/144/773 557/145/772 558/146/773
f 558/146/774 557/145/774 559/147/774 560/148/774
f 556/144/775 561/149/775 562/150/775 557/145/775
f 557/145/776 562/150/777 563/151/778 559/147/776
f 564/97/779 565/152/780 555/143/780 566/95/780
f 566/95/781 555/143/781 558/146/781 567/94/781
f 567/94/782 558/146/783 560/148/782 568/92/783
f 568/92/784 560/148/784 569/153/784 570/93/784
f 560/148/785 559/147/785 571/154/785 569/153/785
f 559/147/786 563/151/786 572/155/786 571/154/786
f 563/151/787 573/156/787 481/157/787 572/155/787
f 562/150/788 574/158/788 573/156/788 563/151/788
f 561/149/789 575/159/789 574/158/789 562/150/789
f 576/160/790 577/161/790 575/159/790 561/149/790
f 578/162/791 576/160/791 561/149/791 556/144/791
f 565/152/792 578/162/792 556/144/792 555/143/792
f 579/163/793 580/164/793 581/165/793 582/166/793
f 583/167/794 582/166/794 581/165/794 584/168/794
f 585/169/795 584/168/795 581/165/796 580/164/795
f 493/170/797 586/171/797 579/163/797 587/172/797
f 587/172/798 579/163/798 582/166/798 588/173/798
f 586/171/799 589/174/800 580/164/801 579/163/799
f 459/52/802 590/175/802 583/167/802 460/176/802
f 460/176/803 583/167/803 584/168/804 457/177/805
f 590/175/806 588/173/806 582/166/806 583/167/806
f 454/178/807 456/179/808 585/169/807 591/180/808
f 591/180/809 585/169/810 580/164/801 589/174/800
f 456/179/811 457/177/805 584/168/804 585/169/811
f 592/78/812 593/79/812 594/80/812 595/81/812
f 595/81/813 594/80/814 596/82/814 597/83/813
f 593/79/815 598/84/815 599/85/815 594/80/815
f 594/80/816 599/85/816 600/86/816 596/82/816
f 544/87/817 601/88/818 592/78/817 602/89/818
f 602/89/819 592/78/819 595/81/820 603/90/820
f 603/90/821 595/81/822 597/83/822 604/91/822
f 604/91/823 597/83/823 568/92/823 570/93/823
f 597/83/824 596/82/824 567/94/824 568/92/824
f 596/82/825 600/86/825 566/95/825 567/94/825
f 600/86/826 605/96/826 564/97/826 566/95/826
f 599/85/827 606/98/827 605/96/827 600/86/827
f 598/84/828 607/99/828 606/98/828 599/85/828
f 608/100/829 609/101/830 607/99/829 598/84/830
f 610/102/831 608/100/831 598/84/831 593/79/831
f 601/88/832 610/102/832 593/79/832 592/78/833
f 611/181/834 612/182/834 613/183/834 614/184/834
f 614/184/835 613/183/835 615/185/835 616/186/835
f 612/182/836 617/187/836 618/188/837 613/183/838
f 613/183/838 618/188/837 619/189/839 615/185/839
f 620/190/840 621/191/840 611/181/840 622/192/840
f 622/192/841 611/181/841 614/184/841 623/193/841
f 623/193/842 614/184/842 616/186/842 624/194/842
f 624/194/843 616/186/843 575/195/843 577/196/843
f 616/186/844 615/185/844 574/197/844 575/195/844
f 615/185/845 619/189/845 573/198/845 574/197/845
f 619/189/846 482/76/846 481/75/846 573/198/846
f 618/188/847 480/74/847 482/76/847 619/189/847
f 617/187/848 479/73/848 480/74/848 618/188/848
f 625/199/849 477/71/849 479/73/849 617/187/849
f 626/200/850 625/199/850 617/187/850 612/182/850
f 621/191/851 626/200/852 612/182/851 611/181/852
f 627/201/853 628/202/853 629/110/853 630/113/853
f 631/114/854 630/113/854 629/110/855 632/109/854
f 633/108/856 632/109/856 629/110/857 628/202/857
f 634/71/858 635/203/858 627/201/858 636/120/858
f 636/120/859 627/201/859 630/113/860 637/121/861
f 635/203/862 638/204/862 628/202/862 627/201/862
f 454/122/863 639/123/864 631/114/865 455/124/865
f 455/124/866 631/114/866 632/109/867 458/118/868
f 639/123/869 637/121/861 630/113/860 631/114/869
f 463/56/870 465/115/870 633/108/870 640/205/870
f 640/205/871 633/108/871 628/202/871 638/204/871
f 465/115/872 458/118/868 632/109/867 633/108/872
f 641/206/873 642/207/874 643/208/875 644/209/873
f 644/209/876 643/208/877 645/210/876 646/211/876
f 642/207/874 647/212/878 648/213/878 643/208/875
f 643/208/879 648/213/880 649/214/880 645/210/879
f 463/56/881 640/205/881 641/206/882 650/215/882
f 650/215/883 641/206/883 644/209/883 651/216/883
f 651/216/884 644/209/884 646/211/884 652/217/884
f 652/217/885 646/211/886 653/218/885 654/219/886
f 646/211/887 645/210/887 655/220/887 653/218/887
f 645/210/888 649/214/889 656/221/888 655/220/889
f 649/214/890 657/222/890 658/190/890 656/221/890
f 648/213/891 659/223/891 657/222/892 649/214/891
f 647/212/893 660/224/893 659/223/893 648/213/893
f 635/203/894 634/71/895 660/224/894 647/212/895
f 638/204/896 635/203/897 647/212/897 642/207/897
f 640/205/898 638/204/898 642/207/898 641/206/898
f 661/225/899 662/226/899 663/227/899 664/228/899
f 664/228/900 663/227/900 665/229/900 666/230/900
f 662/226/901 667/231/901 668/232/901 663/227/901
f 663/227/902 668/232/902 669/233/902 665/229/902
f 670/219/903 671/234/904 661/225/903 672/217/904
f 672/217/905 661/225/905 664/228/905 673/216/905
f 673/216/906 664/228/906 666/230/906 674/215/906
f 674/215/907 666/230/907 517/105/907 516/56/907
f 666/230/908 665/229/908 520/106/908 517/105/908
f 665/229/909 669/233/910 526/107/909 520/106/910
f 669/233/911 675/235/911 524/52/911 526/107/911
f 668/232/912 676/236/912 675/235/912 669/233/912
f 667/231/913 677/237/914 676/236/913 668/232/913
f 678/238/915 679/239/915 677/237/915 667/231/915
f 680/240/916 678/238/917 667/231/916 662/226/917
f 671/234/918 680/240/918 662/226/918 661/225/918
f 681/241/919 682/242/920 683/243/921 684/244/919
f 684/244/922 683/243/923 685/245/922 686/246/922
f 682/242/920 687/247/924 688/248/924 683/243/921
f 683/243/925 688/248/925 689/249/925 685/245/925
f 459/52/926 461/54/926 681/241/927 690/250/926
f 690/250/928 681/241/928 684/244/928 691/251/928
f 691/251/929 684/244/930 686/246/929 692/252/930
f 692/252/931 686/246/931 693/238/931 694/239/931
f 686/246/932 685/245/932 695/240/932 693/238/932
f 685/245/933 689/249/933 696/234/933 695/240/933
f 689/249/934 652/217/934 654/219/934 696/234/934
f 688/248/935 651/216/935 652/217/935 689/249/935
f 687/247/936 650/215/936 651/216/936 688/248/936
f 464/57/937 463/56/937 650/215/937 687/247/937
f 462/55/938 464/57/938 687/247/938 682/242/938
f 461/54/939 462/55/939 682/242/939 681/241/939
f 697/253/940 698/254/940 699/255/940 700/256/940
f 700/256/941 699/255/941 701/257/941 702/258/941
f 698/254/942 703/259/942 704/260/943 699/255/944
f 699/255/944 704/260/943 705/261/945 701/257/945
f 658/262/946 657/263/946 697/253/946 706/264/946
f 706/264/947 697/253/947 700/256/947 707/265/947
f 707/265/948 700/256/949 702/258/948 708/266/949
f 708/266/950 702/258/950 677/237/950 679/239/950
f 702/258/951 701/257/951 676/236/951 677/237/951
f 701/257/952 705/261/953 675/235/952 676/236/952
f 705/261/954 709/267/954 524/52/954 675/235/954
f 704/260/955 710/268/955 709/267/955 705/261/956
f 703/259/957 711/269/957 710/268/957 704/260/957
f 660/270/958 634/170/958 711/269/958 703/259/958
f 659/271/959 660/270/959 703/259/959 698/254/959
f 657/263/960 659/271/960 698/254/960 697/253/960
f 712/272/961 713/273/961 714/274/961 715/275/961
f 716/276/962 715/275/962 714/274/962 717/277/962
f 718/278/963 717/277/963 714/274/963 713/273/963
f 454/279/964 719/280/965 712/272/966 473/281/965
f 473/281/967 712/272/967 715/275/968 476/282/969
f 719/280/970 720/283/971 713/273/972 712/272/970
f 481/157/973 483/284/973 716/276/973 572/155/973
f 572/155/974 716/276/974 717/277/974 571/154/974
f 483/284/975 476/282/969 715/275/968 716/276/975
f 570/93/976 569/153/976 718/278/976 721/285/976
f 721/285/977 718/278/977 713/273/972 720/283/971
f 569/153/978 571/154/979 717/277/979 718/278/979
f 722/286/980 723/287/980 724/288/980 725/289/980
f 726/290/981 725/289/981 724/288/982 727/291/981
f 728/292/983 727/291/983 724/288/983 723/287/983
f 524/52/984 709/267/984 722/286/984 525/293/984
f 525/293/985 722/286/985 725/289/986 523/294/987
f 709/267/988 710/268/989 723/287/989 722/286/989
f 454/295/990 522/296/990 726/290/991 639/297/990
f 639/297/992 726/290/992 727/291/993 637/298/994
f 522/296/995 523/294/987 725/289/986 726/290/995
f 634/170/996 636/299/997 728/292/997 711/269/996
f 711/269/998 728/292/999 723/287/1000 710/268/1000
f 636/299/1001 637/298/994 727/291/993 728/292/1001
f 729/300/1002 730/301/1003 731/302/1004 732/303/1002
f 732/303/1005 731/302/1005 733/304/1005 734/305/1005
f 730/301/1003 735/306/1006 736/307/1006 731/302/1004
f 731/302/1007 736/307/1007 737/308/1007 733/304/1007
f 544/87/1008 546/309/1008 729/300/1008 601/310/1008
f 601/310/1009 729/300/1009 732/303/1009 610/311/1009
f 610/311/1010 732/303/1010 734/305/1010 608/312/1010
f 608/312/1011 734/305/1011 738/313/1011 609/314/1011
f 734/305/1012 733/304/1012 739/315/1012 738/313/1012
f 733/304/1013 737/308/1014 740/316/1013 739/315/1014
f 737/308/1015 741/317/1015 742/161/1015 740/316/1015
f 736/307/1016 743/318/1016 741/317/1016 737/308/1016
f 735/306/1017 744/319/1017 743/318/1017 736/307/1017
f 550/320/1018 549/157/1018 744/319/1018 735/306/1018
f 547/93/1019 550/320/1019 735/306/1019 730/301/1019
f 546/309/1020 547/93/1020 730/301/1020 729/300/1020
f 745/272/1021 746/273/1021 747/274/1021 748/275/1021
f 749/321/1022 748/275/1022 747/274/1023 750/322/1023
f 751/278/1024 750/322/1025 747/274/1025 746/273/1024
f 454/279/1026 752/280/1027 745/272/1027 553/281/1027
f 553/281/1028 745/272/1028 748/275/1029 552/282/1030
f 752/280/1031 753/283/1032 746/273/1033 745/272/1034
f 549/157/1035 551/284/1036 749/321/1036 754/323/1036
f 754/323/1037 749/321/1037 750/322/1037 755/324/1037
f 551/284/1038 552/282/1030 748/275/1029 749/321/1038
f 499/93/1039 756/325/1040 751/278/1040 757/285/1039
f 757/285/1041 751/278/1041 746/273/1033 753/283/1032
f 756/325/1042 755/324/1043 750/322/1043 751/278/1042
f 758/326/1044 759/327/1044 760/328/1044 761/329/1044
f 761/329/1045 760/328/1045 762/330/1045 763/331/1045
f 759/327/1046 764/332/1046 765/333/1047 760/328/1048
f 760/328/1048 765/333/1047 766/334/1049 762/330/1050
f 670/219/1051 672/217/1051 758/326/1051 767/218/1051
f 767/218/1052 758/326/1052 761/329/1052 768/220/1052
f 768/220/1053 761/329/1053 763/331/1053 769/221/1053
f 769/221/1054 763/331/1054 621/191/1054 620/190/1054
f 763/331/1055 762/330/1055 626/200/1055 621/191/1055
f 762/330/1056 766/334/1056 625/199/1056 626/200/1056
f 766/334/1057 536/119/1057 477/71/1057 625/199/1057
f 765/333/1058 535/117/1058 536/119/1059 766/334/1059
f 764/332/1060 534/116/1060 535/117/1060 765/333/1060
f 674/215/1061 516/56/1062 534/116/1061 764/332/1061
f 673/216/1063 674/215/1063 764/332/1063 759/327/1063
f 672/217/1064 673/216/1064 759/327/1064 758/326/1064
f 770/335/1065 771/336/1066 772/337/1066 773/338/1066
f 774/339/1067 773/338/1067 772/337/1067 775/340/1067
f 776/341/1068 775/340/1068 772/337/1068 771/336/1068
f 493/87/1069 495/89/1069 770/335/1069 586/342/1069
f 586/342/1070 770/335/1070 773/338/1071 589/343/1072
f 495/89/1073 496/90/1073 771/336/1073 770/335/1073
f 454/344/1074 591/345/1075 774/339/1076 752/346/1076
f 752/346/1077 774/339/1077 775/340/1078 753/347/1079
f 591/345/1080 589/343/1072 773/338/1071 774/339/1080
f 499/93/1081 757/348/1082 776/341/1081 497/91/1081
f 497/91/1083 776/341/1083 771/336/1083 496/90/1083
f 757/348/1084 753/347/1079 775/340/1078 776/341/1084
f 777/349/1085 778/350/1085 779/351/1085 780/352/1085
f 780/352/1086 779/351/1086 781/353/1086 782/354/1086
f 778/350/1087 783/355/1087 784/356/1087 779/351/1087
f 779/351/1088 784/356/1088 785/357/1089 781/353/1089
f 503/97/1090 786/152/1090 777/349/1090 501/95/1090
f 501/95/1091 777/349/1091 780/352/1091 500/94/1091
f 500/94/1092 780/352/1092 782/354/1092 498/92/1092
f 498/92/1093 782/354/1093 756/325/1093 499/93/1093
f 782/354/1094 781/353/1094 755/324/1094 756/325/1094
f 781/353/1095 785/357/1095 754/323/1096 755/324/1095
f 785/357/1097 744/319/1097 549/157/1097 754/323/1097
f 784/356/1098 743/318/1099 744/319/1098 785/357/1099
f 783/355/1100 741/317/1100 743/318/1100 784/356/1100
f 787/160/1101 742/161/1101 741/317/1101 783/355/1101
f 788/162/1102 787/160/1102 783/355/1102 778/350/1102
f 786/152/1103 788/162/1104 778/350/1103 777/349/1104
f 789/335/1105 790/336/1106 791/337/1106 792/338/1105
f 793/339/1107 792/338/1107 791/337/1107 794/340/1107
f 795/341/1108 794/340/1109 791/337/1108 790/336/1108
f 544/87/1110 602/89/1110 789/335/1110 545/342/1110
f 545/342/1111 789/335/1111 792/338/1112 548/343/1113
f 602/89/1114 603/90/1114 790/336/1114 789/335/1114
f 454/344/1115 554/345/1116 793/339/1115 719/346/1116
f 719/346/1117 793/339/1117 794/340/1118 720/347/1119
f 554/345/1120 548/343/1113 792/338/1112 793/339/1120
f 570/93/1121 721/348/1121 795/341/1121 604/91/1121
f 604/91/1122 795/341/1122 790/336/1122 603/90/1122
f 721/348/1123 720/347/1119 794/340/1118 795/341/1123
f 796/358/1124 797/359/1124 798/360/1125 799/361/1124
f 799/361/1126 798/360/1126 800/362/1127 801/363/1127
f 797/359/1128 802/364/1128 803/365/1129 798/360/1129
f 798/360/1129 803/365/1129 804/366/1130 800/362/1131
f 507/262/1132 506/263/1132 796/358/1132 805/367/1132
f 805/367/1133 796/358/1133 799/361/1133 806/368/1133
f 806/368/1134 799/361/1134 801/363/1134 807/369/1134
f 807/369/1135 801/363/1135 692/370/1135 694/371/1135
f 801/363/1136 800/362/1137 691/372/1136 692/370/1136
f 800/362/1138 804/366/1138 690/373/1138 691/372/1138
f 804/366/1139 590/175/1139 459/52/1139 690/373/1139
f 803/365/1140 588/173/1140 590/175/1140 804/366/1140
f 802/364/1141 587/172/1141 588/173/1141 803/365/1141
f 494/270/1142 493/170/1142 587/172/1142 802/364/1142
f 508/271/1143 494/270/1143 802/364/1143 797/359/1143
f 506/263/1144 508/271/1144 797/359/1144 796/358/1144
f 808/374/1145 809/375/1145 810/376/1145 811/377/1145
f 811/377/1146 810/376/1146 812/378/1146 813/379/1146
f 809/375/1147 814/380/1147 815/381/1147 810/376/1147
f 810/376/1148 815/381/1148 816/382/1148 812/378/1148
f 817/383/1149 818/384/1149 808/374/1149 819/385/1149
f 819/385/1150 808/374/1150 811/377/1150 820/386/1150
f 820/386/1151 811/377/1151 813/379/1151 821/387/1151
f 821/387/1152 813/379/1152 822/388/1152 823/389/1152
f 813/379/1153 812/378/1153 824/390/1153 822/388/1153
f 812/378/1154 816/382/1154 825/391/1154 824/390/1154
f 816/382/1155 826/392/1155 827/393/1155 825/391/1155
f 815/381/1156 828/394/1156 826/392/1156 816/382/1156
f 814/380/1157 829/395/1157 828/394/1157 815/381/1157
f 830/396/1158 831/397/1158 829/395/1158 814/380/1158
f 832/398/1159 830/396/1159 814/380/1159 809/375/1159
f 818/384/1160 832/398/1160 809/375/1160 808/374/1160
f 833/399/1161 834/400/1161 835/401/1161 836/402/1161
f 836/402/1162 835/401/1162 837/403/1162 838/404/1162
f 834/400/1163 839/405/1163 840/406/1163 835/401/1163
f 835/401/1164 840/406/1164 841/407/1164 837/403/1164
f 842/389/1165 843/388/1165 833/399/1165 844/408/1165
f 844/408/1166 833/399/1166 836/402/1166 845/409/1166
f 845/409/1167 836/402/1167 838/404/1167 846/410/1167
f 846/410/1168 838/404/1168 847/411/1168 848/412/1168
f 838/404/1169 837/403/1169 849/413/1169 847/411/1169
f 837/403/1170 841/407/1170 850/414/1170 849/413/1170
f 841/407/1171 851/415/1171 852/416/1171 850/414/1171
f 840/406/1172 853/417/1172 851/415/1172 841/407/1172
f 839/405/1173 854/418/1173 853/417/1173 840/406/1173
f 855/391/1174 856/393/1174 854/418/1174 839/405/1174
f 857/390/1175 855/391/1175 839/405/1175 834/400/1175
f 843/388/1176 857/390/1176 834/400/1176 833/399/1176
f 858/419/1177 859/420/1177 860/421/1177 861/422/1177
f 861/422/1178 860/421/1178 862/423/1178 863/424/1178
f 859/420/1179 864/425/1179 865/426/1179 860/421/1179
f 860/421/1180 865/426/1180 866/427/1180 862/423/1180
f 867/428/1181 868/429/1181 858/419/1181 869/430/1181
f 869/430/1182 858/419/1182 861/422/1182 870/431/1182
f 870/431/1183 861/422/1183 863/424/1183 871/432/1183
f 871/432/1184 863/424/1184 872/433/1184 873/434/1184
f 863/424/1185 862/423/1185 874/435/1185 872/433/1185
f 862/423/1186 866/427/1186 875/436/1186 874/435/1186
f 866/427/1187 876/437/1187 877/438/1187 875/436/1187
f 865/426/1188 878/439/1188 876/437/1188 866/427/1188
f 864/425/1189 879/440/1189 878/439/1189 865/426/1189
f 880/441/1190 881/442/1190 879/440/1190 864/425/1190
f 882/443/1191 880/441/1191 864/425/1191 859/420/1191
f 868/429/1192 882/443/1192 859/420/1192 858/419/1192
f 883/444/1193 884/445/1193 885/446/1193 886/447/1193
f 886/447/1194 885/446/1194 887/448/1194 888/449/1194
f 884/445/1195 889/450/1195 890/451/1195 885/446/1195
f 885/446/1196 890/451/1196 891/452/1196 887/448/1196
f 892/453/1197 893/454/1197 883/444/1197 894/455/1197
f 894/455/1198 883/444/1198 886/447/1198 895/456/1198
f 895/456/1199 886/447/1199 888/449/1199 896/457/1199
f 896/457/1200 888/449/1200 897/458/1200 898/459/1200
f 888/449/1201 887/448/1201 899/460/1201 897/458/1201
f 887/448/1202 891/452/1202 900/461/1202 899/460/1202
f 891/452/1203 901/436/1203 902/438/1203 900/461/1203
f 890/451/1204 903/435/1204 901/436/1204 891/452/1204
f 889/450/1205 904/433/1205 903/435/1205 890/451/1205
f 905/462/1206 906/434/1206 904/433/1206 889/450/1206
f 907/463/1207 905/462/1207 889/450/1207 884/445/1207
f 893/454/1208 907/463/1208 884/445/1208 883/444/1208
f 908/464/1209 909/465/1209 910/466/1209 911/467/1209
f 911/467/1210 910/466/1210 912/468/1210 913/469/1210
f 909/465/1211 914/470/1211 915/471/1211 910/466/1211
f 910/466/1212 915/471/1212 916/472/1212 912/468/1212
f 917/473/1213 918/474/1213 908/464/1213 919/475/1213
f 919/475/1214 908/464/1214 911/467/1214 920/476/1214
f 920/476/1215 911/467/1215 913/469/1215 921/477/1215
f 921/477/1216 913/469/1216 922/478/1216 923/479/1216
f 913/469/1217 912/468/1217 924/480/1217 922/478/1217
f 912/468/1218 916/472/1218 925/481/1218 924/480/1218
f 916/472/1219 926/482/1219 927/483/1219 925/481/1219
f 915/471/1220 928/484/1220 926/482/1220 916/472/1220
f 914/470/1221 929/485/1221 928/484/1221 915/471/1221
f 930/486/1222 931/487/1222 929/485/1222 914/470/1222
f 932/488/1223 930/486/1223 914/470/1223 909/465/1223
f 918/474/1224 932/488/1224 909/465/1224 908/464/1224
f 933/489/1225 934/490/1225 935/491/1225 936/492/1225
f 936/492/1226 935/491/1226 937/493/1226 938/494/1226
f 934/490/1227 939/495/1227 940/496/1227 935/491/1227
f 935/491/1228 940/496/1228 941/497/1228 937/493/1228
f 942/498/1229 943/499/1229 933/489/1229 944/500/1229
f 944/500/1230 933/489/1230 936/492/1230 945/501/1230
f 945/501/1231 936/492/1231 938/494/1231 946/502/1231
f 946/502/1232 938/494/1232 900/461/1232 902/438/1232
f 938/494/1233 937/493/1233 899/460/1233 900/461/1233
f 937/493/1234 941/497/1234 897/458/1234 899/460/1234
f 941/497/1235 947/503/1235 898/459/1235 897/458/1235
f 940/496/1236 948/504/1236 947/503/1236 941/497/1236
f 939/495/1237 949/505/1237 948/504/1237 940/496/1237
f 950/506/1238 951/507/1238 949/505/1238 939/495/1238
f 952/508/1239 950/506/1239 939/495/1239 934/490/1239
f 943/499/1240 952/508/1240 934/490/1240 933/489/1240
f 953/509/1241 954/510/1241 955/511/1241 956/512/1241
f 956/512/1242 955/511/1242 957/513/1242 958/514/1242
f 954/510/1243 959/515/1244 960/516/1244 955/511/1243
f 955/511/1245 960/516/1246 961/517/1246 957/513/1245
f 248/518/1247 962/519/1247 953/509/1247 246/520/1247
f 246/520/1248 953/509/1248 956/512/1248 245/521/1248
f 245/521/1249 956/512/1249 958/514/1249 244/522/1249
f 244/522/1250 958/514/1250 963/523/1250 203/524/1250
f 958/514/1251 957/513/1251 964/525/1251 963/523/1251
f 957/513/1252 961/517/1253 965/526/1254 964/525/1252
f 961/517/1253 896/527/1255 898/528/1255 965/526/1254
f 960/516/1246 895/529/1256 896/527/1256 961/517/1246
f 959/515/1244 894/530/1257 895/529/1257 960/516/1244
f 966/531/1258 892/532/1259 894/530/1259 959/515/1258
f 967/533/1260 966/531/1258 959/515/1258 954/510/1260
f 962/519/1261 967/533/1261 954/510/1261 953/509/1261
f 968/534/1262 969/535/1262 970/536/1262 971/537/1262
f 971/537/1263 970/536/1263 972/538/1263 973/539/1263
f 969/535/1264 974/540/1264 975/541/1264 970/536/1264
f 970/536/1265 975/541/1265 976/542/1265 972/538/1265
f 977/543/1266 978/544/1266 968/534/1266 979/545/1266
f 979/545/1267 968/534/1267 971/537/1267 980/546/1267
f 980/546/1268 971/537/1268 973/539/1268 981/547/1268
f 981/547/1269 973/539/1269 982/548/1269 983/549/1269
f 973/539/1270 972/538/1270 984/550/1270 982/548/1270
f 972/538/1271 976/542/1271 985/551/1271 984/550/1271
f 976/542/1272 986/552/1272 987/553/1272 985/551/1272
f 975/541/1273 988/554/1273 986/552/1273 976/542/1273
f 974/540/1274 989/555/1274 988/554/1274 975/541/1274
f 990/556/1275 991/557/1275 989/555/1275 974/540/1275
f 992/558/1276 990/556/1276 974/540/1276 969/535/1276
f 978/544/1277 992/558/1277 969/535/1277 968/534/1277
f 993/559/1278 994/560/1278 995/561/1279 996/562/1279
f 996/562/1280 995/561/1280 997/563/1280 998/564/1280
f 994/560/1281 999/565/1281 1000/566/1282 995/561/1282
f 995/561/1283 1000/566/1283 1001/567/1283 997/563/1283
f 1002/568/1284 1003/569/1284 993/559/1285 1004/570/1285
f 1004/570/1285 993/559/1285 996/562/1286 1005/571/1286
f 1005/571/1287 996/562/1287 998/564/1287 1006/572/1287
f 1006/572/1288 998/564/1288 446/573/1288 333/574/1288
f 998/564/1289 997/563/1289 445/575/1289 446/573/1289
f 997/563/1290 1001/567/1290 444/576/1290 445/575/1290
f 1001/567/1291 1007/577/1291 146/578/1291 444/576/1291
f 1000/566/1292 1008/579/1292 1007/577/1292 1001/567/1292
f 999/565/1293 1009/580/1293 1008/579/1294 1000/566/1294
f 1010/581/1295 1011/582/1295 1009/580/1293 999/565/1293
f 1012/583/1296 1010/581/1296 999/565/1281 994/560/1281
f 1003/569/1297 1012/583/1297 994/560/1278 993/559/1278
f 1013/584/1298 1014/585/1299 1015/586/1299 1016/587/1298
f 1016/587/1300 1015/586/1301 1017/588/1302 1018/589/1303
f 1014/585/1304 1019/590/1304 1020/591/1304 1015/586/1304
f 1015/586/1305 1020/591/1306 1021/592/1305 1017/588/1306
f 1022/593/1307 1023/594/1308 1013/584/1308 1024/595/1307
f 1024/595/1309 1013/584/1298 1016/587/1298 1025/596/1310
f 1025/596/1311 1016/587/1300 1018/589/1303 1026/597/1311
f 1026/597/1312 1018/589/1313 1027/598/1314 1028/599/1312
f 1018/589/1313 1017/588/1315 1029/600/1316 1027/598/1314
f 1017/588/1317 1021/592/1317 1030/601/1317 1029/600/1317
f 1021/592/1318 505/602/1319 507/603/1318 1030/601/1319
f 1020/591/1320 504/604/1320 505/602/1320 1021/592/1320
f 1019/590/1321 502/605/1321 504/604/1321 1020/591/1321
f 1031/606/1322 503/607/1323 502/605/1322 1019/590/1323
f 1032/608/1324 1031/606/1325 1019/590/1324 1014/585/1325
f 1023/594/1308 1032/608/1326 1014/585/1327 1013/584/1308
f 1033/609/1328 1034/610/1328 1035/611/1328 1036/612/1328
f 1036/612/1329 1035/611/1329 1037/613/1329 1038/614/1329
f 1034/610/1330 1039/615/1330 1040/616/1330 1035/611/1330
f 1035/611/1331 1040/616/1331 1041/617/1331 1037/613/1331
f 1042/618/1332 1043/619/1332 1033/609/1332 1044/620/1332
f 1044/620/1333 1033/609/1333 1036/612/1333 1045/621/1333
f 1045/621/1334 1036/612/1334 1038/614/1334 1046/622/1334
f 1046/622/1335 1038/614/1335 943/623/1335 942/624/1335
f 1038/614/1336 1037/613/1336 952/625/1336 943/623/1336
f 1037/613/1337 1041/617/1337 950/626/1337 952/625/1337
f 1041/617/1338 1047/627/1338 951/628/1338 950/626/1338
f 1040/616/1339 1048/629/1339 1047/627/1339 1041/617/1339
f 1039/615/1340 1049/630/1340 1048/629/1340 1040/616/1340
f 1050/631/1341 1051/632/1341 1049/630/1341 1039/615/1341
f 1052/633/1342 1050/631/1342 1039/615/1342 1034/610/1342
f 1043/619/1343 1052/633/1343 1034/610/1343 1033/609/1343
f 1053/634/1344 1054/635/1344 1055/636/1344 1056/637/1344
f 1056/637/1345 1055/636/1345 1057/638/1345 1058/639/1345
f 1054/635/1346 1059/640/1346 1060/641/1346 1055/636/1346
f 1055/636/1347 1060/641/1347 1061/642/1347 1057/638/1347
f 1062/643/1348 1063/644/1348 1053/634/1348 1064/645/1348
f 1064/645/1349 1053/634/1349 1056/637/1349 1065/646/1349
f 1065/646/1350 1056/637/1350 1058/639/1350 1066/647/1350
f 1066/647/1351 1058/639/1351 1067/648/1351 1068/649/1351
f 1058/639/1352 1057/638/1352 1069/650/1352 1067/648/1352
f 1057/638/1353 1061/642/1353 1070/651/1353 1069/650/1353
f 1061/642/1354 1071/652/1354 1072/653/1354 1070/651/1354
f 1060/641/1355 1073/654/1355 1071/652/1355 1061/642/1355
f 1059/640/1356 1074/655/1356 1073/654/1356 1060/641/1356
f 1075/656/1357 1076/657/1357 1074/655/1357 1059/640/1357
f 1077/658/1358 1075/656/1358 1059/640/1358 1054/635/1358
f 1063/644/1359 1077/658/1359 1054/635/1359 1053/634/1359
f 1078/659/1360 1079/660/1360 1080/661/1360 1081/662/1360
f 1081/662/1361 1080/661/1361 1082/663/1362 1083/664/1362
f 1079/660/1363 1084/665/1364 1085/666/1363 1080/661/1364
f 1080/661/1365 1085/666/1365 1086/667/1366 1082/663/1367
f 577/668/1368 576/669/1369 1078/659/1368 1087/670/1369
f 1087/670/1370 1078/659/1370 1081/662/1370 1088/671/1370
f 1088/671/1371 1081/662/1371 1083/664/1372 1089/672/1372
f 1089/672/1372 1083/664/1372 1090/673/1373 1091/674/1374
f 1083/664/1362 1082/663/1362 1092/675/1375 1090/673/1376
f 1082/663/1367 1086/667/1366 1093/676/1377 1092/675/1378
f 1086/667/1379 1094/677/1379 1095/528/1380 1093/676/1380
f 1085/666/1381 1096/678/1381 1094/677/1379 1086/667/1379
f 1084/665/1382 1097/679/1382 1096/678/1382 1085/666/1382
f 565/680/1383 564/681/1384 1097/679/1384 1084/665/1384
f 578/682/1385 565/680/1385 1084/665/1385 1079/660/1385
f 576/669/1386 578/682/1386 1079/660/1386 1078/659/1386
f 1098/683/1387 1099/684/1387 1100/685/1387 1101/686/1387
f 1101/686/1388 1100/685/1388 1102/687/1388 1103/688/1388
f 1099/684/1389 1104/689/1389 1105/690/1389 1100/685/1389
f 1100/685/1390 1105/690/1390 1106/691/1390 1102/687/1390
f 1107/692/1391 1108/693/1391 1098/683/1391 1109/694/1391
f 1109/694/1392 1098/683/1392 1101/686/1392 1110/695/1392
f 1110/695/1393 1101/686/1393 1103/688/1393 1111/696/1393
f 1111/696/1394 1103/688/1394 1112/697/1394 1113/698/1394
f 1103/688/1395 1102/687/1395 1114/699/1395 1112/697/1395
f 1102/687/1396 1106/691/1396 1115/700/1396 1114/699/1396
f 1106/691/1397 1116/701/1397 1117/702/1397 1115/700/1397
f 1105/690/1398 1118/703/1398 1116/701/1398 1106/691/1398
f 1104/689/1399 1119/704/1399 1118/703/1399 1105/690/1399
f 1120/705/1400 1121/706/1400 1119/704/1400 1104/689/1400
f 1122/707/1401 1120/705/1401 1104/689/1401 1099/684/1401
f 1108/693/1402 1122/707/1402 1099/684/1402 1098/683/1402
f 1123/708/1403 1124/709/1403 1125/710/1403 1126/711/1403
f 1126/711/1404 1125/710/1404 1127/712/1404 1128/713/1404
f 1124/709/1405 1129/714/1405 1130/715/1405 1125/710/1405
f 1125/710/1406 1130/715/1406 1131/716/1406 1127/712/1406
f 1072/653/1407 1071/652/1407 1123/708/1407 1132/717/1407
f 1132/717/1408 1123/708/1408 1126/711/1408 1133/718/1408
f 1133/718/1409 1126/711/1409 1128/713/1409 1134/719/1409
f 1134/719/1410 1128/713/1410 829/395/1410 831/397/1410
f 1128/713/1411 1127/712/1411 828/394/1411 829/395/1411
f 1127/712/1412 1131/716/1412 826/392/1412 828/394/1412
f 1131/716/1413 1135/720/1413 827/393/1413 826/392/1413
f 1130/715/1414 1136/721/1414 1135/720/1414 1131/716/1414
f 1129/714/1415 1137/722/1415 1136/721/1415 1130/715/1415
f 1074/655/1416 1076/657/1416 1137/722/1416 1129/714/1416
f 1073/654/1417 1074/655/1417 1129/714/1417 1124/709/1417
f 1071/652/1418 1073/654/1418 1124/709/1418 1123/708/1418
f 1138/723/1419 1139/724/1419 1140/725/1419 1141/726/1419
f 1141/726/1420 1140/725/1420 1142/727/1420 1143/728/1420
f 1139/724/1421 1144/729/1421 1145/730/1421 1140/725/1421
f 1140/725/1422 1145/730/1422 1146/731/1422 1142/727/1422
f 1121/732/1423 1147/733/1423 1138/723/1423 1148/734/1423
f 1148/734/1424 1138/723/1424 1141/726/1424 1149/735/1424
f 1149/735/1425 1141/726/1425 1143/728/1425 1150/736/1425
f 1150/736/1426 1143/728/1426 1151/737/1426 1152/738/1426
f 1143/728/1427 1142/727/1427 1153/739/1427 1151/737/1427
f 1142/727/1428 1146/731/1428 1154/740/1428 1153/739/1428
f 1146/731/1429 1155/741/1429 1156/742/1429 1154/740/1429
f 1145/730/1430 1157/743/1430 1155/741/1430 1146/731/1430
f 1144/729/1431 1158/744/1431 1157/743/1431 1145/730/1431
f 1159/745/1432 1160/746/1432 1158/744/1432 1144/729/1432
f 1161/747/1433 1159/745/1433 1144/729/1433 1139/724/1433
f 1147/733/1434 1161/747/1434 1139/724/1434 1138/723/1434
f 1162/748/1435 1163/749/1435 1164/750/1435 1165/751/1435
f 1165/751/1436 1164/750/1436 1166/752/1436 1167/753/1436
f 1163/749/1437 1168/754/1437 1169/755/1437 1164/750/1437
f 1164/750/1438 1169/755/1438 1170/756/1438 1166/752/1438
f 1171/757/1439 1172/758/1439 1162/748/1439 1173/759/1439
f 1173/759/1440 1162/748/1440 1165/751/1440 1174/760/1440
f 1174/760/1441 1165/751/1441 1167/753/1441 1175/761/1441
f 1175/761/1442 1167/753/1442 1176/762/1442 923/763/1442
f 1167/753/1443 1166/752/1443 1177/764/1443 1176/762/1443
f 1166/752/1444 1170/756/1444 1178/765/1444 1177/764/1444
f 1170/756/1445 1179/766/1445 1180/767/1445 1178/765/1445
f 1169/755/1446 1181/768/1446 1179/766/1446 1170/756/1446
f 1168/754/1447 1182/769/1447 1181/768/1447 1169/755/1447
f 1183/770/1448 1184/543/1448 1182/769/1448 1168/754/1448
f 1185/771/1449 1183/770/1449 1168/754/1449 1163/749/1449
f 1172/758/1450 1185/771/1450 1163/749/1450 1162/748/1450
f 1186/772/1451 1187/773/1451 1188/774/1451 1189/775/1451
f 1189/775/1452 1188/774/1452 1190/776/1452 1191/777/1452
f 1187/773/1453 1192/778/1453 1193/779/1453 1188/774/1453
f 1188/774/1454 1193/779/1454 1194/780/1454 1190/776/1454
f 1195/702/1455 1196/781/1455 1186/772/1455 1197/782/1455
f 1197/782/1456 1186/772/1456 1189/775/1456 1198/783/1456
f 1198/783/1457 1189/775/1457 1191/777/1457 1199/784/1457
f 1199/784/1458 1191/777/1458 1158/744/1458 1160/746/1458
f 1191/777/1459 1190/776/1459 1157/743/1459 1158/744/1459
f 1190/776/1460 1194/780/1460 1155/741/1460 1157/743/1460
f 1194/780/1461 1200/785/1461 1156/742/1461 1155/741/1461
f 1193/779/1462 1201/786/1462 1200/785/1462 1194/780/1462
f 1192/778/1463 1202/787/1463 1201/786/1463 1193/779/1463
f 1203/788/1464 1002/789/1464 1202/787/1464 1192/778/1464
f 1204/790/1465 1203/788/1465 1192/778/1465 1187/773/1465
f 1196/781/1466 1204/790/1466 1187/773/1466 1186/772/1466
f 1205/791/1467 1206/792/1467 1207/793/1467 1208/794/1467
f 1208/794/1468 1207/793/1468 1209/795/1468 1210/796/1468
f 1206/792/1469 1211/797/1469 1212/798/1469 1207/793/1469
f 1207/793/1470 1212/798/1470 1213/799/1470 1209/795/1470
f 1195/800/1471 1214/801/1471 1205/791/1471 1196/802/1471
f 1196/802/1472 1205/791/1472 1208/794/1472 1204/803/1472
f 1204/803/1473 1208/794/1473 1210/796/1473 1203/804/1473
f 1203/804/1474 1210/796/1474 1003/569/1474 1002/568/1474
f 1210/796/1475 1209/795/1475 1012/583/1475 1003/569/1475
f 1209/795/1476 1213/799/1476 1010/581/1476 1012/583/1476
f 1213/799/1477 1215/805/1477 1011/582/1477 1010/581/1477
f 1212/798/1478 1216/806/1478 1215/805/1478 1213/799/1478
f 1211/797/1479 1217/807/1479 1216/806/1479 1212/798/1479
f 1218/808/1480 873/809/1480 1217/807/1480 1211/797/1480
f 1219/810/1481 1218/808/1481 1211/797/1481 1206/792/1481
f 1214/801/1482 1219/810/1482 1206/792/1482 1205/791/1482
f 1220/811/1483 1221/812/1483 1222/813/1484 1223/814/1484
f 1223/814/1485 1222/813/1485 1224/815/1485 1225/816/1485
f 1221/812/1486 1226/817/1486 1227/818/1487 1222/813/1487
f 1222/813/1488 1227/818/1488 1228/819/1488 1224/815/1488
f 1229/820/1489 1230/821/1489 1220/811/1490 1231/822/1490
f 1231/822/1490 1220/811/1490 1223/814/1491 1232/823/1491
f 1232/823/1492 1223/814/1492 1225/816/1492 1233/824/1492
f 1233/824/1493 1225/816/1493 425/825/1493 142/826/1493
f 1225/816/1494 1224/815/1494 427/827/1494 425/825/1494
f 1224/815/1495 1228/819/1495 426/828/1495 427/827/1495
f 1228/819/1496 1234/829/1496 381/830/1496 426/828/1496
f 1227/818/1497 1235/831/1497 1234/829/1497 1228/819/1497
f 1226/817/1498 1236/832/1499 1235/831/1500 1227/818/1500
f 1237/833/1501 1238/834/1501 1236/832/1499 1226/817/1498
f 1239/835/1502 1237/833/1502 1226/817/1486 1221/812/1486
f 1230/821/1503 1239/835/1503 1221/812/1483 1220/811/1483
f 1240/836/1504 1241/837/1504 1242/636/1504 1243/638/1504
f 1243/638/1505 1242/636/1505 1244/641/1505 1245/642/1505
f 1241/837/1506 1246/634/1506 1247/635/1506 1242/636/1506
f 1242/636/1507 1247/635/1507 1248/838/1507 1244/641/1507
f 1249/649/1508 1250/647/1508 1240/836/1508 1251/648/1508
f 1251/648/1509 1240/836/1509 1243/638/1509 1252/650/1509
f 1252/650/1510 1243/638/1510 1245/642/1510 1253/651/1510
f 1253/651/1511 1245/642/1511 1254/839/1511 1255/653/1511
f 1245/642/1512 1244/641/1512 1256/654/1512 1254/839/1512
f 1244/641/1513 1248/838/1513 1257/655/1513 1256/654/1513
f 1248/838/1514 1258/656/1514 1259/840/1514 1257/655/1514
f 1247/635/1515 1260/658/1515 1258/656/1515 1248/838/1515
f 1246/634/1516 1261/644/1516 1260/658/1516 1247/635/1516
f 1262/645/1517 1022/643/1517 1261/644/1517 1246/634/1517
f 1263/646/1518 1262/645/1518 1246/634/1518 1241/837/1518
f 1250/647/1519 1263/646/1519 1241/837/1519 1240/836/1519
f 1264/841/1520 1265/842/1520 1266/843/1520 1267/844/1520
f 1267/844/1521 1266/843/1521 1268/845/1521 1269/846/1521
f 1265/842/1522 1270/847/1522 1271/848/1522 1266/843/1522
f 1266/843/1523 1271/848/1523 1272/849/1523 1268/845/1523
f 1273/757/1524 1274/850/1524 1264/841/1524 1275/851/1524
f 1275/851/1525 1264/841/1525 1267/844/1525 1276/771/1525
f 1276/771/1526 1267/844/1526 1269/846/1526 1277/770/1526
f 1277/770/1527 1269/846/1527 978/544/1527 977/543/1527
f 1269/846/1528 1268/845/1528 992/558/1528 978/544/1528
f 1268/845/1529 1272/849/1529 990/556/1529 992/558/1529
f 1272/849/1530 1278/852/1530 991/557/1530 990/556/1530
f 1271/848/1531 1279/853/1531 1278/852/1531 1272/849/1531
f 1270/847/1532 1280/854/1532 1279/853/1532 1271/848/1532
f 1281/855/1533 1282/856/1533 1280/854/1533 1270/847/1533
f 1283/857/1534 1281/855/1534 1270/847/1534 1265/842/1534
f 1274/850/1535 1283/857/1535 1265/842/1535 1264/841/1535
f 1284/858/1536 1285/859/1536 1286/860/1536 1287/861/1536
f 1287/861/1537 1286/860/1537 1288/862/1537 1289/863/1537
f 1285/859/1538 1290/864/1538 1291/865/1538 1286/860/1538
f 1286/860/1539 1291/865/1539 1292/866/1539 1288/862/1539
f 1293/867/1540 1294/868/1540 1284/858/1540 1295/869/1540
f 1295/869/1541 1284/858/1541 1287/861/1541 1296/870/1541
f 1296/870/1542 1287/861/1542 1289/863/1542 1297/871/1542
f 1297/871/1543 1289/863/1543 1298/872/1543 823/389/1543
f 1289/863/1544 1288/862/1544 1299/873/1544 1298/872/1544
f 1288/862/1545 1292/866/1545 1300/874/1545 1299/873/1545
f 1292/866/1546 1301/875/1546 1302/442/1546 1300/874/1546
f 1291/865/1547 1303/876/1547 1301/875/1547 1292/866/1547
f 1290/864/1548 1304/877/1548 1303/876/1548 1291/865/1548
f 1305/878/1549 1306/879/1549 1304/877/1549 1290/864/1549
f 1307/880/1550 1305/878/1550 1290/864/1550 1285/859/1550
f 1294/868/1551 1307/880/1551 1285/859/1551 1284/858/1551
f 1308/881/1552 1309/882/1552 1310/883/1552 1311/884/1552
f 1311/884/1553 1310/883/1553 1312/885/1553 1313/886/1553
f 1309/882/1554 1314/887/1554 1315/888/1554 1310/883/1554
f 1310/883/1555 1315/888/1555 1316/889/1555 1312/885/1555
f 1184/543/1556 1183/770/1556 1308/881/1556 1317/890/1556
f 1317/890/1557 1308/881/1557 1311/884/1557 1318/891/1557
f 1318/891/1558 1311/884/1558 1313/886/1558 1319/892/1558
f 1319/892/1559 1313/886/1559 1320/893/1559 1321/894/1559
f 1313/886/1560 1312/885/1560 1322/895/1560 1320/893/1560
f 1312/885/1561 1316/889/1561 1323/896/1561 1322/895/1561
f 1316/889/1562 1324/855/1562 1325/856/1562 1323/896/1562
f 1315/888/1563 1326/857/1563 1324/855/1563 1316/889/1563
f 1314/887/1564 1327/850/1564 1326/857/1564 1315/888/1564
f 1172/758/1565 1171/757/1565 1327/850/1565 1314/887/1565
f 1185/771/1566 1172/758/1566 1314/887/1566 1309/882/1566
f 1183/770/1567 1185/771/1567 1309/882/1567 1308/881/1567
f 1328/897/1568 1329/898/1568 1330/899/1568 1331/900/1568
f 1331/900/1569 1330/899/1569 1332/901/1569 1333/902/1569
f 1329/898/1570 1334/903/1570 1335/904/1570 1330/899/1570
f 1330/899/1571 1335/904/1571 1336/905/1571 1332/901/1571
f 1337/906/1572 1338/907/1572 1328/897/1572 1339/908/1572
f 1339/908/1573 1328/897/1573 1331/900/1573 1340/909/1573
f 1340/909/1574 1331/900/1574 1333/902/1574 1341/910/1574
f 1341/910/1575 1333/902/1575 1214/701/1575 1195/702/1575
f 1333/902/1576 1332/901/1576 1219/703/1576 1214/701/1576
f 1332/901/1577 1336/905/1577 1218/704/1577 1219/703/1577
f 1336/905/1578 871/705/1578 873/706/1578 1218/704/1578
f 1335/904/1579 870/707/1579 871/705/1579 1336/905/1579
f 1334/903/1580 869/693/1580 870/707/1580 1335/904/1580
f 1342/911/1581 867/692/1581 869/693/1581 1334/903/1581
f 1343/912/1582 1342/911/1582 1334/903/1582 1329/898/1582
f 1338/907/1583 1343/912/1583 1329/898/1583 1328/897/1583
f 1344/913/1584 1345/914/1585 1346/915/1584 1347/916/1585
f 1347/916/1586 1346/915/1586 1348/917/1587 1349/918/1588
f 1345/914/1589 1350/919/1589 1351/920/1589 1346/915/1589
f 1346/915/1590 1351/920/1591 1352/921/1592 1348/917/1593
f 658/922/1594 706/923/1594 1344/913/1594 1353/924/1594
f 1353/924/1595 1344/913/1596 1347/916/1595 1354/925/1596
f 1354/925/1597 1347/916/1597 1349/918/1598 1355/926/1599
f 1355/926/1599 1349/918/1598 929/485/1600 931/487/1601
f 1349/918/1588 1348/917/1587 928/484/1602 929/485/1603
f 1348/917/1593 1352/921/1592 926/482/1604 928/484/1604
f 1352/921/1605 1356/927/1606 927/483/1607 926/482/1607
f 1351/920/1608 1357/928/1608 1356/927/1606 1352/921/1605
f 1350/919/1609 1358/929/1609 1357/928/1609 1351/920/1609
f 708/930/1610 679/931/1611 1358/929/1610 1350/919/1611
f 707/932/1612 708/930/1612 1350/919/1612 1345/914/1612
f 706/923/1613 707/932/1613 1345/914/1613 1344/913/1613
f 1359/933/1614 1360/934/1615 1361/935/1616 1362/936/1616
f 1362/936/1617 1361/935/1618 1363/937/1617 1364/938/1618
f 1360/934/1619 1365/939/1620 1366/940/1621 1361/935/1622
f 1361/935/1623 1366/940/1623 1367/941/1623 1363/937/1623
f 1368/942/1624 1369/943/1624 1359/933/1625 1370/944/1625
f 1370/944/1625 1359/933/1625 1362/936/1626 1371/945/1626
f 1371/945/1627 1362/936/1627 1364/938/1627 1372/946/1627
f 1372/946/1628 1364/938/1629 607/947/1628 609/948/1629
f 1364/938/1630 1363/937/1631 606/949/1630 607/947/1631
f 1363/937/1632 1367/941/1632 605/950/1632 606/949/1632
f 1367/941/1633 1097/679/1633 564/681/1633 605/950/1633
f 1366/940/1634 1096/678/1634 1097/679/1634 1367/941/1634
f 1365/939/1635 1094/677/1636 1096/678/1637 1366/940/1637
f 1373/951/1638 1095/528/1638 1094/677/1636 1365/939/1635
f 1374/952/1639 1373/951/1639 1365/939/1620 1360/934/1619
f 1369/943/1640 1374/952/1641 1360/934/1615 1359/933/1614
f 1375/953/1642 1376/954/1642 1377/955/1642 1378/956/1642
f 1378/956/1643 1377/955/1643 1379/957/1644 1380/958/1645
f 1376/954/1646 1381/959/1647 1382/960/1646 1377/955/1647
f 1377/955/1648 1382/960/1649 1383/961/1650 1379/957/1650
f 620/962/1651 622/963/1651 1375/953/1651 1384/964/1651
f 1384/964/1652 1375/953/1653 1378/956/1652 1385/965/1653
f 1385/965/1654 1378/956/1654 1380/958/1655 1386/966/1656
f 1386/966/1656 1380/958/1655 1387/967/1657 1388/968/1657
f 1380/958/1645 1379/957/1644 1389/969/1658 1387/967/1658
f 1379/957/1650 1383/961/1650 1390/970/1659 1389/969/1659
f 1383/961/1660 1089/672/1661 1091/674/1662 1390/970/1662
f 1382/960/1663 1088/671/1664 1089/672/1661 1383/961/1660
f 1381/959/1665 1087/670/1666 1088/671/1665 1382/960/1666
f 624/971/1667 577/668/1667 1087/670/1667 1381/959/1667
f 623/972/1668 624/971/1668 1381/959/1668 1376/954/1668
f 622/963/1669 623/972/1669 1376/954/1669 1375/953/1669
f 1391/973/1670 1392/974/1670 1393/975/1670 1394/976/1670
f 1394/976/1671 1393/975/1671 1395/977/1671 1396/978/1671
f 1392/974/1672 1397/979/1672 1398/980/1672 1393/975/1672
f 1393/975/1673 1398/980/1673 1399/981/1673 1395/977/1673
f 1388/982/1674 1400/983/1674 1391/973/1674 1401/984/1674
f 1401/984/1675 1391/973/1675 1394/976/1675 1402/985/1675
f 1402/985/1676 1394/976/1676 1396/978/1676 1403/986/1676
f 1403/986/1677 1396/978/1677 1404/987/1677 1405/988/1677
f 1396/978/1678 1395/977/1678 1406/989/1678 1404/987/1678
f 1395/977/1679 1399/981/1679 1407/990/1679 1406/989/1679
f 1399/981/1680 1327/850/1680 1171/757/1680 1407/990/1680
f 1398/980/1681 1326/857/1681 1327/850/1681 1399/981/1681
f 1397/979/1682 1324/855/1682 1326/857/1682 1398/980/1682
f 1408/991/1683 1325/856/1683 1324/855/1683 1397/979/1683
f 1409/992/1684 1408/991/1684 1397/979/1684 1392/974/1684
f 1400/983/1685 1409/992/1686 1392/974/1685 1391/973/1686
f 1410/993/1687 1411/994/1687 1412/995/1687 1413/996/1687
f 1413/996/1688 1412/995/1688 1414/997/1688 1415/998/1688
f 1411/994/1689 1416/999/1689 1417/1000/1689 1412/995/1689
f 1412/995/1690 1417/1000/1690 1418/1001/1690 1414/997/1690
f 1337/906/1691 1419/1002/1691 1410/993/1691 1420/1003/1691
f 1420/1003/1692 1410/993/1692 1413/996/1692 1421/1004/1692
f 1421/1004/1693 1413/996/1693 1415/998/1693 1422/1005/1693
f 1422/1005/1694 1415/998/1694 985/551/1694 987/553/1694
f 1415/998/1695 1414/997/1695 984/550/1695 985/551/1695
f 1414/997/1696 1418/1001/1696 982/548/1696 984/550/1696
f 1418/1001/1697 1423/1006/1697 983/549/1697 982/548/1697
f 1417/1000/1698 1424/1007/1698 1423/1006/1698 1418/1001/1698
f 1416/999/1699 1425/1008/1699 1424/1007/1699 1417/1000/1699
f 1426/1009/1700 1427/1010/1700 1425/1008/1700 1416/999/1700
f 1428/1011/1701 1426/1009/1701 1416/999/1701 1411/994/1701
f 1419/1002/1702 1428/1011/1702 1411/994/1702 1410/993/1702
f 1429/1012/1703 1430/1013/1703 1431/1014/1703 1432/1015/1703
f 1432/1015/1704 1431/1014/1705 1433/1016/1706 1434/1017/1707
f 1430/1013/1708 1435/1018/1708 1436/1019/1708 1431/1014/1708
f 1431/1014/1709 1436/1019/1709 1437/1020/1710 1433/1016/1711
f 654/1021/1712 653/1022/1712 1429/1012/1712 1438/1023/1712
f 1438/1023/1713 1429/1012/1713 1432/1015/1713 1439/1024/1713
f 1439/1024/1714 1432/1015/1714 1434/1017/1715 1440/1025/1716
f 1440/1025/1716 1434/1017/1715 1441/1026/1717 1062/1027/1717
f 1434/1017/1707 1433/1016/1706 1442/1028/1718 1441/1026/1718
f 1433/1016/1711 1437/1020/1710 1443/1029/1719 1442/1028/1719
f 1437/1020/1720 1355/926/1721 931/487/1722 1443/1029/1722
f 1436/1019/1723 1354/925/1723 1355/926/1721 1437/1020/1720
f 1435/1018/1724 1353/924/1725 1354/925/1724 1436/1019/1725
f 656/1030/1726 658/922/1726 1353/924/1726 1435/1018/1726
f 655/1031/1727 656/1030/1728 1435/1018/1727 1430/1013/1727
f 653/1022/1729 655/1031/1730 1430/1013/1729 1429/1012/1730
f 1444/1032/1731 1445/1033/1732 1446/1034/1733 1447/1035/1733
f 1447/1035/1734 1446/1034/1734 1448/1036/1734 1449/1037/1734
f 1445/1033/1735 1450/1038/1735 1451/1039/1736 1446/1034/1737
f 1446/1034/1738 1451/1039/1738 1452/1040/1738 1448/1036/1738
f 1068/1041/1739 1453/1042/1739 1444/1032/1740 1454/1043/1740
f 1454/1043/1740 1444/1032/1740 1447/1035/1741 1455/1044/1742
f 1455/1044/1743 1447/1035/1743 1449/1037/1743 1456/1045/1743
f 1456/1045/1744 1449/1037/1745 807/1046/1744 694/1047/1745
f 1449/1037/1746 1448/1036/1746 806/1048/1746 807/1046/1746
f 1448/1036/1747 1452/1040/1747 805/1049/1747 806/1048/1747
f 1452/1040/1748 1030/601/1748 507/603/1749 805/1049/1748
f 1451/1039/1750 1029/600/1750 1030/601/1750 1452/1040/1750
f 1450/1038/1751 1027/598/1751 1029/600/1752 1451/1039/1752
f 1457/1050/1753 1028/599/1753 1027/598/1751 1450/1038/1751
f 1458/1051/1754 1457/1050/1754 1450/1038/1735 1445/1033/1735
f 1453/1042/1755 1458/1051/1756 1445/1033/1732 1444/1032/1731
f 1459/1052/1757 1460/1053/1757 1461/1054/1757 1462/1055/1757
f 1462/1055/1758 1461/1054/1758 1463/1056/1758 1464/1057/1758
f 1460/1053/1759 1465/1058/1759 1466/1059/1759 1461/1054/1759
f 1461/1054/1760 1466/1059/1760 1467/1060/1760 1463/1056/1760
f 1325/618/1761 1408/1061/1761 1459/1052/1761 1468/620/1761
f 1468/620/1762 1459/1052/1762 1462/1055/1762 1469/621/1762
f 1469/621/1763 1462/1055/1763 1464/1057/1763 1470/622/1763
f 1470/622/1764 1464/1057/1764 1471/1062/1764 1472/624/1764
f 1464/1057/1765 1463/1056/1765 1473/1063/1765 1471/1062/1765
f 1463/1056/1766 1467/1060/1766 1474/1064/1766 1473/1063/1766
f 1467/1060/1767 1390/970/1767 1091/674/1767 1474/1064/1767
f 1466/1059/1768 1389/969/1768 1390/970/1768 1467/1060/1768
f 1465/1058/1769 1387/967/1769 1389/969/1769 1466/1059/1769
f 1400/1065/1770 1388/968/1770 1387/967/1770 1465/1058/1770
f 1409/1066/1771 1400/1065/1771 1465/1058/1771 1460/1053/1771
f 1408/1061/1772 1409/1066/1772 1460/1053/1772 1459/1052/1772
f 1475/1067/1773 1476/1068/1773 1477/1069/1774 1478/1070/1774
f 1478/1070/1775 1477/1069/1775 1479/1071/1775 1480/1072/1775
f 1476/1068/1776 1481/1073/1776 1482/1074/1777 1477/1069/1777
f 1477/1069/1778 1482/1074/1778 1483/1075/1778 1479/1071/1778
f 1484/1076/1779 1485/1077/1779 1475/1067/1780 1486/1078/1780
f 1486/1078/1780 1475/1067/1780 1478/1070/1781 1487/1079/1781
f 1487/1079/1782 1478/1070/1782 1480/1072/1782 1488/1080/1782
f 1488/1080/1783 1480/1072/1783 310/1081/1783 309/1082/1783
f 1480/1072/1784 1479/1071/1784 319/1083/1784 310/1081/1784
f 1479/1071/1785 1483/1075/1785 317/1084/1785 319/1083/1785
f 1483/1075/1786 1489/1085/1786 318/1086/1786 317/1084/1786
f 1482/1074/1787 1490/1087/1787 1489/1085/1787 1483/1075/1787
f 1481/1073/1788 1491/1088/1788 1490/1087/1789 1482/1074/1789
f 1492/1089/1790 1493/1090/1790 1491/1088/1788 1481/1073/1788
f 1494/1091/1791 1492/1089/1791 1481/1073/1776 1476/1068/1776
f 1485/1077/1792 1494/1091/1792 1476/1068/1773 1475/1067/1773
f 1495/978/1793 1496/976/1793 1497/1092/1793 1498/977/1793
f 1498/977/1794 1497/1092/1794 1499/980/1794 1500/981/1794
f 1496/976/1795 1501/973/1795 1502/974/1795 1497/1092/1795
f 1497/1092/1796 1502/974/1796 1503/979/1796 1499/980/1796
f 1095/988/1797 1373/986/1797 1495/978/1797 1504/1093/1797
f 1504/1093/1798 1495/978/1798 1498/977/1798 1505/989/1798
f 1505/989/1799 1498/977/1799 1500/981/1799 1506/990/1799
f 1506/990/1800 1500/981/1800 1274/850/1800 1273/757/1800
f 1500/981/1801 1499/980/1801 1283/857/1801 1274/850/1801
f 1499/980/1802 1503/979/1802 1281/855/1802 1283/857/1802
f 1503/979/1803 1507/991/1803 1282/856/1803 1281/855/1803
f 1502/974/1804 1508/992/1804 1507/991/1804 1503/979/1804
f 1501/973/1805 1509/983/1805 1508/992/1805 1502/974/1805
f 1369/984/1806 1368/982/1806 1509/983/1806 1501/973/1806
f 1374/985/1807 1369/984/1808 1501/973/1807 1496/976/1808
f 1373/986/1809 1374/985/1809 1496/976/1809 1495/978/1809
f 1510/1094/1810 1511/1095/1810 1512/1096/1811 1513/1097/1811
f 1513/1097/1812 1512/1096/1813 1514/1098/1812 1515/1099/1813
f 1511/1095/1814 1516/1100/1815 1517/1101/1816 1512/1096/1816
f 1512/1096/1817 1517/1101/1817 1518/1102/1817 1514/1098/1817
f 1388/968/1818 1401/1103/1818 1510/1094/1819 1386/966/1820
f 1386/966/1820 1510/1094/1819 1513/1097/1821 1385/965/1821
f 1385/965/1822 1513/1097/1822 1515/1099/1822 1384/964/1822
f 1384/964/1823 1515/1099/1823 769/1104/1823 620/962/1823
f 1515/1099/1824 1514/1098/1825 768/1105/1824 769/1104/1825
f 1514/1098/1826 1518/1102/1827 767/1106/1826 768/1105/1827
f 1518/1102/1828 1519/1107/1829 670/1108/1828 767/1106/1829
f 1517/1101/1830 1520/1109/1830 1519/1107/1830 1518/1102/1830
f 1516/1100/1831 1521/1110/1832 1520/1109/1833 1517/1101/1833
f 1403/1111/1834 1405/1076/1834 1521/1110/1832 1516/1100/1831
f 1402/1112/1835 1403/1111/1835 1516/1100/1815 1511/1095/1814
f 1401/1103/1836 1402/1112/1836 1511/1095/1810 1510/1094/1810
f 1522/1113/1837 1523/1114/1837 1524/1115/1837 1525/1116/1837
f 1525/1116/1838 1524/1115/1838 1526/1117/1838 1527/1118/1838
f 1523/1114/1839 1528/1119/1839 1529/1120/1839 1524/1115/1839
f 1524/1115/1840 1529/1120/1840 1530/1121/1840 1526/1117/1840
f 1282/1122/1841 1507/1123/1841 1522/1113/1841 1531/1124/1841
f 1531/1124/1842 1522/1113/1842 1525/1116/1842 1532/1125/1842
f 1532/1125/1843 1525/1116/1843 1527/1118/1843 1533/1126/1843
f 1533/1126/1844 1527/1118/1844 1253/1127/1844 1255/1128/1844
f 1527/1118/1845 1526/1117/1845 1252/1129/1845 1253/1127/1845
f 1526/1117/1846 1530/1121/1846 1251/1130/1846 1252/1129/1846
f 1530/1121/1847 1534/1131/1847 1249/834/1847 1251/1130/1847
f 1529/1120/1848 1535/1132/1848 1534/1131/1848 1530/1121/1848
f 1528/1119/1849 1536/1133/1849 1535/1132/1849 1529/1120/1849
f 1509/1134/1850 1368/942/1850 1536/1133/1850 1528/1119/1850
f 1508/1135/1851 1509/1134/1851 1528/1119/1851 1523/1114/1851
f 1507/1123/1852 1508/1135/1852 1523/1114/1852 1522/1113/1852
f 1537/1136/1853 1538/1137/1853 1539/1138/1853 1540/1139/1853
f 1540/1139/1854 1539/1138/1854 1541/1140/1854 1542/1141/1854
f 1538/1137/1855 1543/1142/1855 1544/1143/1855 1539/1138/1855
f 1539/1138/1856 1544/1143/1856 1545/1144/1856 1541/1140/1856
f 1152/487/1857 1546/1145/1857 1537/1136/1857 1150/486/1857
f 1150/486/1858 1537/1136/1858 1540/1139/1858 1149/488/1858
f 1149/488/1859 1540/1139/1859 1542/1141/1859 1148/474/1859
f 1148/474/1860 1542/1141/1860 1119/475/1860 1121/473/1860
f 1542/1141/1861 1541/1140/1861 1118/476/1861 1119/475/1861
f 1541/1140/1862 1545/1144/1862 1116/477/1862 1118/476/1862
f 1545/1144/1863 1547/1146/1863 1117/479/1863 1116/477/1863
f 1544/1143/1864 1548/1147/1864 1547/1146/1864 1545/1144/1864
f 1543/1142/1865 1549/1148/1865 1548/1147/1865 1544/1143/1865
f 1550/1149/1866 1493/1090/1866 1549/1148/1866 1543/1142/1866
f 1551/1150/1867 1550/1149/1867 1543/1142/1867 1538/1137/1867
f 1546/1145/1868 1551/1150/1868 1538/1137/1868 1537/1136/1868
f 1552/1151/1869 1553/1152/1869 1554/1153/1870 1555/1154/1870
f 1555/1154/1871 1554/1153/1871 1556/1155/1871 1557/1156/1871
f 1553/1152/1872 1558/1157/1872 1559/1158/1873 1554/1153/1873
f 1554/1153/1874 1559/1158/1874 1560/1159/1874 1556/1155/1874
f 1156/1160/1875 1200/1161/1875 1552/1151/1876 1561/1162/1876
f 1561/1162/1876 1552/1151/1876 1555/1154/1877 1562/1163/1877
f 1562/1163/1878 1555/1154/1878 1557/1156/1878 1563/1164/1878
f 1563/1164/1879 1557/1156/1879 335/1165/1879 293/1166/1879
f 1557/1156/1880 1556/1155/1880 334/1167/1880 335/1165/1880
f 1556/1155/1881 1560/1159/1881 332/1168/1881 334/1167/1881
f 1560/1159/1882 1006/572/1882 333/574/1882 332/1168/1882
f 1559/1158/1883 1005/571/1883 1006/572/1883 1560/1159/1883
f 1558/1157/1884 1004/570/1884 1005/571/1885 1559/1158/1885
f 1202/1169/1886 1002/568/1886 1004/570/1884 1558/1157/1884
f 1201/1170/1887 1202/1169/1887 1558/1157/1872 1553/1152/1872
f 1200/1161/1888 1201/1170/1888 1553/1152/1869 1552/1151/1869
f 1564/444/1889 1565/445/1889 1566/446/1889 1567/447/1889
f 1567/447/1890 1566/446/1890 1568/448/1890 1569/449/1890
f 1565/445/1891 1570/450/1891 1571/451/1891 1566/446/1891
f 1566/446/1892 1571/451/1892 1572/452/1892 1568/448/1892
f 1011/453/1893 1215/454/1893 1564/444/1893 1573/455/1893
f 1573/455/1894 1564/444/1894 1567/447/1894 1574/456/1894
f 1574/456/1895 1567/447/1895 1569/449/1895 1575/457/1895
f 1575/457/1896 1569/449/1896 1576/458/1896 1229/459/1896
f 1569/449/1897 1568/448/1897 1577/460/1897 1576/458/1897
f 1568/448/1898 1572/452/1898 1578/461/1898 1577/460/1898
f 1572/452/1899 875/436/1899 877/438/1899 1578/461/1899
f 1571/451/1900 874/435/1900 875/436/1900 1572/452/1900
f 1570/450/1901 872/433/1901 874/435/1901 1571/451/1901
f 1217/462/1902 873/434/1902 872/433/1902 1570/450/1902
f 1216/463/1903 1217/462/1903 1570/450/1903 1565/445/1903
f 1215/454/1904 1216/463/1904 1565/445/1904 1564/444/1904
f 1579/1171/1905 1580/1172/1905 1581/1173/1905 1582/1174/1905
f 1582/1174/1906 1581/1173/1906 1583/1175/1906 1584/1176/1906
f 1580/1172/1907 1585/1177/1907 1586/1178/1907 1581/1173/1907
f 1581/1173/1908 1586/1178/1908 1587/1179/1908 1583/1175/1908
f 1282/856/1909 1531/1180/1909 1579/1171/1909 1280/854/1909
f 1280/854/1910 1579/1171/1910 1582/1174/1910 1279/853/1910
f 1279/853/1911 1582/1174/1911 1584/1176/1911 1278/852/1911
f 1278/852/1912 1584/1176/1912 1588/1181/1912 991/557/1912
f 1584/1176/1913 1583/1175/1913 1589/1182/1913 1588/1181/1913
f 1583/1175/1914 1587/1179/1914 1590/1183/1914 1589/1182/1914
f 1587/1179/1915 1591/1184/1915 1592/1185/1915 1590/1183/1915
f 1586/1178/1916 1593/1186/1916 1591/1184/1916 1587/1179/1916
f 1585/1177/1917 1594/1187/1917 1593/1186/1917 1586/1178/1917
f 1533/1188/1918 1255/1189/1918 1594/1187/1918 1585/1177/1918
f 1532/1190/1919 1533/1188/1919 1585/1177/1919 1580/1172/1919
f 1531/1180/1920 1532/1190/1920 1580/1172/1920 1579/1171/1920
f 1595/424/1921 1596/422/1921 1597/421/1921 1598/423/1921
f 1598/423/1922 1597/421/1922 1599/426/1922 1600/427/1922
f 1596/422/1923 1601/419/1923 1602/420/1923 1597/421/1923
f 1597/421/1924 1602/420/1924 1603/425/1924 1599/426/1924
f 906/434/1925 1604/432/1925 1595/424/1925 904/433/1925
f 904/433/1926 1595/424/1926 1598/423/1926 903/435/1926
f 903/435/1927 1598/423/1927 1600/427/1927 901/436/1927
f 901/436/1928 1600/427/1928 1605/437/1928 902/438/1928
f 1600/427/1929 1599/426/1929 1606/439/1929 1605/437/1929
f 1599/426/1930 1603/425/1930 1607/440/1930 1606/439/1930
f 1603/425/1931 1608/441/1931 1302/442/1931 1607/440/1931
f 1602/420/1932 1609/443/1932 1608/441/1932 1603/425/1932
f 1601/419/1933 1610/429/1933 1609/443/1933 1602/420/1933
f 1611/430/1934 1612/428/1934 1610/429/1934 1601/419/1934
f 1613/431/1935 1611/430/1935 1601/419/1935 1596/422/1935
f 1604/432/1936 1613/431/1936 1596/422/1936 1595/424/1936
f 1614/1191/1937 1615/1192/1937 1616/1193/1937 1617/1194/1937
f 1617/1194/1938 1616/1193/1938 1618/1195/1938 1619/1196/1938
f 1615/1192/1939 1620/1197/1939 1621/1198/1939 1616/1193/1939
f 1616/1193/1940 1621/1198/1940 1622/1199/1940 1618/1195/1940
f 906/1122/1941 905/1200/1941 1614/1191/1941 1623/1124/1941
f 1623/1124/1942 1614/1191/1942 1617/1194/1942 1624/1125/1942
f 1624/1125/1943 1617/1194/1943 1619/1196/1943 1625/1126/1943
f 1625/1126/1944 1619/1196/1944 1626/1127/1944 1627/1128/1944
f 1619/1196/1945 1618/1195/1945 1628/1129/1945 1626/1127/1945
f 1618/1195/1946 1622/1199/1946 1629/1130/1946 1628/1129/1946
f 1622/1199/1947 1630/1201/1947 1238/834/1947 1629/1130/1947
f 1621/1198/1948 1631/1202/1948 1630/1201/1948 1622/1199/1948
f 1620/1197/1949 1632/1203/1949 1631/1202/1949 1621/1198/1949
f 893/1204/1950 892/532/1950 1632/1203/1950 1620/1197/1950
f 907/1205/1951 893/1204/1951 1620/1197/1951 1615/1192/1951
f 905/1200/1952 907/1205/1952 1615/1192/1952 1614/1191/1952
f 1633/1206/1953 1634/1207/1953 1635/1208/1953 1636/1209/1953
f 1636/1209/1954 1635/1208/1954 1637/1210/1954 1638/1211/1954
f 1634/1207/1955 1639/1212/1955 1640/1213/1955 1635/1208/1955
f 1635/1208/1956 1640/1213/1956 1641/1214/1956 1637/1210/1956
f 1642/1215/1957 1643/1216/1957 1633/1206/1957 1644/1217/1957
f 1644/1217/1958 1633/1206/1958 1636/1209/1958 1645/1218/1958
f 1645/1218/1959 1636/1209/1959 1638/1211/1959 1646/1219/1959
f 1646/1219/1960 1638/1211/1960 1647/1220/1960 1107/1221/1960
f 1638/1211/1961 1637/1210/1961 1648/1222/1961 1647/1220/1961
f 1637/1210/1962 1641/1214/1962 1649/1223/1962 1648/1222/1962
f 1641/1214/1963 1425/1008/1963 1427/1010/1963 1649/1223/1963
f 1640/1213/1964 1424/1007/1964 1425/1008/1964 1641/1214/1964
f 1639/1212/1965 1423/1006/1965 1424/1007/1965 1640/1213/1965
f 1650/1224/1966 983/549/1966 1423/1006/1966 1639/1212/1966
f 1651/1225/1967 1650/1224/1967 1639/1212/1967 1634/1207/1967
f 1643/1216/1968 1651/1225/1968 1634/1207/1968 1633/1206/1968
f 1652/708/1969 1653/709/1969 1654/710/1969 1655/711/1969
f 1655/711/1970 1654/710/1970 1656/712/1970 1657/713/1970
f 1653/709/1971 1658/714/1971 1659/715/1971 1654/710/1971
f 1654/710/1972 1659/715/1972 1660/716/1972 1656/712/1972
f 1255/653/1973 1254/839/1973 1652/708/1973 1594/717/1973
f 1594/717/1974 1652/708/1974 1655/711/1974 1593/718/1974
f 1593/718/1975 1655/711/1975 1657/713/1975 1591/719/1975
f 1591/719/1976 1657/713/1976 1661/395/1976 1592/397/1976
f 1657/713/1977 1656/712/1977 1662/1226/1977 1661/395/1977
f 1656/712/1978 1660/716/1978 1663/392/1978 1662/1226/1978
f 1660/716/1979 1664/720/1979 856/393/1979 1663/392/1979
f 1659/715/1980 1665/721/1980 1664/720/1980 1660/716/1980
f 1658/714/1981 1666/722/1981 1665/721/1981 1659/715/1981
f 1257/655/1982 1259/840/1982 1666/722/1982 1658/714/1982
f 1256/654/1983 1257/655/1983 1658/714/1983 1653/709/1983
f 1254/839/1984 1256/654/1984 1653/709/1984 1652/708/1984
f 1667/1227/1985 1668/1228/1985 1669/1229/1985 1670/1230/1985
f 1670/1230/1986 1669/1229/1986 1671/1231/1986 1672/1232/1986
f 1668/1228/1987 1673/1233/1987 1674/1234/1987 1669/1229/1987
f 1669/1229/1988 1674/1234/1988 1675/1235/1988 1671/1231/1988
f 881/442/1989 1676/1236/1989 1667/1227/1989 879/440/1989
f 879/440/1990 1667/1227/1990 1670/1230/1990 878/439/1990
f 878/439/1991 1670/1230/1991 1672/1232/1991 876/437/1991
f 876/437/1992 1672/1232/1992 1677/502/1992 877/438/1992
f 1672/1232/1993 1671/1231/1993 1678/1237/1993 1677/502/1993
f 1671/1231/1994 1675/1235/1994 1679/1238/1994 1678/1237/1994
f 1675/1235/1995 1680/1239/1995 1627/498/1995 1679/1238/1995
f 1674/1234/1996 1681/1240/1996 1680/1239/1996 1675/1235/1996
f 1673/1233/1997 1682/1241/1997 1681/1240/1997 1674/1234/1997
f 1683/1242/1998 1684/879/1998 1682/1241/1998 1673/1233/1998
f 1685/1243/1999 1683/1242/1999 1673/1233/1999 1668/1228/1999
f 1676/1236/2000 1685/1243/2000 1668/1228/2000 1667/1227/2000
f 1686/1244/2001 1687/1245/2001 1688/1246/2001 1689/1247/2001
f 1689/1247/2002 1688/1246/2002 1690/1248/2002 1691/1249/2002
f 1687/1245/2003 1692/1250/2003 1693/1251/2003 1688/1246/2003
f 1688/1246/2004 1693/1251/2004 1694/1252/2004 1690/1248/2004
f 1113/698/2005 1695/1253/2005 1686/1244/2005 1111/696/2005
f 1111/696/2006 1686/1244/2006 1689/1247/2006 1110/695/2006
f 1110/695/2007 1689/1247/2007 1691/1249/2007 1109/694/2007
f 1109/694/2008 1691/1249/2008 1646/1254/2008 1107/692/2008
f 1691/1249/2009 1690/1248/2009 1645/1255/2009 1646/1254/2009
f 1690/1248/2010 1694/1252/2010 1644/1256/2010 1645/1255/2010
f 1694/1252/2011 1696/1257/2011 1642/1258/2011 1644/1256/2011
f 1693/1251/2012 1697/1259/2012 1696/1257/2012 1694/1252/2012
f 1692/1250/2013 1698/1260/2013 1697/1259/2013 1693/1251/2013
f 1699/1261/2014 1700/1262/2014 1698/1260/2014 1692/1250/2014
f 1701/1263/2015 1699/1261/2015 1692/1250/2015 1687/1245/2015
f 1695/1253/2016 1701/1263/2016 1687/1245/2016 1686/1244/2016
f 1702/1264/2017 1703/1265/2017 1704/1266/2017 1705/1267/2017
f 1705/1267/2018 1704/1266/2018 1706/1268/2018 1707/1269/2018
f 1703/1265/2019 1708/1270/2019 1709/1271/2019 1704/1266/2019
f 1704/1266/2020 1709/1271/2020 1710/1272/2020 1706/1268/2020
f 1711/383/2021 1712/1273/2021 1702/1264/2021 1713/384/2021
f 1713/384/2022 1702/1264/2022 1705/1267/2022 1714/398/2022
f 1714/398/2023 1705/1267/2023 1707/1269/2023 1715/396/2023
f 1715/396/2024 1707/1269/2024 1590/1274/2024 1592/397/2024
f 1707/1269/2025 1706/1268/2025 1589/1275/2025 1590/1274/2025
f 1706/1268/2026 1710/1272/2026 1588/1276/2026 1589/1275/2026
f 1710/1272/2027 989/555/2027 991/557/2027 1588/1276/2027
f 1709/1271/2028 988/554/2028 989/555/2028 1710/1272/2028
f 1708/1270/2029 986/552/2029 988/554/2029 1709/1271/2029
f 1716/1277/2030 987/553/2030 986/552/2030 1708/1270/2030
f 1717/1278/2031 1716/1277/2031 1708/1270/2031 1703/1265/2031
f 1712/1273/2032 1717/1278/2032 1703/1265/2032 1702/1264/2032
f 1718/1279/2033 1719/1280/2033 1720/1281/2033 1721/1282/2033
f 1721/1282/2034 1720/1281/2034 1722/1283/2034 1723/1284/2034
f 1719/1280/2035 1724/1285/2035 1725/1286/2035 1720/1281/2035
f 1720/1281/2036 1725/1286/2036 1726/1287/2036 1722/1283/2036
f 1091/1288/2037 1090/1289/2037 1718/1279/2037 1474/1290/2037
f 1474/1290/2038 1718/1279/2038 1721/1282/2038 1473/1291/2038
f 1473/1291/2039 1721/1282/2039 1723/1284/2039 1471/1292/2039
f 1471/1292/2040 1723/1284/2040 1727/1293/2040 1472/763/2040
f 1723/1284/2041 1722/1283/2041 1728/1294/2041 1727/1293/2041
f 1722/1283/2042 1726/1287/2042 1729/1295/2042 1728/1294/2042
f 1726/1287/2043 1506/990/2043 1273/757/2043 1729/1295/2043
f 1725/1286/2044 1505/989/2044 1506/990/2044 1726/1287/2044
f 1724/1285/2045 1504/1093/2045 1505/989/2045 1725/1286/2045
f 1093/1296/2046 1095/988/2046 1504/1093/2046 1724/1285/2046
f 1092/1297/2047 1093/1296/2047 1724/1285/2047 1719/1280/2047
f 1090/1289/2048 1092/1297/2048 1719/1280/2048 1718/1279/2048
f 1730/1298/2049 1731/1299/2049 1732/1300/2049 1733/1301/2049
f 1733/1301/2050 1732/1300/2051 1734/1302/2050 1735/1303/2051
f 1731/1299/2052 1736/1304/2053 1737/1305/2053 1732/1300/2052
f 1732/1300/2054 1737/1305/2055 1738/1306/2056 1734/1302/2054
f 670/1108/2057 1519/1107/2057 1730/1298/2057 671/1307/2057
f 671/1307/2058 1730/1298/2059 1733/1301/2058 680/1308/2059
f 680/1308/2060 1733/1301/2060 1735/1303/2060 678/1309/2060
f 678/1309/2061 1735/1303/2061 1358/929/2061 679/931/2062
f 1735/1303/2063 1734/1302/2063 1357/928/2063 1358/929/2063
f 1734/1302/2064 1738/1306/2065 1356/927/2066 1357/928/2064
f 1738/1306/2065 1739/1310/2067 927/483/2067 1356/927/2066
f 1737/1305/2055 1740/1311/2068 1739/1310/2069 1738/1306/2056
f 1736/1304/2053 1741/1312/2070 1740/1311/2070 1737/1305/2053
f 1521/1110/2071 1405/1076/2072 1741/1312/2072 1736/1304/2073
f 1520/1109/2074 1521/1110/2071 1736/1304/2073 1731/1299/2074
f 1519/1107/2075 1520/1109/2075 1731/1299/2075 1730/1298/2075
f 1742/1313/2076 1743/1314/2076 1744/1315/2077 1745/1316/2077
f 1745/1316/2078 1744/1315/2078 1746/1317/2078 1747/1318/2078
f 1743/1314/2079 1748/1319/2079 1749/1320/2080 1744/1315/2080
f 1744/1315/2081 1749/1320/2081 1750/1321/2081 1746/1317/2081
f 951/628/2082 1047/627/2082 1742/1313/2083 1751/1322/2083
f 1751/1322/2083 1742/1313/2083 1745/1316/2084 1752/1323/2084
f 1752/1323/2085 1745/1316/2085 1747/1318/2085 1753/1324/2085
f 1753/1324/2086 1747/1318/2086 263/1325/2086 216/1326/2086
f 1747/1318/2087 1746/1317/2087 262/1327/2087 263/1325/2087
f 1746/1317/2088 1750/1321/2088 261/1328/2088 262/1327/2088
f 1750/1321/2089 1754/1329/2089 259/1330/2089 261/1328/2089
f 1749/1320/2090 1755/1331/2090 1754/1329/2090 1750/1321/2090
f 1748/1319/2091 1756/1332/2092 1755/1331/2093 1749/1320/2093
f 1049/630/2094 1051/632/2094 1756/1332/2092 1748/1319/2091
f 1048/629/2095 1049/630/2095 1748/1319/2079 1743/1314/2079
f 1047/627/2096 1048/629/2096 1743/1314/2076 1742/1313/2076
f 1757/1333/2097 1758/1334/2098 1759/1335/2097 1760/1336/2098
f 1760/1336/2099 1759/1335/2100 1761/1337/2099 1762/1338/2100
f 1758/1334/2101 1763/1339/2102 1764/1340/2102 1759/1335/2101
f 1759/1335/2103 1764/1340/2104 1765/1341/2104 1761/1337/2103
f 742/1342/2105 1766/1343/2106 1757/1333/2105 740/1344/2106
f 740/1344/2107 1757/1333/2107 1760/1336/2107 739/1345/2107
f 739/1345/2108 1760/1336/2108 1762/1338/2108 738/1346/2108
f 738/1346/2109 1762/1338/2109 1372/946/2109 609/948/2109
f 1762/1338/2110 1761/1337/2110 1371/945/2110 1372/946/2110
f 1761/1337/2111 1765/1341/2112 1370/944/2112 1371/945/2111
f 1765/1341/2112 1536/1133/2113 1368/942/2113 1370/944/2112
f 1764/1340/2104 1535/1132/2114 1536/1133/2114 1765/1341/2104
f 1763/1339/2102 1534/1131/2115 1535/1132/2115 1764/1340/2102
f 1767/1347/2116 1249/834/2117 1534/1131/2117 1763/1339/2116
f 1768/1348/2118 1767/1347/2116 1763/1339/2116 1758/1334/2118
f 1766/1343/2119 1768/1348/2120 1758/1334/2119 1757/1333/2120
f 1769/772/2121 1770/773/2121 1771/774/2121 1772/775/2121
f 1772/775/2122 1771/774/2122 1773/1349/2122 1774/777/2122
f 1770/773/2123 1775/778/2123 1776/779/2123 1771/774/2123
f 1771/774/2124 1776/779/2124 1777/780/2124 1773/1349/2124
f 1117/702/2125 1547/781/2125 1769/772/2125 1778/782/2125
f 1778/782/2126 1769/772/2126 1772/775/2126 1779/783/2126
f 1779/783/2127 1772/775/2127 1774/777/2127 1780/784/2127
f 1780/784/2128 1774/777/2128 1781/744/2128 1782/746/2128
f 1774/777/2129 1773/1349/2129 1783/743/2129 1781/744/2129
f 1773/1349/2130 1777/780/2130 1784/741/2130 1783/743/2130
f 1777/780/2131 1485/785/2131 1484/742/2131 1784/741/2131
f 1776/779/2132 1494/786/2132 1485/785/2132 1777/780/2132
f 1775/778/2133 1492/787/2133 1494/786/2133 1776/779/2133
f 1549/788/2134 1493/789/2134 1492/787/2134 1775/778/2134
f 1548/790/2135 1549/788/2135 1775/778/2135 1770/773/2135
f 1547/781/2136 1548/790/2136 1770/773/2136 1769/772/2136
f 1785/1350/2137 1786/1351/2138 1787/1352/2138 1788/1353/2137
f 1788/1353/2139 1787/1352/2140 1789/1354/2140 1790/1355/2141
f 1786/1351/2142 1791/1356/2142 1792/1357/2142 1787/1352/2142
f 1787/1352/2143 1792/1357/2143 1793/1358/2143 1789/1354/2143
f 1484/1076/2144 1486/1078/2145 1785/1350/2145 1794/1359/2144
f 1794/1359/2146 1785/1350/2137 1788/1353/2137 1795/1360/2146
f 1795/1360/2147 1788/1353/2139 1790/1355/2141 1796/1361/2147
f 1796/1361/2148 1790/1355/2149 1756/1332/2150 1051/632/2148
f 1790/1355/2149 1789/1354/2151 1755/1331/2151 1756/1332/2150
f 1789/1354/2152 1793/1358/2152 1754/1329/2152 1755/1331/2152
f 1793/1358/2153 408/1362/2153 259/1330/2153 1754/1329/2153
f 1792/1357/2154 407/1363/2154 408/1362/2154 1793/1358/2154
f 1791/1356/2155 406/1364/2155 407/1363/2155 1792/1357/2155
f 1488/1080/2156 309/1082/2156 406/1364/2156 1791/1356/2156
f 1487/1079/2157 1488/1080/2157 1791/1356/2157 1786/1351/2157
f 1486/1078/2145 1487/1079/2158 1786/1351/2158 1785/1350/2145
f 1797/1365/2159 1798/1366/2159 1799/1367/2160 1800/1368/2160
f 1800/1368/2161 1799/1367/2161 1801/1369/2161 1802/1370/2161
f 1798/1366/2162 1803/1371/2162 1804/1372/2163 1799/1367/2163
f 1799/1367/2164 1804/1372/2164 1805/1373/2164 1801/1369/2164
f 1011/582/2165 1573/1374/2165 1797/1365/2166 1009/580/2166
f 1009/580/2166 1797/1365/2166 1800/1368/2167 1008/579/2167
f 1008/579/2168 1800/1368/2168 1802/1370/2168 1007/577/2168
f 1007/577/2169 1802/1370/2169 144/1375/2169 146/578/2169
f 1802/1370/2170 1801/1369/2170 143/1376/2170 144/1375/2170
f 1801/1369/2171 1805/1373/2171 141/1377/2171 143/1376/2171
f 1805/1373/2172 1233/824/2172 142/826/2172 141/1377/2172
f 1804/1372/2173 1232/823/2173 1233/824/2173 1805/1373/2173
f 1803/1371/2174 1231/822/2174 1232/823/2175 1804/1372/2175
f 1575/1378/2176 1229/820/2176 1231/822/2174 1803/1371/2174
f 1574/1379/2177 1575/1378/2177 1803/1371/2162 1798/1366/2162
f 1573/1374/2178 1574/1379/2178 1798/1366/2159 1797/1365/2159
f 1806/1380/2179 1807/1381/2179 1808/1382/2179 1809/1383/2179
f 1809/1383/2180 1808/1382/2180 1810/1384/2180 1811/1385/2180
f 1807/1381/2181 1812/1386/2181 1813/1387/2181 1808/1382/2181
f 1808/1382/2182 1813/1387/2182 1814/1388/2182 1810/1384/2182
f 1815/1389/2183 1816/1390/2183 1806/1380/2183 1817/1008/2183
f 1817/1008/2184 1806/1380/2184 1809/1383/2184 1818/1007/2184
f 1818/1007/2185 1809/1383/2185 1811/1385/2185 1819/1006/2185
f 1819/1006/2186 1811/1385/2186 1820/1391/2186 1821/549/2186
f 1811/1385/2187 1810/1384/2187 1822/1392/2187 1820/1391/2187
f 1810/1384/2188 1814/1388/2188 1823/1393/2188 1822/1392/2188
f 1814/1388/2189 1824/1394/2189 1825/1395/2189 1823/1393/2189
f 1813/1387/2190 1826/1396/2190 1824/1394/2190 1814/1388/2190
f 1812/1386/2191 1827/1397/2191 1826/1396/2191 1813/1387/2191
f 1828/1398/2192 1829/1399/2192 1827/1397/2192 1812/1386/2192
f 1830/1400/2193 1828/1398/2193 1812/1386/2193 1807/1381/2193
f 1816/1390/2194 1830/1400/2194 1807/1381/2194 1806/1380/2194
f 1831/374/2195 1832/375/2195 1833/376/2195 1834/377/2195
f 1834/377/2196 1833/376/2196 1835/378/2196 1836/379/2196
f 1832/375/2197 1837/380/2197 1838/381/2197 1833/376/2197
f 1833/376/2198 1838/381/2198 1839/1401/2198 1835/378/2198
f 1711/383/2199 1713/384/2199 1831/374/2199 1840/385/2199
f 1840/385/2200 1831/374/2200 1834/377/2200 1841/386/2200
f 1841/386/2201 1834/377/2201 1836/379/2201 1842/387/2201
f 1842/387/2202 1836/379/2202 843/388/2202 842/389/2202
f 1836/379/2203 1835/378/2203 857/390/2203 843/388/2203
f 1835/378/2204 1839/1401/2204 855/391/2204 857/390/2204
f 1839/1401/2205 1663/392/2205 856/393/2205 855/391/2205
f 1838/381/2206 1662/1226/2206 1663/392/2206 1839/1401/2206
f 1837/380/2207 1661/395/2207 1662/1226/2207 1838/381/2207
f 1715/396/2208 1592/397/2208 1661/395/2208 1837/380/2208
f 1714/398/2209 1715/396/2209 1837/380/2209 1832/375/2209
f 1713/384/2210 1714/398/2210 1832/375/2210 1831/374/2210
f 1843/1402/2211 1844/1403/2211 1845/1404/2211 1846/1405/2211
f 1846/1405/2212 1845/1404/2212 1847/1406/2212 1848/1407/2212
f 1844/1403/2213 1849/1408/2213 1850/1409/2213 1845/1404/2213
f 1845/1404/2214 1850/1409/2214 1851/1410/2214 1847/1406/2214
f 1107/1221/2215 1647/1220/2215 1843/1402/2215 1108/1411/2215
f 1108/1411/2216 1843/1402/2216 1846/1405/2216 1122/1412/2216
f 1122/1412/2217 1846/1405/2217 1848/1407/2217 1120/1413/2217
f 1120/1413/2218 1848/1407/2218 1147/733/2218 1121/732/2218
f 1848/1407/2219 1847/1406/2219 1161/747/2219 1147/733/2219
f 1847/1406/2220 1851/1410/2220 1159/745/2220 1161/747/2220
f 1851/1410/2221 1852/1414/2221 1160/746/2221 1159/745/2221
f 1850/1409/2222 1853/1415/2222 1852/1414/2222 1851/1410/2222
f 1849/1408/2223 1854/1416/2223 1853/1415/2223 1850/1409/2223
f 1649/1223/2224 1427/1010/2224 1854/1416/2224 1849/1408/2224
f 1648/1222/2225 1649/1223/2225 1849/1408/2225 1844/1403/2225
f 1647/1220/2226 1648/1222/2226 1844/1403/2226 1843/1402/2226
f 1855/1417/2227 1856/1418/2227 1857/1419/2227 1858/1420/2227
f 1858/1420/2228 1857/1419/2228 1859/1421/2228 1860/1422/2228
f 1856/1418/2229 1861/1423/2229 1862/1424/2229 1857/1419/2229
f 1857/1419/2230 1862/1424/2230 1863/1425/2230 1859/1421/2230
f 1042/732/2231 1864/1426/2231 1855/1417/2231 1865/1427/2231
f 1865/1427/2232 1855/1417/2232 1858/1420/2232 1866/1428/2232
f 1866/1428/2233 1858/1420/2233 1860/1422/2233 1867/1429/2233
f 1867/1429/2234 1860/1422/2234 1868/1414/2234 1782/746/2234
f 1860/1422/2235 1859/1421/2235 1869/1415/2235 1868/1414/2235
f 1859/1421/2236 1863/1425/2236 1870/1416/2236 1869/1415/2236
f 1863/1425/2237 1816/1390/2237 1815/1389/2237 1870/1416/2237
f 1862/1424/2238 1830/1400/2238 1816/1390/2238 1863/1425/2238
f 1861/1423/2239 1828/1398/2239 1830/1400/2239 1862/1424/2239
f 1871/1430/2240 1829/1399/2240 1828/1398/2240 1861/1423/2240
f 1872/1431/2241 1871/1430/2241 1861/1423/2241 1856/1418/2241
f 1864/1426/2242 1872/1431/2242 1856/1418/2242 1855/1417/2242
f 1873/1432/2243 1874/1433/2243 1875/1434/2243 1876/1435/2243
f 1876/1435/2244 1875/1434/2244 1877/1436/2244 1878/1437/2244
f 1874/1433/2245 1879/1438/2245 1880/1439/2245 1875/1434/2245
f 1875/1434/2246 1880/1439/2246 1881/1440/2246 1877/1436/2246
f 1627/1441/2247 1680/1442/2247 1873/1432/2247 1625/1443/2247
f 1625/1443/2248 1873/1432/2248 1876/1435/2248 1624/1444/2248
f 1624/1444/2249 1876/1435/2249 1878/1437/2249 1623/1445/2249
f 1623/1445/2250 1878/1437/2250 1604/1446/2250 906/434/2250
f 1878/1437/2251 1877/1436/2251 1613/1447/2251 1604/1446/2251
f 1877/1436/2252 1881/1440/2252 1611/1448/2252 1613/1447/2252
f 1881/1440/2253 1882/1449/2253 1612/1450/2253 1611/1448/2253
f 1880/1439/2254 1883/1451/2254 1882/1449/2254 1881/1440/2254
f 1879/1438/2255 1884/1452/2255 1883/1451/2255 1880/1439/2255
f 1682/1453/2256 1684/879/2256 1884/1452/2256 1879/1438/2256
f 1681/1454/2257 1682/1453/2257 1879/1438/2257 1874/1433/2257
f 1680/1442/2258 1681/1454/2258 1874/1433/2258 1873/1432/2258
f 1885/1455/2259 1886/1456/2259 1887/1457/2259 1888/1458/2259
f 1888/1458/2260 1887/1457/2260 1889/1459/2261 1890/1460/2262
f 1886/1456/2263 1891/1461/2264 1892/1462/2263 1887/1457/2264
f 1887/1457/2265 1892/1462/2265 1893/1463/2266 1889/1459/2267
f 742/1342/2268 787/1464/2268 1885/1455/2268 1766/1343/2268
f 1766/1343/2269 1885/1455/2269 1888/1458/2269 1768/1348/2269
f 1768/1348/2270 1888/1458/2270 1890/1460/2271 1767/1347/2272
f 1767/1347/2272 1890/1460/2271 1250/1465/2273 1249/834/2273
f 1890/1460/2262 1889/1459/2261 1263/1466/2274 1250/1465/2275
f 1889/1459/2267 1893/1463/2266 1262/1467/2276 1263/1466/2277
f 1893/1463/2278 1023/594/2279 1022/593/2280 1262/1467/2280
f 1892/1462/2281 1032/608/2281 1023/594/2279 1893/1463/2278
f 1891/1461/2282 1031/606/2282 1032/608/2282 1892/1462/2282
f 786/1468/2283 503/607/2283 1031/606/2283 1891/1461/2284
f 788/1469/2285 786/1468/2286 1891/1461/2285 1886/1456/2286
f 787/1464/2287 788/1469/2287 1886/1456/2287 1885/1455/2287
f 1894/1470/2288 1895/1471/2288 1896/1472/2288 1897/1473/2288
f 1897/1473/2289 1896/1472/2289 1898/1474/2289 1899/1475/2289
f 1895/1471/2290 1900/1476/2290 1901/1477/2290 1896/1472/2290
f 1896/1472/2291 1901/1477/2291 1902/1478/2291 1898/1474/2291
f 1180/767/2292 1903/1479/2292 1894/1470/2292 1904/1480/2292
f 1904/1480/2293 1894/1470/2293 1897/1473/2293 1905/1481/2293
f 1905/1481/2294 1897/1473/2294 1899/1475/2294 1906/1482/2294
f 1906/1482/2295 1899/1475/2295 1907/1483/2295 1908/1484/2295
f 1899/1475/2296 1898/1474/2296 1909/1485/2296 1907/1483/2296
f 1898/1474/2297 1902/1478/2297 1910/1486/2297 1909/1485/2297
f 1902/1478/2298 1911/1487/2298 1293/1488/2298 1910/1486/2298
f 1901/1477/2299 1912/1489/2299 1911/1487/2299 1902/1478/2299
f 1900/1476/2300 1913/1490/2300 1912/1489/2300 1901/1477/2300
f 1914/1491/2301 1825/1395/2301 1913/1490/2301 1900/1476/2301
f 1915/1492/2302 1914/1491/2302 1900/1476/2302 1895/1471/2302
f 1903/1479/2303 1915/1492/2303 1895/1471/2303 1894/1470/2303
f 1916/1493/2304 1917/1494/2304 1918/1495/2305 1919/1496/2305
f 1919/1496/2306 1918/1495/2306 1920/1497/2306 1921/1498/2306
f 1917/1494/2307 1922/1499/2307 1923/1500/2308 1918/1495/2308
f 1918/1495/2309 1923/1500/2309 1924/1501/2309 1920/1497/2309
f 1238/834/2310 1630/1201/2310 1916/1493/2311 1236/832/2311
f 1236/832/2311 1916/1493/2311 1919/1496/2312 1235/831/2312
f 1235/831/2313 1919/1496/2313 1921/1498/2313 1234/829/2313
f 1234/829/2314 1921/1498/2314 379/1502/2314 381/830/2314
f 1921/1498/2315 1920/1497/2315 378/1503/2315 379/1502/2315
f 1920/1497/2316 1924/1501/2316 377/1504/2316 378/1503/2316
f 1924/1501/2317 962/519/2317 248/518/2317 377/1504/2317
f 1923/1500/2318 967/533/2318 962/519/2318 1924/1501/2318
f 1922/1499/2319 966/531/2319 967/533/2320 1923/1500/2320
f 1632/1203/2321 892/532/2321 966/531/2319 1922/1499/2319
f 1631/1202/2322 1632/1203/2322 1922/1499/2307 1917/1494/2307
f 1630/1201/2323 1631/1202/2323 1917/1494/2304 1916/1493/2304
f 1925/1505/2324 1926/1506/2324 1927/1507/2324 1928/1508/2324
f 1928/1508/2325 1927/1507/2325 1929/1509/2325 1930/1510/2325
f 1926/1506/2326 1931/1511/2326 1932/1512/2326 1927/1507/2326
f 1927/1507/2327 1932/1512/2327 1933/1513/2327 1929/1509/2327
f 1306/1514/2328 1305/1515/2328 1925/1505/2328 1934/1516/2328
f 1934/1516/2329 1925/1505/2329 1928/1508/2329 1935/1517/2329
f 1935/1517/2330 1928/1508/2330 1930/1510/2330 1936/1518/2330
f 1936/1518/2331 1930/1510/2331 1827/1397/2331 1829/1399/2331
f 1930/1510/2332 1929/1509/2332 1826/1396/2332 1827/1397/2332
f 1929/1509/2333 1933/1513/2333 1824/1394/2333 1826/1396/2333
f 1933/1513/2334 1913/1490/2334 1825/1395/2334 1824/1394/2334
f 1932/1512/2335 1912/1489/2335 1913/1490/2335 1933/1513/2335
f 1931/1511/2336 1911/1487/2336 1912/1489/2336 1932/1512/2336
f 1294/1519/2337 1293/1488/2337 1911/1487/2337 1931/1511/2337
f 1307/1520/2338 1294/1519/2338 1931/1511/2338 1926/1506/2338
f 1305/1515/2339 1307/1520/2339 1926/1506/2339 1925/1505/2339
f 1937/1521/2340 1938/1522/2340 1939/1523/2340 1940/1524/2340
f 1940/1524/2341 1939/1523/2341 1941/1525/2341 1942/1526/2341
f 1938/1522/2342 1943/1527/2342 1944/1528/2342 1939/1523/2342
f 1939/1523/2343 1944/1528/2343 1945/1529/2343 1941/1525/2343
f 1946/1185/2344 1947/1530/2344 1937/1521/2344 1948/1184/2344
f 1948/1184/2345 1937/1521/2345 1940/1524/2345 1949/1186/2345
f 1949/1186/2346 1940/1524/2346 1942/1526/2346 1950/1187/2346
f 1950/1187/2347 1942/1526/2347 1470/1188/2347 1472/1189/2347
f 1942/1526/2348 1941/1525/2348 1469/1190/2348 1470/1188/2348
f 1941/1525/2349 1945/1529/2349 1468/1180/2349 1469/1190/2349
f 1945/1529/2350 1323/896/2350 1325/856/2350 1468/1180/2350
f 1944/1528/2351 1322/895/2351 1323/896/2351 1945/1529/2351
f 1943/1527/2352 1320/893/2352 1322/895/2352 1944/1528/2352
f 1951/1531/2353 1321/894/2353 1320/893/2353 1943/1527/2353
f 1952/1532/2354 1951/1531/2354 1943/1527/2354 1938/1522/2354
f 1947/1530/2355 1952/1532/2355 1938/1522/2355 1937/1521/2355
f 1953/1533/2356 1954/1534/2356 1955/1535/2356 1956/1536/2356
f 1956/1536/2357 1955/1535/2357 1957/1537/2357 1958/1538/2357
f 1954/1534/2358 1959/1539/2358 1960/1540/2358 1955/1535/2358
f 1955/1535/2359 1960/1540/2359 1961/1541/2359 1957/1537/2359
f 1829/1399/2360 1871/1430/2360 1953/1533/2360 1936/1518/2360
f 1936/1518/2361 1953/1533/2361 1956/1536/2361 1935/1517/2361
f 1935/1517/2362 1956/1536/2362 1958/1538/2362 1934/1516/2362
f 1934/1516/2363 1958/1538/2363 1962/1542/2363 1306/1514/2363
f 1958/1538/2364 1957/1537/2364 1963/1543/2364 1962/1542/2364
f 1957/1537/2365 1961/1541/2365 1964/1544/2365 1963/1543/2365
f 1961/1541/2366 1046/1545/2366 942/1546/2366 1964/1544/2366
f 1960/1540/2367 1045/1547/2367 1046/1545/2367 1961/1541/2367
f 1959/1539/2368 1044/1548/2368 1045/1547/2368 1960/1540/2368
f 1864/1426/2369 1042/732/2369 1044/1548/2369 1959/1539/2369
f 1872/1431/2370 1864/1426/2370 1959/1539/2370 1954/1534/2370
f 1871/1430/2371 1872/1431/2371 1954/1534/2371 1953/1533/2371
f 1965/1549/2372 1966/1550/2372 1967/1551/2372 1968/1552/2372
f 1968/1552/2373 1967/1551/2373 1969/1553/2373 1970/1554/2373
f 1966/1550/2374 1971/1555/2374 1972/1556/2374 1967/1551/2374
f 1967/1551/2375 1972/1556/2375 1973/1557/2375 1969/1553/2375
f 881/442/2376 880/441/2376 1965/1549/2376 1974/1558/2376
f 1974/1558/2377 1965/1549/2377 1968/1552/2377 1975/873/2377
f 1975/873/2378 1968/1552/2378 1970/1554/2378 1976/872/2378
f 1976/872/2379 1970/1554/2379 1842/387/2379 842/389/2379
f 1970/1554/2380 1969/1553/2380 1841/386/2380 1842/387/2380
f 1969/1553/2381 1973/1557/2381 1840/385/2381 1841/386/2381
f 1973/1557/2382 1977/1559/2382 1711/383/2382 1840/385/2382
f 1972/1556/2383 1978/1560/2383 1977/1559/2383 1973/1557/2383
f 1971/1555/2384 1979/1561/2384 1978/1560/2384 1972/1556/2384
f 868/429/2385 867/428/2385 1979/1561/2385 1971/1555/2385
f 882/443/2386 868/429/2386 1971/1555/2386 1966/1550/2386
f 880/441/2387 882/443/2387 1966/1550/2387 1965/1549/2387
f 1980/1562/2388 1981/1563/2388 1982/1564/2388 1983/1565/2388
f 1983/1565/2389 1982/1564/2389 1984/1566/2389 1985/1567/2389
f 1981/1563/2390 1986/1568/2390 1987/1569/2390 1982/1564/2390
f 1982/1564/2391 1987/1569/2391 1988/1570/2391 1984/1566/2391
f 1113/698/2392 1112/697/2392 1980/1562/2392 1989/1571/2392
f 1989/1571/2393 1980/1562/2393 1983/1565/2393 1990/1572/2393
f 1990/1572/2394 1983/1565/2394 1985/1567/2394 1991/1573/2394
f 1991/1573/2395 1985/1567/2395 1870/1416/2395 1815/1389/2395
f 1985/1567/2396 1984/1566/2396 1869/1415/2396 1870/1416/2396
f 1984/1566/2397 1988/1570/2397 1868/1414/2397 1869/1415/2397
f 1988/1570/2398 1780/784/2398 1782/746/2398 1868/1414/2398
f 1987/1569/2399 1779/783/2399 1780/784/2399 1988/1570/2399
f 1986/1568/2400 1778/782/2400 1779/783/2400 1987/1569/2400
f 1115/700/2401 1117/702/2401 1778/782/2401 1986/1568/2401
f 1114/699/2402 1115/700/2402 1986/1568/2402 1981/1563/2402
f 1112/697/2403 1114/699/2403 1981/1563/2403 1980/1562/2403
f 1992/1574/2404 1993/1286/2404 1994/1281/2404 1995/1280/2404
f 1995/1280/2405 1994/1281/2405 1996/1282/2405 1997/1279/2405
f 1993/1286/2406 1998/1575/2406 1999/1576/2406 1994/1281/2406
f 1994/1281/2407 1999/1576/2407 2000/1577/2407 1996/1282/2407
f 1405/988/2408 1404/987/2408 1992/1574/2408 1741/1296/2408
f 1741/1296/2409 1992/1574/2409 1995/1280/2409 1740/1297/2409
f 1740/1297/2410 1995/1280/2410 1997/1279/2410 1739/1289/2410
f 1739/1289/2411 1997/1279/2411 925/1290/2411 927/1288/2411
f 1997/1279/2412 1996/1282/2412 924/1291/2412 925/1290/2412
f 1996/1282/2413 2000/1577/2413 922/1292/2413 924/1291/2413
f 2000/1577/2414 1175/761/2414 923/763/2414 922/1292/2414
f 1999/1576/2415 1174/760/2415 1175/761/2415 2000/1577/2415
f 1998/1575/2416 1173/759/2416 1174/760/2416 1999/1576/2416
f 1407/990/2417 1171/757/2417 1173/759/2417 1998/1575/2417
f 1406/989/2418 1407/990/2418 1998/1575/2418 1993/1286/2418
f 1404/987/2419 1406/989/2419 1993/1286/2419 1992/1574/2419
f 2001/1578/2420 2002/1579/2420 2003/1580/2420 2004/1581/2420
f 2004/1581/2421 2003/1580/2421 2005/1582/2421 2006/1583/2421
f 2002/1579/2422 2007/1584/2422 2008/1585/2422 2003/1580/2422
f 2003/1580/2423 2008/1585/2423 2009/1586/2423 2005/1582/2423
f 1259/840/2424 2010/1587/2424 2001/1578/2424 1666/722/2424
f 1666/722/2425 2001/1578/2425 2004/1581/2425 1665/721/2425
f 1665/721/2426 2004/1581/2426 2006/1583/2426 1664/720/2426
f 1664/720/2427 2006/1583/2427 854/418/2427 856/393/2427
f 2006/1583/2428 2005/1582/2428 853/417/2428 854/418/2428
f 2005/1582/2429 2009/1586/2429 851/415/2429 853/417/2429
f 2009/1586/2430 2011/1588/2430 852/416/2430 851/415/2430
f 2008/1585/2431 2012/1589/2431 2011/1588/2431 2009/1586/2431
f 2007/1584/2432 2013/1590/2432 2012/1589/2432 2008/1585/2432
f 2014/1591/2433 2015/1592/2433 2013/1590/2433 2007/1584/2433
f 2016/1593/2434 2014/1591/2434 2007/1584/2434 2002/1579/2434
f 2010/1587/2435 2016/1593/2435 2002/1579/2435 2001/1578/2435
f 2017/489/2436 2018/490/2436 2019/491/2436 2020/492/2436
f 2020/492/2437 2019/491/2437 2021/493/2437 2022/494/2437
f 2018/490/2438 2023/495/2438 2024/496/2438 2019/491/2438
f 2019/491/2439 2024/496/2439 2025/497/2439 2021/493/2439
f 1627/498/2440 1626/499/2440 2017/489/2440 1679/1238/2440
f 1679/1238/2441 2017/489/2441 2020/492/2441 1678/1237/2441
f 1678/1237/2442 2020/492/2442 2022/494/2442 1677/502/2442
f 1677/502/2443 2022/494/2443 1578/461/2443 877/438/2443
f 2022/494/2444 2021/493/2444 1577/460/2444 1578/461/2444
f 2021/493/2445 2025/497/2445 1576/458/2445 1577/460/2445
f 2025/497/2446 1230/503/2446 1229/459/2446 1576/458/2446
f 2024/496/2447 1239/504/2447 1230/503/2447 2025/497/2447
f 2023/495/2448 1237/505/2448 1239/504/2448 2024/496/2448
f 1629/506/2449 1238/507/2449 1237/505/2449 2023/495/2449
f 1628/508/2450 1629/506/2450 2023/495/2450 2018/490/2450
f 1626/499/2451 1628/508/2451 2018/490/2451 2017/489/2451
f 2026/1594/2452 2027/1595/2452 2028/1596/2452 2029/1597/2452
f 2029/1597/2453 2028/1596/2453 2030/1598/2453 2031/1599/2453
f 2027/1595/2454 2032/1600/2454 2033/1601/2454 2028/1596/2454
f 2028/1596/2455 2033/1601/2455 2034/1602/2455 2030/1598/2455
f 983/549/2456 1650/1224/2456 2026/1594/2456 981/547/2456
f 981/547/2457 2026/1594/2457 2029/1597/2457 980/546/2457
f 980/546/2458 2029/1597/2458 2031/1599/2458 979/545/2458
f 979/545/2459 2031/1599/2459 2035/1603/2459 977/543/2459
f 2031/1599/2460 2030/1598/2460 2036/1604/2460 2035/1603/2460
f 2030/1598/2461 2034/1602/2461 2037/1605/2461 2036/1604/2461
f 2034/1602/2462 2038/1606/2462 1946/1607/2462 2037/1605/2462
f 2033/1601/2463 2039/1608/2463 2038/1606/2463 2034/1602/2463
f 2032/1600/2464 2040/1609/2464 2039/1608/2464 2033/1601/2464
f 1643/1216/2465 1642/1215/2465 2040/1609/2465 2032/1600/2465
f 1651/1225/2466 1643/1216/2466 2032/1600/2466 2027/1595/2466
f 1650/1224/2467 1651/1225/2467 2027/1595/2467 2026/1594/2467
f 2041/1610/2468 2042/1234/2468 2043/1229/2468 2044/1611/2468
f 2044/1611/2469 2043/1229/2469 2045/1230/2469 2046/1227/2469
f 2042/1234/2470 2047/1235/2470 2048/1231/2470 2043/1229/2470
f 2043/1229/2471 2048/1231/2471 2049/1232/2471 2045/1230/2471
f 1306/879/2472 1962/1241/2472 2041/1610/2472 1304/877/2472
f 1304/877/2473 2041/1610/2473 2044/1611/2473 1303/876/2473
f 1303/876/2474 2044/1611/2474 2046/1227/2474 1301/875/2474
f 1301/875/2475 2046/1227/2475 1607/440/2475 1302/442/2475
f 2046/1227/2476 2045/1230/2476 1606/439/2476 1607/440/2476
f 2045/1230/2477 2049/1232/2477 1605/437/2477 1606/439/2477
f 2049/1232/2478 946/502/2478 902/438/2478 1605/437/2478
f 2048/1231/2479 945/501/2479 946/502/2479 2049/1232/2479
f 2047/1235/2480 944/500/2480 945/501/2480 2048/1231/2480
f 1964/1239/2481 942/498/2481 944/500/2481 2047/1235/2481
f 1963/1240/2482 1964/1239/2482 2047/1235/2482 2042/1234/2482
f 1962/1241/2483 1963/1240/2483 2042/1234/2483 2041/1610/2483
f 2050/1612/2484 2051/1613/2484 2052/1614/2484 2053/1615/2484
f 2053/1615/2485 2052/1614/2485 2054/1616/2485 2055/1617/2485
f 2051/1613/2486 2056/1618/2486 2057/1619/2486 2052/1614/2486
f 2052/1614/2487 2057/1619/2487 2058/1620/2487 2054/1616/2487
f 2015/809/2488 2059/1621/2488 2050/1612/2488 2060/808/2488
f 2060/808/2489 2050/1612/2489 2053/1615/2489 2061/810/2489
f 2061/810/2490 2053/1615/2490 2055/1617/2490 2062/801/2490
f 2062/801/2491 2055/1617/2491 1070/1622/2491 1072/800/2491
f 2055/1617/2492 2054/1616/2492 1069/1623/2492 1070/1622/2492
f 2054/1616/2493 2058/1620/2493 1067/1624/2493 1069/1623/2493
f 2058/1620/2494 1453/1042/2494 1068/1041/2494 1067/1624/2494
f 2057/1619/2495 1458/1051/2495 1453/1042/2495 2058/1620/2495
f 2056/1618/2496 1457/1050/2496 1458/1051/2496 2057/1619/2496
f 2063/1625/2497 1028/599/2497 1457/1050/2497 2056/1618/2497
f 2064/1626/2498 2063/1625/2498 2056/1618/2498 2051/1613/2498
f 2059/1621/2499 2064/1626/2499 2051/1613/2499 2050/1612/2499
f 2065/1627/2500 2066/1628/2500 2067/1629/2500 2068/1630/2500
f 2068/1630/2501 2067/1629/2501 2069/1631/2501 2070/1632/2501
f 2066/1628/2502 2071/1633/2503 2072/1634/2503 2067/1629/2502
f 2067/1629/2504 2072/1634/2505 2073/1635/2506 2069/1631/2504
f 318/1086/2507 1489/1085/2507 2065/1627/2507 347/1636/2507
f 347/1636/2508 2065/1627/2508 2068/1630/2508 346/1637/2508
f 346/1637/2509 2068/1630/2509 2070/1632/2509 345/1638/2509
f 345/1638/2510 2070/1632/2510 2074/1639/2510 297/1640/2510
f 2070/1632/2511 2069/1631/2511 2075/1641/2511 2074/1639/2511
f 2069/1631/2512 2073/1635/2513 2076/1642/2513 2075/1641/2512
f 2073/1635/2513 1546/1145/2514 1152/487/2514 2076/1642/2513
f 2072/1634/2505 1551/1150/2515 1546/1145/2515 2073/1635/2506
f 2071/1633/2503 1550/1149/2516 1551/1150/2516 2072/1634/2503
f 1491/1088/2517 1493/1090/2518 1550/1149/2518 2071/1633/2517
f 1490/1087/2519 1491/1088/2517 2071/1633/2517 2066/1628/2519
f 1489/1085/2520 1490/1087/2520 2066/1628/2520 2065/1627/2520
f 2077/1643/2521 2078/1644/2521 2079/1645/2521 2080/1646/2521
f 2080/1646/2522 2079/1645/2522 2081/1647/2522 2082/1648/2522
f 2078/1644/2523 2083/1649/2524 2084/1650/2525 2079/1645/2523
f 2079/1645/2526 2084/1650/2527 2085/1651/2527 2081/1647/2526
f 203/524/2528 963/523/2528 2077/1643/2528 204/1652/2528
f 204/1652/2529 2077/1643/2529 2080/1646/2529 217/1653/2529
f 217/1653/2530 2080/1646/2530 2082/1648/2530 215/1654/2530
f 215/1654/2531 2082/1648/2531 1753/1324/2531 216/1326/2531
f 2082/1648/2532 2081/1647/2532 1752/1323/2532 1753/1324/2532
f 2081/1647/2533 2085/1651/2534 1751/1322/2534 1752/1323/2533
f 2085/1651/2534 949/1655/2535 951/628/2535 1751/1322/2534
f 2084/1650/2527 948/1656/2536 949/1655/2536 2085/1651/2527
f 2083/1649/2524 947/1657/2537 948/1656/2537 2084/1650/2525
f 965/526/2538 898/528/2539 947/1657/2539 2083/1649/2540
f 964/525/2541 965/526/2538 2083/1649/2540 2078/1644/2541
f 963/523/2542 964/525/2542 2078/1644/2542 2077/1643/2542
f 2086/1658/2543 2087/1659/2543 2088/1660/2543 2089/1661/2543
f 2089/1661/2544 2088/1660/2544 2090/1662/2544 2091/1663/2544
f 2087/1659/2545 2092/1664/2545 2093/1665/2545 2088/1660/2545
f 2088/1660/2546 2093/1665/2546 2094/1666/2546 2090/1662/2546
f 842/389/2547 844/408/2547 2086/1658/2547 1976/872/2547
f 1976/872/2548 2086/1658/2548 2089/1661/2548 1975/873/2548
f 1975/873/2549 2089/1661/2549 2091/1663/2549 1974/1558/2549
f 1974/1558/2550 2091/1663/2550 1676/1236/2550 881/442/2550
f 2091/1663/2551 2090/1662/2551 1685/1243/2551 1676/1236/2551
f 2090/1662/2552 2094/1666/2552 1683/1242/2552 1685/1243/2552
f 2094/1666/2553 2095/1667/2553 1684/879/2553 1683/1242/2553
f 2093/1665/2554 2096/1668/2554 2095/1667/2554 2094/1666/2554
f 2092/1664/2555 2097/1669/2555 2096/1668/2555 2093/1665/2555
f 846/410/2556 848/412/2556 2097/1669/2556 2092/1664/2556
f 845/409/2557 846/410/2557 2092/1664/2557 2087/1659/2557
f 844/408/2558 845/409/2558 2087/1659/2558 2086/1658/2558
f 2098/1670/2559 2099/1671/2559 2100/1672/2560 2101/1673/2560
f 2101/1673/2561 2100/1672/2561 2102/1674/2561 2103/1675/2561
f 2099/1671/2562 2104/1676/2562 2105/1677/2563 2100/1672/2563
f 2100/1672/2564 2105/1677/2564 2106/1678/2564 2102/1674/2564
f 1152/487/2565 1151/1679/2565 2098/1670/2566 2076/1642/2566
f 2076/1642/2566 2098/1670/2566 2101/1673/2567 2075/1641/2567
f 2075/1641/2568 2101/1673/2568 2103/1675/2568 2074/1639/2568
f 2074/1639/2569 2103/1675/2569 295/1680/2569 297/1640/2569
f 2103/1675/2570 2102/1674/2570 294/1681/2570 295/1680/2570
f 2102/1674/2571 2106/1678/2571 292/1682/2571 294/1681/2571
f 2106/1678/2572 1563/1164/2572 293/1166/2572 292/1682/2572
f 2105/1677/2573 1562/1163/2573 1563/1164/2573 2106/1678/2573
f 2104/1676/2574 1561/1162/2574 1562/1163/2575 2105/1677/2575
f 1154/1683/2576 1156/1160/2576 1561/1162/2574 2104/1676/2574
f 1153/1684/2577 1154/1683/2577 2104/1676/2562 2099/1671/2562
f 1151/1679/2578 1153/1684/2578 2099/1671/2559 2098/1670/2559
f 2107/1685/2579 2108/1686/2579 2109/1687/2579 2110/1688/2579
f 2110/1688/2580 2109/1687/2580 2111/1689/2580 2112/1690/2580
f 2108/1686/2581 2113/1691/2581 2114/1692/2581 2109/1687/2581
f 2109/1687/2582 2114/1692/2582 2115/1693/2582 2111/1689/2582
f 1700/1262/2583 2116/1694/2583 2107/1685/2583 1698/1260/2583
f 1698/1260/2584 2107/1685/2584 2110/1688/2584 1697/1259/2584
f 1697/1259/2585 2110/1688/2585 2112/1690/2585 1696/1257/2585
f 1696/1257/2586 2112/1690/2586 2040/1695/2586 1642/1258/2586
f 2112/1690/2587 2111/1689/2587 2039/1696/2587 2040/1695/2587
f 2111/1689/2588 2115/1693/2588 2038/1697/2588 2039/1696/2588
f 2115/1693/2589 1947/1530/2589 1946/1185/2589 2038/1697/2589
f 2114/1692/2590 1952/1532/2590 1947/1530/2590 2115/1693/2590
f 2113/1691/2591 1951/1531/2591 1952/1532/2591 2114/1692/2591
f 2117/1698/2592 1321/894/2592 1951/1531/2592 2113/1691/2592
f 2118/1699/2593 2117/1698/2593 2113/1691/2593 2108/1686/2593
f 2116/1694/2594 2118/1699/2594 2108/1686/2594 2107/1685/2594
f 2119/1700/2595 2120/1701/2595 2121/1702/2595 2122/1703/2595
f 2122/1703/2596 2121/1702/2596 2123/1704/2596 2124/1705/2596
f 2120/1701/2597 2125/1706/2597 2126/1707/2597 2121/1702/2597
f 2121/1702/2598 2126/1707/2598 2127/1708/2598 2123/1704/2598
f 987/1709/2599 1716/1710/2599 2119/1700/2599 1422/1711/2599
f 1422/1711/2600 2119/1700/2600 2122/1703/2600 1421/1712/2600
f 1421/1712/2601 2122/1703/2601 2124/1705/2601 1420/1713/2601
f 1420/1713/2602 2124/1705/2602 1338/907/2602 1337/906/2602
f 2124/1705/2603 2123/1704/2603 1343/912/2603 1338/907/2603
f 2123/1704/2604 2127/1708/2604 1342/911/2604 1343/912/2604
f 2127/1708/2605 1979/1714/2605 867/692/2605 1342/911/2605
f 2126/1707/2606 1978/1715/2606 1979/1714/2606 2127/1708/2606
f 2125/1706/2607 1977/1716/2607 1978/1715/2607 2126/1707/2607
f 1712/1717/2608 1711/383/2608 1977/1716/2608 2125/1706/2608
f 1717/1718/2609 1712/1717/2609 2125/1706/2609 2120/1701/2609
f 1716/1710/2610 1717/1718/2610 2120/1701/2610 2119/1700/2610
f 2128/1719/2611 2129/1720/2611 2130/1721/2611 2131/1722/2611
f 2131/1722/2612 2130/1721/2612 2132/1723/2612 2133/1724/2612
f 2129/1720/2613 2134/1725/2613 2135/1726/2613 2130/1721/2613
f 2130/1721/2614 2135/1726/2614 2136/1727/2614 2132/1723/2614
f 1259/840/2615 1258/656/2615 2128/1719/2615 2010/1587/2615
f 2010/1587/2616 2128/1719/2616 2131/1722/2616 2016/1593/2616
f 2016/1593/2617 2131/1722/2617 2133/1724/2617 2014/1591/2617
f 2014/1591/2618 2133/1724/2618 2059/1728/2618 2015/1592/2618
f 2133/1724/2619 2132/1723/2619 2064/1729/2619 2059/1728/2619
f 2132/1723/2620 2136/1727/2620 2063/1730/2620 2064/1729/2620
f 2136/1727/2621 1026/1731/2621 1028/1732/2621 2063/1730/2621
f 2135/1726/2622 1025/1733/2622 1026/1731/2622 2136/1727/2622
f 2134/1725/2623 1024/1734/2623 1025/1733/2623 2135/1726/2623
f 1261/644/2624 1022/643/2624 1024/1734/2624 2134/1725/2624
f 1260/658/2625 1261/644/2625 2134/1725/2625 2129/1720/2625
f 1258/656/2626 1260/658/2626 2129/1720/2626 2128/1719/2626
f 2137/1554/2627 2138/1552/2627 2139/1551/2627 2140/1553/2627
f 2140/1553/2628 2139/1551/2628 2141/1556/2628 2142/1557/2628
f 2138/1552/2629 2143/1549/2629 2144/1550/2629 2139/1551/2629
f 2139/1551/2630 2144/1550/2630 2145/1735/2630 2141/1556/2630
f 823/389/2631 1298/872/2631 2137/1554/2631 821/387/2631
f 821/387/2632 2137/1554/2632 2140/1553/2632 820/386/2632
f 820/386/2633 2140/1553/2633 2142/1557/2633 819/385/2633
f 819/385/2634 2142/1557/2634 2146/1559/2634 817/383/2634
f 2142/1557/2635 2141/1556/2635 2147/1560/2635 2146/1559/2635
f 2141/1556/2636 2145/1735/2636 2148/1561/2636 2147/1560/2636
f 2145/1735/2637 1610/429/2637 1612/428/2637 2148/1561/2637
f 2144/1550/2638 1609/443/2638 1610/429/2638 2145/1735/2638
f 2143/1549/2639 1608/441/2639 1609/443/2639 2144/1550/2639
f 1300/874/2640 1302/442/2640 1608/441/2640 2143/1549/2640
f 1299/873/2641 1300/874/2641 2143/1549/2641 2138/1552/2641
f 1298/872/2642 1299/873/2642 2138/1552/2642 2137/1554/2642
f 2149/1736/2643 2150/1737/2643 2151/1738/2643 2152/1739/2643
f 2152/1739/2644 2151/1738/2644 2153/1740/2644 2154/1741/2644
f 2150/1737/2645 2155/1742/2645 2156/1743/2645 2151/1738/2645
f 2151/1738/2646 2156/1743/2646 2157/1744/2646 2153/1740/2646
f 1472/763/2647 1727/1293/2647 2149/1736/2647 1950/1745/2647
f 1950/1745/2648 2149/1736/2648 2152/1739/2648 1949/1746/2648
f 1949/1746/2649 2152/1739/2649 2154/1741/2649 1948/1747/2649
f 1948/1747/2650 2154/1741/2650 2037/1605/2650 1946/1607/2650
f 2154/1741/2651 2153/1740/2651 2036/1604/2651 2037/1605/2651
f 2153/1740/2652 2157/1744/2652 2035/1603/2652 2036/1604/2652
f 2157/1744/2653 1277/770/2653 977/543/2653 2035/1603/2653
f 2156/1743/2654 1276/771/2654 1277/770/2654 2157/1744/2654
f 2155/1742/2655 1275/851/2655 1276/771/2655 2156/1743/2655
f 1729/1295/2656 1273/757/2656 1275/851/2656 2155/1742/2656
f 1728/1294/2657 1729/1295/2657 2155/1742/2657 2150/1737/2657
f 1727/1293/2658 1728/1294/2658 2150/1737/2658 2149/1736/2658
f 2158/1583/2659 2159/1581/2659 2160/1580/2659 2161/1748/2659
f 2161/1748/2660 2160/1580/2660 2162/1585/2660 2163/1749/2660
f 2159/1581/2661 2164/1578/2661 2165/1579/2661 2160/1580/2661
f 2160/1580/2662 2165/1579/2662 2166/1584/2662 2162/1585/2662
f 827/393/2663 1135/720/2663 2158/1583/2663 2167/1750/2663
f 2167/1750/2664 2158/1583/2664 2161/1748/2664 2168/1751/2664
f 2168/1751/2665 2161/1748/2665 2163/1749/2665 2169/1752/2665
f 2169/1752/2666 2163/1749/2666 2170/1588/2666 1908/416/2666
f 2163/1749/2667 2162/1585/2667 2171/1589/2667 2170/1588/2667
f 2162/1585/2668 2166/1584/2668 2172/1590/2668 2171/1589/2668
f 2166/1584/2669 2173/1753/2669 917/1592/2669 2172/1590/2669
f 2165/1579/2670 2174/1593/2670 2173/1753/2670 2166/1584/2670
f 2164/1578/2671 2175/1587/2671 2174/1593/2671 2165/1579/2671
f 1137/722/2672 1076/657/2672 2175/1587/2672 2164/1578/2672
f 1136/721/2673 1137/722/2673 2164/1578/2673 2159/1581/2673
f 1135/720/2674 1136/721/2674 2159/1581/2674 2158/1583/2674
f 2176/1754/2675 2177/1755/2675 85/1756/2675 2178/1757/2675
f 2178/1757/2676 85/1756/2676 2179/1758/2676 2180/1759/2676
f 2177/1755/2677 2181/1760/2677 2182/1761/2677 85/1756/2677
f 85/1756/2678 2182/1761/2678 2183/1762/2678 2179/1758/2678
f 823/389/2679 822/388/2679 2176/1754/2679 1297/871/2679
f 1297/871/2680 2176/1754/2680 2178/1757/2680 1296/870/2680
f 1296/870/2681 2178/1757/2681 2180/1759/2681 1295/869/2681
f 1295/869/2682 2180/1759/2682 1910/1763/2682 1293/867/2682
f 2180/1759/2683 2179/1758/2683 1909/1764/2683 1910/1763/2683
f 2179/1758/2684 2183/1762/2684 1907/1765/2684 1909/1764/2684
f 2183/1762/2685 2169/1752/2685 1908/416/2685 1907/1765/2685
f 2182/1761/2686 2168/1751/2686 2169/1752/2686 2183/1762/2686
f 2181/1760/2687 2167/1750/2687 2168/1751/2687 2182/1761/2687
f 825/391/2688 827/393/2688 2167/1750/2688 2181/1760/2688
f 824/390/2689 825/391/2689 2181/1760/2689 2177/1755/2689
f 822/388/2690 824/390/2690 2177/1755/2690 2176/1754/2690
f 2184/1766/2691 2185/1767/2691 2186/1768/2691 2187/1769/2691
f 2187/1769/2692 2186/1768/2692 2188/1770/2692 2189/1771/2692
f 2185/1767/2693 2190/1772/2693 2191/1773/2693 2186/1768/2693
f 2186/1768/2694 2191/1773/2694 2192/1774/2694 2188/1770/2694
f 1821/549/2695 2193/1775/2695 2184/1766/2695 1819/1006/2695
f 1819/1006/2696 2184/1766/2696 2187/1769/2696 1818/1007/2696
f 1818/1007/2697 2187/1769/2697 2189/1771/2697 1817/1008/2697
f 1817/1008/2698 2189/1771/2698 1991/1573/2698 1815/1389/2698
f 2189/1771/2699 2188/1770/2699 1990/1572/2699 1991/1573/2699
f 2188/1770/2700 2192/1774/2700 1989/1571/2700 1990/1572/2700
f 2192/1774/2701 1695/1253/2701 1113/698/2701 1989/1571/2701
f 2191/1773/2702 1701/1263/2702 1695/1253/2702 2192/1774/2702
f 2190/1772/2703 1699/1261/2703 1701/1263/2703 2191/1773/2703
f 2194/1776/2704 1700/1262/2704 1699/1261/2704 2190/1772/2704
f 2195/1777/2705 2194/1776/2705 2190/1772/2705 2185/1767/2705
f 2193/1775/2706 2195/1777/2706 2185/1767/2706 2184/1766/2706
f 2196/1778/2707 2197/1779/2707 2198/1780/2707 2199/1781/2707
f 2199/1781/2708 2198/1780/2708 2200/1782/2708 2201/1783/2708
f 2197/1779/2709 2202/1784/2709 2203/1785/2709 2198/1780/2709
f 2198/1780/2710 2203/1785/2710 2204/1786/2710 2200/1782/2710
f 2015/1787/2711 2060/1788/2711 2196/1778/2711 2013/1789/2711
f 2013/1789/2712 2196/1778/2712 2199/1781/2712 2012/1790/2712
f 2012/1790/2713 2199/1781/2713 2201/1783/2713 2011/1791/2713
f 2011/1791/2714 2201/1783/2714 2205/1792/2714 852/1793/2714
f 2201/1783/2715 2200/1782/2715 2206/1794/2715 2205/1792/2715
f 2200/1782/2716 2204/1786/2716 2207/1795/2716 2206/1794/2716
f 2204/1786/2717 1134/1796/2717 831/1797/2717 2207/1795/2717
f 2203/1785/2718 1133/1798/2718 1134/1796/2718 2204/1786/2718
f 2202/1784/2719 1132/1799/2719 1133/1798/2719 2203/1785/2719
f 2062/1800/2720 1072/1801/2720 1132/1799/2720 2202/1784/2720
f 2061/1802/2721 2062/1800/2721 2202/1784/2721 2197/1779/2721
f 2060/1788/2722 2061/1802/2722 2197/1779/2722 2196/1778/2722
f 2208/1803/2723 2209/1804/2723 2210/1805/2723 2211/1806/2723
f 2211/1806/2724 2210/1805/2724 2212/1807/2724 2213/1808/2724
f 2209/1804/2725 2214/1809/2725 2215/1810/2725 2210/1805/2725
f 2210/1805/2726 2215/1810/2726 2216/1811/2726 2212/1807/2726
f 848/412/2727 2217/1812/2727 2208/1803/2727 2097/1669/2727
f 2097/1669/2728 2208/1803/2728 2211/1806/2728 2096/1668/2728
f 2096/1668/2729 2211/1806/2729 2213/1808/2729 2095/1667/2729
f 2095/1667/2730 2213/1808/2730 1884/1452/2730 1684/879/2730
f 2213/1808/2731 2212/1807/2731 1883/1451/2731 1884/1452/2731
f 2212/1807/2732 2216/1811/2732 1882/1449/2732 1883/1451/2732
f 2216/1811/2733 2148/1813/2733 1612/1450/2733 1882/1449/2733
f 2215/1810/2734 2147/1814/2734 2148/1813/2734 2216/1811/2734
f 2214/1809/2735 2146/1815/2735 2147/1814/2735 2215/1810/2735
f 2218/1816/2736 817/1817/2736 2146/1815/2736 2214/1809/2736
f 2219/1818/2737 2218/1816/2737 2214/1809/2737 2209/1804/2737
f 2217/1812/2738 2219/1818/2738 2209/1804/2738 2208/1803/2738
f 2220/1819/2739 2221/1820/2739 2222/1821/2739 2223/1822/2739
f 2223/1822/2740 2222/1821/2740 2224/1823/2740 2225/1824/2740
f 2221/1820/2741 2226/1825/2741 2227/1826/2741 2222/1821/2741
f 2222/1821/2742 2227/1826/2742 2228/1827/2742 2224/1823/2742
f 1337/906/2743 1339/908/2743 2220/1819/2743 1419/1002/2743
f 1419/1002/2744 2220/1819/2744 2223/1822/2744 1428/1011/2744
f 1428/1011/2745 2223/1822/2745 2225/1824/2745 1426/1009/2745
f 1426/1009/2746 2225/1824/2746 1854/1416/2746 1427/1010/2746
f 2225/1824/2747 2224/1823/2747 1853/1415/2747 1854/1416/2747
f 2224/1823/2748 2228/1827/2748 1852/1414/2748 1853/1415/2748
f 2228/1827/2749 1199/784/2749 1160/746/2749 1852/1414/2749
f 2227/1826/2750 1198/783/2750 1199/784/2750 2228/1827/2750
f 2226/1825/2751 1197/782/2751 1198/783/2751 2227/1826/2751
f 1341/910/2752 1195/702/2752 1197/782/2752 2226/1825/2752
f 1340/909/2753 1341/910/2753 2226/1825/2753 2221/1820/2753
f 1339/908/2754 1340/909/2754 2221/1820/2754 2220/1819/2754
f 2229/1828/2755 2230/1829/2755 2231/1830/2755 2232/1831/2755
f 2232/1831/2756 2231/1830/2756 2233/1832/2756 2234/1833/2756
f 2230/1829/2757 2235/1834/2757 2236/1835/2757 2231/1830/2757
f 2231/1830/2758 2236/1835/2758 2237/1836/2758 2233/1832/2758
f 1908/1484/2759 2170/1837/2759 2229/1828/2759 1906/1482/2759
f 1906/1482/2760 2229/1828/2760 2232/1831/2760 1905/1481/2760
f 1905/1481/2761 2232/1831/2761 2234/1833/2761 1904/1480/2761
f 1904/1480/2762 2234/1833/2762 1178/765/2762 1180/767/2762
f 2234/1833/2763 2233/1832/2763 1177/764/2763 1178/765/2763
f 2233/1832/2764 2237/1836/2764 1176/762/2764 1177/764/2764
f 2237/1836/2765 921/1838/2765 923/763/2765 1176/762/2765
f 2236/1835/2766 920/1839/2766 921/1838/2766 2237/1836/2766
f 2235/1834/2767 919/1840/2767 920/1839/2767 2236/1835/2767
f 2172/1841/2768 917/1842/2768 919/1840/2768 2235/1834/2768
f 2171/1843/2769 2172/1841/2769 2235/1834/2769 2230/1829/2769
f 2170/1837/2770 2171/1843/2770 2230/1829/2770 2229/1828/2770
f 2238/1844/2771 2239/1845/2771 2240/1846/2771 2241/1847/2771
f 2241/1847/2772 2240/1846/2772 2242/1848/2772 2243/1849/2772
f 2239/1845/2773 2244/1850/2773 2245/1851/2773 2240/1846/2773
f 2240/1846/2774 2245/1851/2774 2246/1852/2774 2242/1848/2774
f 831/1797/2775 830/1853/2775 2238/1844/2775 2207/1854/2775
f 2207/1854/2776 2238/1844/2776 2241/1847/2776 2206/1855/2776
f 2206/1855/2777 2241/1847/2777 2243/1849/2777 2205/1856/2777
f 2205/1856/2778 2243/1849/2778 850/414/2778 852/416/2778
f 2243/1849/2779 2242/1848/2779 849/413/2779 850/414/2779
f 2242/1848/2780 2246/1852/2780 847/411/2780 849/413/2780
f 2246/1852/2781 2217/1812/2781 848/412/2781 847/411/2781
f 2245/1851/2782 2219/1818/2782 2217/1812/2782 2246/1852/2782
f 2244/1850/2783 2218/1816/2783 2219/1818/2783 2245/1851/2783
f 818/1857/2784 817/1817/2784 2218/1816/2784 2244/1850/2784
f 832/1858/2785 818/1857/2785 2244/1850/2785 2239/1845/2785
f 830/1853/2786 832/1858/2786 2239/1845/2786 2238/1844/2786
f 2247/1859/2787 2248/1860/2788 2249/1861/2788 2250/1862/2789
f 2250/1862/2790 2249/1861/2791 2251/1863/2791 2252/1864/2790
f 2248/1860/2792 2253/1865/2793 2254/1866/2792 2249/1861/2793
f 2249/1861/2794 2254/1866/2794 2255/1867/2794 2251/1863/2794
f 1068/1041/2795 1454/1043/2796 2247/1859/2797 1066/1868/2798
f 1066/1868/2799 2247/1859/2787 2250/1862/2789 1065/1869/2799
f 1065/1869/2800 2250/1862/2790 2252/1864/2790 1064/1870/2801
f 1064/1870/2802 2252/1864/2803 1440/1025/2803 1062/1027/2802
f 2252/1864/2803 2251/1863/2804 1439/1024/2804 1440/1025/2803
f 2251/1863/2805 2255/1867/2805 1438/1023/2805 1439/1024/2805
f 2255/1867/2806 696/1871/2806 654/1021/2806 1438/1023/2806
f 2254/1866/2807 695/1872/2807 696/1871/2807 2255/1867/2807
f 2253/1865/2808 693/1873/2808 695/1872/2808 2254/1866/2808
f 1456/1045/2809 694/1047/2809 693/1873/2809 2253/1865/2809
f 1455/1044/2810 1456/1045/2810 2253/1865/2811 2248/1860/2810
f 1454/1043/2796 1455/1044/2812 2248/1860/2813 2247/1859/2797
f 2256/728/2814 2257/726/2814 2258/725/2814 2259/1874/2814
f 2259/1874/2815 2258/725/2815 2260/730/2815 2261/731/2815
f 2257/726/2816 2262/1875/2816 2263/1876/2816 2258/725/2816
f 2258/725/2817 2263/1876/2817 2264/1877/2817 2260/730/2817
f 1051/738/2818 1050/736/2818 2256/728/2818 1796/737/2818
f 1796/737/2819 2256/728/2819 2259/1874/2819 1795/739/2819
f 1795/739/2820 2259/1874/2820 2261/731/2820 1794/740/2820
f 1794/740/2821 2261/731/2821 1784/741/2821 1484/742/2821
f 2261/731/2822 2260/730/2822 1783/743/2822 1784/741/2822
f 2260/730/2823 2264/1877/2823 1781/744/2823 1783/743/2823
f 2264/1877/2824 1867/1429/2824 1782/746/2824 1781/744/2824
f 2263/1876/2825 1866/1428/2825 1867/1429/2825 2264/1877/2825
f 2262/1875/2826 1865/1427/2826 1866/1428/2826 2263/1876/2826
f 1043/734/2827 1042/732/2827 1865/1427/2827 2262/1875/2827
f 1052/735/2828 1043/734/2828 2262/1875/2828 2257/726/2828
f 1050/736/2829 1052/735/2829 2257/726/2829 2256/728/2829
f 2265/1878/2830 2266/1879/2830 2267/1880/2830 2268/1881/2830
f 2268/1881/2831 2267/1880/2831 2269/1882/2831 2270/1883/2831
f 2266/1879/2832 2271/1884/2832 2272/1885/2832 2267/1880/2832
f 2267/1880/2833 2272/1885/2833 2273/1886/2833 2269/1882/2833
f 1184/543/2834 2274/1887/2834 2265/1878/2834 1182/769/2834
f 1182/769/2835 2265/1878/2835 2268/1881/2835 1181/768/2835
f 1181/768/2836 2268/1881/2836 2270/1883/2836 1179/766/2836
f 1179/766/2837 2270/1883/2837 1903/1479/2837 1180/767/2837
f 2270/1883/2838 2269/1882/2838 1915/1492/2838 1903/1479/2838
f 2269/1882/2839 2273/1886/2839 1914/1491/2839 1915/1492/2839
f 2273/1886/2840 1823/1393/2840 1825/1395/2840 1914/1491/2840
f 2272/1885/2841 1822/1392/2841 1823/1393/2841 2273/1886/2841
f 2271/1884/2842 1820/1391/2842 1822/1392/2842 2272/1885/2842
f 2275/547/2843 1821/549/2843 1820/1391/2843 2271/1884/2843
f 2276/1888/2844 2275/547/2844 2271/1884/2844 2266/1879/2844
f 2274/1887/2845 2276/1888/2845 2266/1879/2845 2265/1878/2845
f 2277/1719/2846 2278/1720/2846 2279/1721/2846 2280/1722/2846
f 2280/1722/2847 2279/1721/2847 2281/1723/2847 2282/1724/2847
f 2278/1720/2848 2283/1725/2848 2284/1726/2848 2279/1721/2848
f 2279/1721/2849 2284/1726/2849 2285/1727/2849 2281/1723/2849
f 1076/657/2850 1075/656/2850 2277/1719/2850 2175/1587/2850
f 2175/1587/2851 2277/1719/2851 2280/1722/2851 2174/1593/2851
f 2174/1593/2852 2280/1722/2852 2282/1724/2852 2173/1753/2852
f 2173/1753/2853 2282/1724/2853 918/1728/2853 917/1592/2853
f 2282/1724/2854 2281/1723/2854 932/1729/2854 918/1728/2854
f 2281/1723/2855 2285/1727/2855 930/1730/2855 932/1729/2855
f 2285/1727/2856 1443/1731/2857 931/1732/2856 930/1730/2857
f 2284/1726/2858 1442/1733/2858 1443/1731/2858 2285/1727/2858
f 2283/1725/2859 1441/1734/2859 1442/1733/2859 2284/1726/2859
f 1063/644/2860 1062/643/2860 1441/1734/2860 2283/1725/2860
f 1077/658/2861 1063/644/2861 2283/1725/2861 2278/1720/2861
f 1075/656/2862 1077/658/2862 2278/1720/2862 2277/1719/2862
f 2286/1889/2863 2287/1890/2863 2288/1891/2863 2289/1892/2863
f 2289/1892/2864 2288/1891/2864 2290/1893/2864 2291/1894/2864
f 2287/1890/2865 2292/1895/2865 2293/1896/2865 2288/1891/2865
f 2288/1891/2866 2293/1896/2866 2294/1897/2866 2290/1893/2866
f 1321/894/2867 2117/1698/2867 2286/1889/2867 1319/892/2867
f 1319/892/2868 2286/1889/2868 2289/1892/2868 1318/891/2868
f 1318/891/2869 2289/1892/2869 2291/1894/2869 1317/890/2869
f 1317/890/2870 2291/1894/2870 2274/1887/2870 1184/543/2870
f 2291/1894/2871 2290/1893/2871 2276/1888/2871 2274/1887/2871
f 2290/1893/2872 2294/1897/2872 2275/547/2872 2276/1888/2872
f 2294/1897/2873 2193/1775/2873 1821/549/2873 2275/547/2873
f 2293/1896/2874 2195/1777/2874 2193/1775/2874 2294/1897/2874
f 2292/1895/2875 2194/1776/2875 2195/1777/2875 2293/1896/2875
f 2116/1694/2876 1700/1262/2876 2194/1776/2876 2292/1895/2876
f 2118/1699/2877 2116/1694/2877 2292/1895/2877 2287/1890/2877
f 2117/1698/2878 2118/1699/2878 2287/1890/2878 2286/1889/2878
